mutant,mif_score,DMS_score
N23Y,-1.5176154375076294,61.89
A66P,-2.6626200675964355,61.95
L86F,0.40848827362060547,62.23
Q111P,-9.37580394744873,60.74
V132M,-7.193691253662109,60.35
S152Y,-7.248571872711182,63.55
V218L,-5.964783668518066,61.86
H229R,-1.7239902019500732,61.27
V410I,-0.6027279496192932,62.11
Q528R,-4.10110330581665,62.2
H534Y,-2.8082189559936523,61.72
C563L,-12.845586776733398,60.02
L687C,-8.468716621398926,59.74
I755Y,-4.039392471313477,60.76
L796C,-8.964362144470215,60.39
V47I,-0.5742683410644531,61.42
A104E,-3.2826485633850098,61.57
E180D,-1.7429938316345215,56.54
G216R,-0.8282437324523926,60.81
N315M,-5.067787170410156,61.71
A395M,-7.895750045776367,62.33
L453F,-4.224371910095215,63.76
A465V,-13.072957038879395,58.05
F481Y,-3.1711983680725098,61.16
V514P,-7.196593284606934,58.57
L618R,-3.0597758293151855,61.7
G629L,-3.7675282955169678,61.41
V671F,-4.780979156494141,61.35
N694Y,-4.982234001159668,61.18
N775K,-2.424846649169922,62.04
S73Y,-9.805501937866211,62.16
V132E,-5.274896144866943,61.7
V132K,-7.114264011383057,59.22
A143S,-2.635733127593994,61.495
T222L,-5.8105926513671875,61.5375
S250M,-5.86988639831543,61.825
M317L,-3.352484703063965,61.2325
V329T,-2.392568349838257,61.6625
G348N,-5.782129287719727,61.875
V374L,-7.811368942260742,60.3775
V374I,-4.131594181060791,61.5
Y390F,-4.2537078857421875,61.83
A395V,-7.862957954406738,61.4375
L453Y,-2.996832847595215,64.585
R456K,-2.5025200843811035,61.795
T490W,-7.281274795532227,59.37
A622M,-5.980245590209961,62.2
M624R,-4.440390110015869,61.485
V650L,-2.6289377212524414,61.38
C660A,-6.893091201782227,62.64667
R663K,-3.1411519050598145,61.3975
N694H,-5.660879611968994,62.6425
Q754K,-3.7965149879455566,62.73
H206S,-0.25678443908691406,61.8
G216L,-2.7028684616088867,61.8825
S523P,-7.315971374511719,63.4525
Q758E,-3.7081494331359863,61.7
E18D,-4.424646854400635,62.24333
T21S,-1.5211591720581055,61.8
E35V,-5.19095516204834,62.035
H319L,-2.7077560424804688,62.9525
Q528M,-3.113792896270752,62.005
T529S,-2.4844131469726562,62.53
T537K,-2.5280351638793945,61.9925
C563G,-10.549491882324219,61.08
V658Y,-7.675258636474609,63.575
T734S,-0.33863019943237305,62.09333
S152Y:N775K,-4.836709260940552,64.0
L453F:V671F,-4.502675533294678,65.0675
L453F:S152Y,-5.736471891403198,65.11
L453F:N775K,-3.3246092796325684,64.5
V671F:S152Y,-6.014775514602661,63.955
V671F:N775K,-3.6029129028320312,63.75
L453F:V671F:S152Y,-5.417974313100179,66.66
L453F:V671F:N775K,-3.8100659052530923,66.085
L453F:V671F:S152Y:N775K,-4.669692397117615,66.9475
L453F:S152Y:N775K,-4.6325968106587725,65.245
L453F:V671F:S152Y:N775K:N694H,-4.867929840087891,68.1275
A395M:S523P,-7.605860710144043,64.185
L453F:V671F:N775K:A395M,-4.831486940383911,66.615
L453F:V671F:N775K:S523P,-4.686542272567749,67.835
L453F:V671F:S152Y:N775K:C660A,-5.1143721580505375,66.62
H534Y:S523P,-5.0620951652526855,63.69
L453F:V671F:S152Y:N775K:S523P,-5.198948192596435,68.06
C660A:N694H,-6.27698540687561,62.88
C660A:Q754K,-5.344803094863892,62.7375
C660A:S523P,-7.104531288146973,63.47
N694H:Q754K,-4.728697299957275,63.0525
N694H:S523P,-6.4884254932403564,63.74
Q754K:S523P,-5.556243181228638,63.83667
L453F:S152Y:N775K:S523P,-5.303440451622009,66.9125
Q754K:S523P:N694H,-5.591121991475423,63.6225
L453F:V671F:S152Y:N775K:S523P:A395M,-5.648415168126424,68.9725
Q754K:S523P:N694H:A395M,-6.167279005050659,64.7725
