mutant,carp_38M_score,DMS_score
V2F,-0.6571812629699707,0.341
V2L,0.9916024208068848,0.249
V2I,-0.3868286609649658,-0.294
V2G,-0.16391682624816895,-0.241
V2D,-0.008113861083984375,0.227
V2A,1.4613968133926392,-0.162
P3S,-0.12895941734313965,-1.258
P3A,0.5636928081512451,-0.799
P3L,-0.03205060958862305,-1.53
P3Q,-1.2834501266479492,-1.189
P3R,-0.2333052158355713,0.147
P3T,-0.029732227325439453,-1.597
A4V,-0.986957311630249,-0.286
A4G,-1.1753969192504883,0.591
A4P,-0.7755882740020752,0.266
A4S,-1.0569038391113281,-0.096
A4T,-0.9540417194366455,-1.922
A4E,-2.0676002502441406,-1.84
A5P,-0.5535104274749756,-0.309
A5S,-1.143503189086914,-0.352
A5T,-1.0644207000732422,-1.416
A5E,-1.2404003143310547,-1.295
A5G,-0.6458611488342285,-0.5589999999999999
A5V,-1.3346199989318848,-0.441
Q6R,0.7434437274932861,0.018
Q6P,0.7570850849151611,0.192
Q6L,0.16609668731689453,0.207
Q6K,-1.822695016860962,-0.8270000000000001
Q6H,-1.2656004428863525,-0.483
Q6E,-0.1642608642578125,-0.205
Q7R,0.9450669288635254,-0.119
Q7P,0.9223825931549072,0.471
Q7L,0.12295126914978027,-0.051
Q7E,0.050252437591552734,0.231
Q7H,-0.6748971939086914,-0.189
Q7K,-1.5269851684570312,-0.866
T8S,-0.13362884521484375,0.23
T8R,-0.012201309204101562,0.7240000000000001
T8P,0.8357999324798584,0.159
T8M,-2.6868457794189453,-0.291
T8K,-2.311495304107666,-0.417
T8A,1.1715644598007202,-0.012
A9S,-1.6422901153564453,-0.237
A9T,-1.0049622058868408,-0.901
A9V,-1.5486392974853516,-0.375
A9D,-1.7489991188049316,-0.306
A9P,-0.7171812057495117,0.018
A9G,-0.7324306964874268,0.526
M10R,2.7932419776916504,0.056
M10L,2.6896958351135254,-0.21
M10K,0.9336729049682617,-0.288
M10I,1.5560197830200195,-0.287
M10A,5.005648612976074,0.238
M10T,3.880603313446045,-0.5489999999999999
M10V,2.9852113723754883,-0.264
A11V,-1.7800352573394775,-0.249
A11E,-1.9354259967803955,-0.355
A11G,-1.5641489028930664,-0.229
A11P,-0.5538122653961182,-0.069
A11S,-0.994530439376831,-0.556
A11T,-0.40215003490448,-0.4320000000000001
P12Q,-1.006148338317871,-0.994
P12R,0.015677928924560547,-0.95
P12S,-0.43967437744140625,-0.6459999999999999
P12L,-1.2607312202453613,-0.5539999999999999
P12A,0.8290144205093384,0.222
P12T,-0.41893815994262695,-0.229
D13A,0.7039580345153809,0.244
D13E,-0.6691446304321289,-0.49
D13H,-1.90399169921875,-0.376
D13Y,-3.069404125213623,-0.569
D13V,-1.2453134059906006,-0.517
D13N,-2.7614269256591797,-0.513
D13G,-0.09006261825561523,-0.638
A14V,-2.5603747367858887,-0.291
A14T,-0.593596339225769,-0.5589999999999999
A14S,-0.9874345064163208,-0.441
A14P,-0.1277400255203247,0.04
A14G,-0.7059541940689087,-0.15
A14E,-1.8119550943374634,-0.388
A15S,-1.2934231758117676,-0.593
A15E,-2.11734938621521,-0.482
A15V,-2.6817235946655273,-0.867
A15T,-1.1753513813018799,-1.093
A15G,-0.8944525718688965,-0.795
A15P,0.06181907653808594,-0.227
L16V,-0.36589956283569336,0.225
L16Q,-1.532867193222046,-0.498
L16R,0.10396766662597656,-0.301
L16M,-1.772688388824463,-0.408
L16P,-0.28579092025756836,-0.379
T17S,-0.16300153732299805,-0.19
T17P,0.950293779373169,0.382
T17R,0.6335277557373047,0.31
T17M,-4.417939186096191,-0.521
T17K,-2.231478214263916,-0.18
T17A,1.2016477584838867,-0.09
F18V,-2.9518003463745117,-2.103
F18C,-5.448577404022217,-2.681
F18I,-4.622636795043945,-2.531
F18Y,-3.3525710105895996,-0.638
F18S,-5.930887222290039,-3.0780000000000003
F18L,-1.380871295928955,-1.204
P19A,-4.159529685974121,-0.957
P19L,-6.970537185668945,-2.02
P19Q,-6.6057891845703125,-0.789
P19R,-5.048061370849609,-1.095
P19T,-5.663423538208008,-0.484
P19S,-5.086737155914307,-0.935
E20G,-1.5741478204727173,-0.3229999999999999
E20D,-0.3660247325897217,0.014
E20A,-0.6963139772415161,0.303
E20Q,-1.5781244039535522,0.361
E20V,-4.395266532897949,-0.296
E20K,-2.45217227935791,-0.321
G21V,-7.742447376251221,-0.555
G21S,-2.816999912261963,-0.534
G21R,-2.6847951412200928,-0.465
G21D,-0.5804086327552795,-0.363
G21C,-8.447578430175781,-0.66
G21A,-3.6661624908447266,0.1689999999999999
F22V,-5.84995174407959,-2.519
F22Y,-5.722617149353027,-1.903
F22S,-9.004558563232422,-3.035
F22C,-8.920936584472656,-1.976
F22I,-5.384746551513672,-2.94
F22L,-4.327874183654785,-2.355
L23V,-0.586970329284668,-0.611
L23R,-1.6330318450927734,-0.494
L23Q,-3.3632335662841797,-0.415
L23P,-4.15084981918335,-2.846
L23M,-3.0529417991638184,-0.197
W24S,-9.252944946289062,-0.7440000000000001
W24L,-5.043979644775391,-0.444
W24G,-8.639799118041992,-2.24
W24C,-8.532181739807129,-1.746
W24R,-7.277578830718994,-3.079
G25A,-3.2965378761291504,-0.861
G25D,-8.698471069335938,-2.8760000000000003
G25R,-8.520598411560059,-1.405
G25S,-4.802067279815674,-2.804
G25C,-7.530733108520508,-1.621
G25V,-7.737920761108398,-1.546
S26P,-2.286123275756836,-2.133
S26A,1.9750220775604248,-0.131
S26W,-6.306423187255859,0.139
S26L,-2.0160036087036133,-0.271
S26T,0.5781044960021973,0.297
A27S,-1.5340619087219238,-0.177
A27P,-5.759091854095459,-2.555
A27G,-2.362670421600342,0.178
A27E,-8.783300399780273,-1.885
A27V,-6.3844122886657715,-0.858
A27T,-5.122540473937988,-0.079
T28K,-11.320060729980469,-2.632
T28S,-1.425814151763916,-2.484
T28R,-9.734695434570312,-1.955
T28P,-5.632118225097656,-0.557
T28M,-7.171500205993652,-1.075
T28A,-3.1462783813476562,-2.032
A29T,-3.646699905395508,-2.062
A29S,0.5120258331298828,-0.202
A29P,-6.954357147216797,-2.079
A29V,-4.167594909667969,-2.363
A29E,-7.34117317199707,-1.294
A29G,-3.028341293334961,-0.747
S30C,-3.8863940238952637,-0.227
S30G,-0.15815401077270508,-0.507
S30I,-6.278975963592529,-2.048
S30N,-5.4703850746154785,-2.466
S30R,-6.429688930511475,-1.524
S30T,-3.403834819793701,-0.894
Y31S,-6.146734714508057,-0.291
Y31N,-5.789054870605469,-3.023
Y31H,-3.8542675971984863,-2.145
Y31F,-2.9511356353759766,-0.418
Y31D,-6.710647106170654,-1.431
Y31C,-5.848432540893555,-2.49
Q32P,-9.207379341125488,-1.181
Q32R,-7.259389877319336,-2.6060000000000003
Q32K,-9.812217712402344,-0.951
Q32H,-7.3937907218933105,-1.297
Q32E,-7.127466201782227,-0.029
Q32L,-7.330812454223633,-2.688
I33M,-4.328804016113281,-1.148
I33L,-2.001312732696533,0.269
I33V,-0.7419137954711914,-0.313
I33T,-4.340948104858398,-1.156
I33F,-4.37666130065918,-2.337
I33S,-6.546543598175049,-1.732
I33N,-6.533804893493652,-2.404
E34A,-7.588390350341797,-0.797
E34K,-9.770912170410156,-2.552
E34Q,-7.576636791229248,-1.53
E34V,-9.784588813781738,-2.5660000000000003
E34D,-6.845524787902832,-1.673
E34G,-7.909269332885742,-2.661
G35R,-8.483343124389648,-2.292
G35C,-9.01016902923584,-1.611
G35D,-7.758323669433594,-2.384
G35S,-7.4473557472229,-2.5660000000000003
G35V,-9.975639343261719,-1.311
G35A,-6.03094482421875,-1.6030000000000002
A36T,-4.9255242347717285,-2.04
A36E,-5.178888320922852,-1.474
A36G,-1.901003360748291,-0.296
A36P,-5.478704929351807,-1.479
A36S,-3.890336751937866,-0.5489999999999999
A36V,-4.945128440856934,-1.614
A37E,-3.41184139251709,-0.943
A37G,-2.077425956726074,0.071
A37P,-2.477618932723999,-0.7290000000000001
A37S,-1.6913461685180664,-0.6629999999999999
A37T,-2.4643633365631104,-0.448
A37V,-3.095688819885254,-0.24
A38T,-1.0574865341186523,-0.175
A38V,-1.140073537826538,-0.289
A38E,-1.6147775650024414,-0.1369999999999999
A38G,-0.9324090480804443,0.34
A38P,-2.6350369453430176,-1.087
A38S,-0.9545159339904785,-0.043
E39D,-2.384695529937744,-0.3229999999999999
E39Q,-1.7495348453521729,-0.539
E39A,-1.8424432277679443,0.247
E39G,-3.5770652294158936,-0.489
E39V,-3.0789873600006104,-0.237
E39K,-4.809178352355957,-0.277
D40A,-3.466332197189331,0.449
D40Y,-6.802913188934326,-0.155
D40V,-6.350174903869629,-1.243
D40N,-2.641369104385376,-0.069
D40H,-4.374224662780762,-0.264
D40G,-2.4489316940307617,-0.3229999999999999
D40E,-2.779623031616211,-0.289
G41V,-7.424818992614746,-1.3
G41S,-5.325869560241699,-0.436
G41R,-4.308271408081055,-0.391
G41D,-4.297426700592041,-0.405
G41C,-7.406905651092529,-0.377
G41A,-4.926743507385254,-0.621
R42H,-4.074651718139648,-2.336
R42G,-4.30864143371582,-1.132
R42L,-3.5534489154815674,-1.749
R42P,-4.284976005554199,-2.5380000000000003
R42S,-4.477372169494629,-1.018
R42C,-6.5672607421875,-2.174
T43S,0.4992985725402832,-0.198
T43K,-2.1071786880493164,-0.252
T43M,-2.796316623687744,-0.163
T43P,-1.7064094543457031,-0.8909999999999999
T43A,0.3835735321044922,-0.058
T43R,-0.6443920135498047,-0.322
P44R,-0.6943228244781494,-0.44
P44Q,-2.9972739219665527,-0.455
P44T,-2.3665242195129395,-0.226
P44L,-2.704155445098877,-0.331
P44A,-0.8416993618011475,0.055
P44S,-2.5441668033599854,-0.413
S45C,-7.511529922485352,0.076
S45Y,-8.350025177001953,-1.273
S45T,-3.8740017414093018,-0.71
S45P,-7.286348342895508,-2.465
S45F,-8.235851287841797,-2.189
S45A,-4.478273868560791,-0.361
I46F,-4.923547744750977,-1.192
I46L,-2.195929765701294,-1.298
I46M,-4.176116943359375,-0.983
I46N,-7.674994468688965,-2.096
I46T,-4.497631072998047,-0.8370000000000001
I46V,-0.21457386016845703,-0.484
I46S,-6.3071489334106445,-1.3090000000000002
W47S,-8.73908519744873,-0.8370000000000001
W47L,-8.225275039672852,-0.84
W47G,-8.843351364135742,-2.483
W47R,-7.520407676696777,-2.582
W47C,-10.181367874145508,-1.506
D48G,-7.0265045166015625,-2.659
D48H,-7.26691198348999,-1.601
D48V,-9.460851669311523,-2.622
D48A,-6.601705551147461,-1.706
D48Y,-9.676158905029297,-0.8079999999999999
D48N,-5.289093971252441,-2.122
D48E,-3.7277581691741943,-1.569
T49I,-3.485663414001465,-0.124
T49A,-1.6240038871765137,-0.26
T49S,-2.7229995727539062,-0.335
T49P,-4.698921203613281,-1.503
T49N,-4.8846235275268555,0.142
Y50C,-5.122807502746582,-1.331
Y50D,-4.350930213928223,-1.68
Y50F,2.4289705753326416,0.106
Y50H,-2.7799723148345947,-0.489
Y50N,-5.982769012451172,-1.757
Y50S,-4.000843048095703,-0.479
A51P,-3.5355570316314697,-1.741
A51V,-1.43113112449646,-0.34
A51T,0.9313264489173889,-0.278
A51S,0.2082347869873047,-0.159
A51G,-2.304657220840454,-1.095
A51E,-3.7296817302703857,-2.148
R52P,-3.2574567794799805,-2.675
R52S,-2.2648258209228516,-0.355
R52H,2.2226626873016357,-0.278
R52G,-2.1827282905578613,-0.34
R52C,-4.3287577629089355,-0.39
R52L,-1.9965991973876953,-0.614
T53A,-1.5703468322753906,-0.35
T53K,-3.749143600463867,-0.288
T53M,-3.543128490447998,-0.208
T53P,-3.414773941040039,-0.653
T53R,-1.6981492042541504,0.046
T53S,-2.51570987701416,-0.257
P54A,-1.7442708015441895,-0.281
P54L,-4.63140344619751,-0.457
P54Q,-4.204741477966309,-0.589
P54R,-3.4501748085021973,0.023
P54T,-3.9531075954437256,-0.731
P54S,-3.40915584564209,-0.214
G55V,-5.990728378295898,-1.077
G55C,-7.801126956939697,-0.508
G55D,-3.3137106895446777,-0.45
G55A,-3.5320494174957275,-0.521
G55R,-4.864893913269043,-0.404
G55S,-4.690101146697998,-0.371
R56P,-1.704918384552002,-0.614
R56H,-1.8800618648529053,0.022
R56C,-5.1787309646606445,-0.21
R56S,-1.859739065170288,-0.45
R56G,-1.6957411766052246,-1.035
R56L,-1.6853606700897217,-0.068
V57M,-3.5401179790496826,-2.337
V57L,-2.102937698364258,-1.712
V57G,-5.312620162963867,-1.812
V57E,-4.808592796325684,-2.552
V57A,-3.19470477104187,-1.807
R58L,-0.09613466262817383,-0.042
R58C,-3.9539313316345215,-0.183
R58G,-0.8008120059967041,-1.781
R58P,-0.5637164115905762,-1.886
R58S,-1.46583890914917,-0.713
R58H,-1.7514028549194336,-0.32
N59D,2.1823501586914062,-2.326
N59H,-0.04523324966430664,-0.0819999999999999
N59I,-2.850020408630371,-2.415
N59K,-2.5308189392089844,-2.198
N59S,0.1679086685180664,-1.953
N59T,-1.1820192337036133,-0.406
N59Y,-1.8648781776428223,-1.362
G60S,-3.038393497467041,-0.376
G60V,-4.576709747314453,-0.5589999999999999
G60A,-2.034048557281494,0.039
G60C,-6.2318572998046875,-0.6409999999999999
G60D,-2.995889663696289,-0.552
G60R,-2.4217119216918945,-0.18
D61Y,-4.797410011291504,-1.013
D61V,-2.828953742980957,-2.852
D61N,-2.680093288421631,-0.525
D61H,-2.808048725128174,-1.091
D61E,-0.8130184412002563,-0.61
D61A,-1.215683102607727,-0.8059999999999999
D61G,-2.3536057472229004,-2.822
T62S,-2.034003257751465,-0.54
T62I,-5.218823432922363,-0.7809999999999999
T62A,-3.4777989387512207,-1.071
T62P,-4.669137954711914,-0.815
T62N,-0.9638817310333252,-0.556
G63V,-5.723779201507568,-1.7919999999999998
G63S,-5.010741710662842,-1.741
G63R,-6.065925598144531,-1.715
G63D,-5.9639363288879395,-2.571
G63C,-6.766307830810547,-1.579
G63A,-3.3370535373687744,-0.47
D64A,-4.7766571044921875,0.148
D64V,-6.301019191741943,-0.7040000000000001
D64Y,-6.802823066711426,-0.741
D64G,-4.978866100311279,-0.471
D64E,-4.281778812408447,-0.202
D64H,-5.224524974822998,-0.606
D64N,-4.099945068359375,-0.487
V65I,-1.1267845630645752,-0.143
V65A,-1.951277494430542,-0.703
V65D,-4.516325950622559,-1.5490000000000002
V65F,-4.508373260498047,-0.276
V65G,-4.322480201721191,-0.622
V65L,-2.307262897491455,-0.377
A66V,-5.781933784484863,-2.451
A66T,-4.420895099639893,-0.176
A66S,-4.11813497543335,0.071
A66P,-6.025911808013916,-1.01
A66G,-3.6720151901245117,-0.3670000000000001
A66D,-7.160530090332031,-1.965
T67R,-1.7604336738586426,-2.325
T67A,1.4332780838012695,-0.877
T67K,-4.567852973937988,-1.83
T67M,-3.0528697967529297,-2.366
T67P,-1.8658356666564941,-1.137
T67S,0.032389163970947266,-0.7929999999999999
D68A,-6.263210296630859,0.0069999999999999
D68E,-5.1232757568359375,-0.99
D68H,-6.640873432159424,-0.519
D68N,-4.989348888397217,-0.51
D68V,-7.7062225341796875,-2.221
D68Y,-8.632680892944336,-1.422
D68G,-6.279193878173828,-0.6970000000000001
H69Y,-4.838264465332031,-0.939
H69L,-6.196976184844971,-2.772
H69R,-4.422341346740723,-3.1180000000000003
H69Q,-3.1574480533599854,-1.858
H69P,-4.547969341278076,-1.484
H69N,-4.672077655792236,-0.917
H69D,-5.266971111297607,-0.6559999999999999
Y70H,-5.281270980834961,-2.648
Y70F,-4.176443099975586,-0.366
Y70D,-8.256324768066406,-1.781
Y70C,-7.842512607574463,-2.249
Y70S,-7.791650772094727,-0.64
Y70N,-8.310995101928711,-2.922
H71Y,-5.295158863067627,-0.6859999999999999
H71Q,-3.46880841255188,-1.074
H71P,-5.630521774291992,-0.743
H71L,-4.956326007843018,-1.771
H71D,-4.289795875549316,-1.5019999999999998
H71N,-2.9722442626953125,-0.487
H71R,-2.8065993785858154,-0.7140000000000001
R72C,-7.306839942932129,-0.5760000000000001
R72S,-6.108998775482178,-0.821
R72P,-7.849587440490723,-2.085
R72L,-3.5333242416381836,-0.383
R72H,-4.332279682159424,-0.247
R72G,-5.95646333694458,-0.19
W73S,-3.649447441101074,-0.466
W73R,-4.17719841003418,-1.2009999999999998
W73L,-2.0141515731811523,-0.514
W73G,-5.226632118225098,-1.778
W73C,-3.6611108779907227,-0.7290000000000001
R74S,-3.3914237022399902,-0.045
R74P,-0.6521773338317871,-0.562
R74L,-4.204460620880127,-0.369
R74H,-3.419987201690674,-0.314
R74G,-3.6090831756591797,-0.252
R74C,-6.4132304191589355,-0.44
E75V,-7.81057596206665,-0.6679999999999999
E75Q,-3.7947378158569336,-0.317
E75K,-6.05607271194458,-0.555
E75G,-5.586073398590088,-0.672
E75D,-2.6227123737335205,-0.119
E75A,-3.7825560569763184,0.002
D76Y,-12.768622398376465,-1.041
D76H,-8.89188003540039,-1.339
D76N,-9.04389762878418,-2.513
D76G,-9.631473541259766,-2.982
D76E,-6.416377544403076,-1.6569999999999998
D76V,-11.71680736541748,-2.944
D76A,-9.91044807434082,-1.065
V77A,-3.026369094848633,-0.599
V77E,-7.416935920715332,-2.533
V77G,-7.399353504180908,-1.122
V77L,-1.7027322053909302,-0.5529999999999999
V77M,-4.360019207000732,-0.919
A78S,-2.6175827980041504,-0.3720000000000001
A78V,-3.729458808898926,-0.404
A78E,-1.1202733516693115,-0.424
A78T,-2.596831798553467,-0.417
A78G,-1.764540672302246,-0.753
A78P,-1.7368531227111816,-1.101
L79V,-2.8146469593048096,0.005
L79M,-3.491384267807007,-0.269
L79P,-8.941123962402344,-2.799
L79Q,-5.877674579620361,-0.593
L79R,-4.303420066833496,-0.742
M80T,-5.04978609085083,-0.7909999999999999
M80R,-6.118592739105225,-2.336
M80L,-1.3935441970825195,-0.404
M80K,-8.685227394104004,-2.763
M80I,-3.3401379585266113,-0.43
M80V,-3.0788278579711914,-0.534
A81E,-2.9631166458129883,-0.56
A81G,-2.0932610034942627,-0.263
A81P,-5.058170795440674,-0.7090000000000001
A81S,-3.0567593574523926,-0.198
A81V,-3.841705083847046,-0.426
A81T,-3.2741429805755615,-0.507
E82V,-6.353252410888672,-0.579
E82A,-0.7905106544494629,0.032
E82D,-0.5500345230102539,-0.238
E82Q,-1.7469532489776611,-0.129
E82G,-1.6144871711730957,-0.5529999999999999
E82K,-2.966317653656006,-0.309
L83R,-3.232539176940918,-1.779
L83P,-9.383081436157227,-2.717
L83Q,-3.9498159885406494,-0.88
L83M,-2.1243457794189453,-0.189
L83V,-3.081461191177368,-0.86
G84A,-6.221925735473633,0.066
G84C,-7.849985599517822,-0.157
G84D,-4.853067874908447,-0.5770000000000001
G84R,-3.334587335586548,-0.036
G84S,-5.703733444213867,-0.351
G84V,-9.551778793334961,-0.932
L85P,-5.998044967651367,-1.764
L85Q,-5.938425540924072,-0.6759999999999999
L85R,-8.241984367370605,-2.291
L85V,-0.14485502243041992,0.337
L85M,-2.7496604919433594,-0.454
G86S,-0.18465709686279297,-0.324
G86V,-3.418085813522339,-0.378
G86C,-4.690432548522949,-0.6729999999999999
G86D,2.7533645629882812,-0.181
G86R,-0.7505137920379639,-0.195
G86A,-0.2020549774169922,0.74
A87G,-3.132408618927002,-1.085
A87P,-7.9557695388793945,-1.119
A87S,-1.3483192920684814,-0.46
A87T,-1.824391484260559,-1.009
A87V,-2.4469685554504395,-0.809
A87E,-5.011353492736816,-1.597
Y88S,-9.704963684082031,-0.397
Y88N,-9.964313507080078,-2.909
Y88H,-6.292074680328369,-2.58
Y88F,-3.1668519973754883,-1.664
Y88C,-8.680209159851074,-2.465
Y88D,-11.838346481323242,-2.1
R89S,-6.481072425842285,-1.211
R89P,-10.860361099243164,-1.775
R89L,-9.234662055969238,-1.207
R89H,-6.808452606201172,-2.314
R89G,-7.871556758880615,-1.7
R89C,-7.829127311706543,-2.45
F90S,-6.817628860473633,-2.541
F90L,-1.0360770225524902,-0.87
F90Y,-5.266260147094727,-0.8859999999999999
F90C,-6.354506492614746,-0.8340000000000001
F90V,-4.603294372558594,-1.476
F90I,-3.5745582580566406,-2.898
S91C,-7.605429172515869,-2.704
S91G,-6.104028224945068,-1.243
S91I,-9.827932357788086,-1.729
S91N,-7.242371559143066,-2.405
S91R,-9.257521629333496,-2.007
S91T,-5.550739765167236,-1.092
L92V,-0.9778842926025391,-0.758
L92R,-9.792852401733398,-2.427
L92Q,-8.44495964050293,-3.049
L92P,-6.483214378356934,-2.402
L92M,-2.8591418266296387,-0.453
A93V,-4.872570991516113,-2.397
A93T,-2.96075439453125,-1.773
A93S,0.09121131896972656,-0.039
A93P,-4.786602973937988,-0.468
A93D,-6.277496337890625,-1.783
A93G,-2.9294090270996094,-0.113
W94S,-8.67260456085205,0.232
W94R,-10.653806686401367,-2.864
W94L,-9.253222465515137,-1.064
W94G,-9.011970520019531,-2.278
W94C,-10.880521774291992,-1.315
P95S,-0.7876167297363281,-0.525
P95T,-2.337989330291748,-0.523
P95R,-7.238004207611084,-1.372
P95Q,-6.979118347167969,-1.436
P95A,-2.561995029449463,-0.625
P95L,-7.439096450805664,-2.276
R96S,-7.069441795349121,-1.902
R96P,-9.403707504272461,-1.801
R96L,-7.029140949249268,-1.841
R96H,-6.78388786315918,-2.605
R96G,-7.7670087814331055,-2.138
R96C,-9.331896781921387,-2.6460000000000004
I97V,-0.8983230590820312,-0.306
I97N,-9.506690979003906,-1.885
I97M,-3.508152961730957,-0.354
I97T,-5.628491401672363,-1.335
I97L,-0.761591911315918,0.122
I97F,-4.880273342132568,-0.809
I97S,-7.50570821762085,-1.3769999999999998
Q98K,-2.582970380783081,-0.644
Q98L,2.130359649658203,-0.546
Q98P,-4.728297233581543,-0.8440000000000001
Q98R,-1.394563913345337,-0.604
Q98H,-1.546759843826294,-0.204
Q98E,-2.1416242122650146,-0.346
P99Q,-7.257187843322754,-0.654
P99A,-4.5304646492004395,-0.8240000000000001
P99L,-7.766984462738037,-0.841
P99T,-6.903785228729248,-0.946
P99S,-6.367947101593018,-0.258
P99R,-6.758469581604004,-0.63
T100I,-3.6689140796661377,-0.536
T100A,0.17068147659301758,-0.525
T100N,-0.8393166065216064,0.132
T100P,-2.043332815170288,-0.073
T100S,-0.4132425785064697,-0.182
G101A,-4.585057258605957,-0.512
G101C,-7.738665580749512,-0.448
G101D,-5.097219467163086,-0.947
G101R,-5.43795108795166,-0.78
G101S,-5.041748046875,-0.5920000000000001
G101V,-7.512869358062744,-0.237
R102C,-4.543124198913574,-0.085
R102S,-0.8303422927856445,-0.514
R102G,-0.20153522491455078,-0.363
R102H,-1.4251329898834229,-0.318
R102L,-2.144277572631836,-0.314
R102P,-1.7639153003692627,-0.703
G103D,-2.919403553009033,-0.7509999999999999
G103V,-4.310183048248291,-0.101
G103S,-4.611886501312256,-0.593
G103A,-3.4727206230163574,-0.112
G103C,-7.028892517089844,-0.146
G103R,-4.314619064331055,-0.414
P104S,-2.0247387886047363,-0.442
P104R,-0.671100378036499,-0.581
P104Q,-2.2053167819976807,-0.434
P104L,-2.8955109119415283,-0.408
P104A,-0.2228405475616455,-0.597
P104T,-2.160330057144165,-0.447
A105E,-1.7509384155273438,-0.513
A105G,-2.08158016204834,-0.5760000000000001
A105P,-1.3969287872314453,-1.178
A105S,-2.1390633583068848,0.076
A105T,-1.006385087966919,-0.45
A105V,2.2940688133239746,-0.223
L106R,0.1697216033935547,-0.5
L106Q,-0.2311992645263672,-0.473
L106P,-0.4839630126953125,-0.56
L106V,0.17919540405273438,-0.222
L106M,-1.7659382820129395,-0.44
Q107H,-3.080178737640381,-0.202
Q107R,-0.41533708572387695,-0.493
Q107E,0.23551225662231445,0.484
Q107P,0.7480378150939941,-0.065
Q107L,-3.786869525909424,-0.602
Q107K,-2.114957809448242,-0.551
K108R,1.692336082458496,-0.431
K108T,0.24599218368530273,0.076
K108E,2.588777542114258,-0.491
K108Q,1.2225871086120605,0.105
K108I,-3.02653169631958,-0.31
K108N,-1.1419129371643066,-0.41
G109S,-5.837414264678955,-0.6859999999999999
G109R,-6.7855224609375,-0.989
G109D,-5.294537544250488,-2.145
G109C,-9.991019248962402,-0.76
G109A,-5.177839279174805,0.248
G109V,-8.932113647460938,-1.017
L110Q,-6.51608419418335,-1.978
L110P,-5.0009765625,-2.658
L110M,-3.8727989196777344,-0.715
L110R,-5.150595664978027,-1.426
L110V,0.20684480667114258,0.044
D111G,-2.164885997772217,-0.974
D111H,-3.383068084716797,-1.2009999999999998
D111N,-4.575320720672607,-0.4370000000000001
D111V,-3.8052539825439453,-1.135
D111Y,-6.270364761352539,-1.26
D111E,-0.8332196474075317,-0.523
D111A,0.3473196029663086,-0.356
F112L,-3.1423470973968506,-1.004
F112C,-5.821359634399414,-1.213
F112V,-4.73209285736084,-0.807
F112Y,0.0912623405456543,-0.6609999999999999
F112I,-6.257852554321289,-1.329
F112S,-5.777322769165039,-2.363
Y113S,-9.35727596282959,-0.552
Y113N,-9.904642105102539,-2.883
Y113H,-5.365011215209961,-2.947
Y113F,-5.782136917114258,-1.972
Y113C,-8.21800708770752,-2.837
Y113D,-10.38509750366211,-1.901
R114C,-4.853762626647949,-0.301
R114L,-3.689997673034668,-0.306
R114H,-1.0196102857589722,-0.5760000000000001
R114S,-3.3358101844787598,-0.194
R114P,-4.364295482635498,-1.301
R114G,-1.0630007982254028,-1.101
R115C,-6.25030517578125,-0.445
R115S,-2.1784133911132812,-0.436
R115P,-5.815238952636719,-1.114
R115L,-3.282787322998047,-0.476
R115H,-1.9719406366348267,-0.316
R115G,-2.222350597381592,-0.631
L116V,-2.375593662261963,-0.263
L116R,-6.849584579467773,-2.472
L116Q,-6.0857439041137695,-2.485
L116P,-10.51417350769043,-3.023
L116M,-3.0850095748901367,-0.412
A117E,-3.363694667816162,-2.008
A117G,-2.9553189277648926,-0.056
A117T,-0.1783299446105957,0.037
A117S,-2.4659876823425293,-0.394
A117V,3.0762579441070557,-0.195
A117P,-5.48288106918335,-1.232
D118N,-4.220980644226074,-1.069
D118H,-5.110132694244385,-1.416
D118G,-3.202688694000244,-1.425
D118V,-5.696343421936035,-2.5660000000000003
D118Y,-8.667098999023438,-1.409
D118E,-3.0496973991394043,-0.544
D118A,-2.3958449363708496,-0.7979999999999999
E119K,-3.8715968132019043,-0.5760000000000001
E119A,0.7286250591278076,-0.123
E119V,-2.816007614135742,-0.419
E119D,-1.5070124864578247,-0.171
E119Q,-1.8988004922866821,-0.18
E119G,0.3208179473876953,-0.506
L120P,-10.588159561157227,-2.736
L120M,-4.062540054321289,-0.135
L120R,-10.346208572387695,-2.385
L120Q,-8.919785499572754,-1.164
L120V,-4.9433441162109375,-0.466
L121Q,-5.010127067565918,-0.447
L121P,-8.764968872070312,-2.48
L121R,-4.12252950668335,-0.3720000000000001
L121V,-2.74945330619812,-0.6659999999999999
L121M,-4.564366817474365,-0.271
A122P,-6.567754745483398,-0.362
A122G,-2.532133102416992,0.048
A122D,-2.1737985610961914,-0.3
A122V,-4.591918468475342,-0.249
A122T,-3.911712646484375,-0.172
A122S,-3.442936897277832,-0.196
K123R,2.961381673812866,-0.286
K123Q,1.5359787940979004,-0.292
K123N,1.680727481842041,-0.147
K123I,-0.5221939086914062,-0.49
K123E,1.2682929039001465,-0.421
K123T,0.6286888122558594,-0.074
G124A,-5.688162326812744,-0.335
G124V,-11.069016456604004,-0.59
G124S,-5.197216987609863,-0.269
G124D,-3.660048246383667,-0.263
G124C,-8.144810676574707,-0.5670000000000001
G124R,-4.290082931518555,0.014
I125S,-8.234119415283203,-2.042
I125F,-5.335770130157471,-2.227
I125N,-8.325112342834473,-2.583
I125T,-6.274517059326172,-1.111
I125M,-3.3417916297912598,-0.8109999999999999
I125L,-1.6890816688537598,-0.022
I125V,-1.9119625091552734,-0.46
Q126R,0.5738315582275391,-0.313
Q126L,-2.1224570274353027,-0.301
Q126K,-1.235975742340088,-0.394
Q126H,-1.6615595817565918,0.047
Q126E,1.55914306640625,0.138
Q126P,-3.6716537475585938,-0.703
P127R,-10.54307746887207,-1.461
P127A,-6.159823417663574,-1.085
P127L,-8.821357727050781,-0.979
P127Q,-10.974692344665527,-1.4680000000000002
P127S,-8.362565994262695,-0.809
P127T,-8.03243637084961,-0.8959999999999999
V128D,-4.019079685211182,-1.6369999999999998
V128A,-1.5083470344543457,-0.5660000000000001
V128L,0.09139895439147949,-0.64
V128I,-0.14117956161499023,-0.16
V128G,-3.2944302558898926,-1.233
V128F,-0.11160564422607422,-0.212
A129V,2.364391565322876,-0.182
A129T,-2.378864288330078,-0.568
A129S,-3.784961700439453,-0.623
A129P,-2.4395670890808105,-0.8170000000000001
A129G,-2.8547158241271973,-0.537
A129D,-6.8030290603637695,-1.63
T130I,-6.643651962280273,-1.889
T130N,-7.6914262771606445,-0.882
T130P,-8.629888534545898,-1.164
T130A,-4.936508655548096,-2.5980000000000003
T130S,-4.51686954498291,-2.289
L131V,-3.7924351692199707,-0.586
L131R,-11.386764526367188,-2.044
L131Q,-8.718034744262695,-2.615
L131P,-10.236030578613281,-2.9760000000000004
L131M,-4.790526866912842,-0.413
Y132S,-6.742313385009766,-0.654
Y132N,-5.752022743225098,-2.59
Y132H,-2.1607277393341064,-2.256
Y132F,-1.618943214416504,-0.464
Y132D,-6.913598537445068,-1.7519999999999998
Y132C,-5.86833381652832,-1.146
H133P,-8.976934432983398,-1.089
H133Y,-6.882482528686523,-2.301
H133R,-7.760114669799805,-2.642
H133Q,-7.940863132476807,-0.778
H133N,-8.427156448364258,-0.941
H133L,-7.222129821777344,-3.179
W134R,-8.253764152526855,-2.702
W134S,-7.645105361938477,-0.318
W134C,-8.438444137573242,-2.148
W134G,-8.363447189331055,-2.199
W134L,-3.621426582336426,-0.807
D135V,-9.029084205627441,-2.65
D135H,-8.133190155029297,-1.214
D135G,-8.431949615478516,-2.632
D135E,-5.053583145141602,-2.106
D135A,-8.021770477294922,-0.8170000000000001
D135Y,-11.327244758605957,-1.395
D135N,-7.2589006423950195,-2.4530000000000003
L136M,-3.337801456451416,-0.5489999999999999
L136V,-3.8784618377685547,-0.8420000000000001
L136P,-6.772299766540527,-2.5660000000000003
L136Q,-5.695422172546387,-1.693
L136R,-5.490601539611816,-1.906
P137S,-7.969133377075195,-1.679
P137R,-8.781018257141113,-1.268
P137Q,-8.039782524108887,-1.277
P137L,-8.566333770751953,-2.0380000000000003
P137A,-7.095425605773926,-1.585
P137T,-8.747039794921875,-1.475
Q138H,-4.501945495605469,-0.506
Q138K,-5.394496917724609,-0.974
Q138L,-1.332974910736084,-0.339
Q138P,-6.081640720367432,-0.722
Q138R,-3.6754000186920166,-0.708
Q138E,-4.805183410644531,-0.523
E139V,-0.26590967178344727,-0.569
E139K,-2.1104044914245605,-0.631
E139G,-0.1520094871520996,-0.303
E139Q,0.3343231678009033,0.115
E139D,-0.5164647102355957,-0.18
E139A,2.2071871757507324,0.192
L140V,-4.2173285484313965,-0.101
L140R,-6.609842300415039,-0.611
L140M,-3.5211305618286133,-0.166
L140Q,-6.900026321411133,-0.613
L140P,-6.297619342803955,-1.923
E141V,-3.956188201904297,-2.624
E141Q,-0.6947763562202454,-0.015
E141K,-4.874460220336914,-2.527
E141G,-3.3503308296203613,-1.452
E141A,-2.489044666290283,-0.757
E141D,-1.7514052391052246,-0.685
N142Y,-2.735774278640747,-0.213
N142S,-0.9183852672576904,-0.255
N142T,-0.42772889137268066,-0.219
N142I,-3.0031306743621826,-0.216
N142H,-0.47420382499694824,-0.334
N142D,3.397237777709961,-0.254
N142K,-0.9166643619537354,-0.428
A143G,-1.1375031471252441,-0.195
A143T,-1.2545604705810547,-0.257
A143V,-1.1727705001831055,-0.324
A143S,-2.015162944793701,-0.441
A143P,-2.132638454437256,-0.278
A143E,-0.856529712677002,-0.276
G144S,-5.855918884277344,-1.097
G144A,-4.716236591339111,-0.36
G144C,-8.197948455810547,-0.812
G144D,-5.443439960479736,-1.347
G144V,-7.837714672088623,-1.725
G144R,-5.375219345092773,-0.5
G145R,-4.053439140319824,-1.128
G145C,-6.927554607391357,-1.531
G145D,-5.2504658699035645,-2.276
G145V,-6.202280044555664,-1.476
G145S,-4.2729411125183105,-2.162
G145A,-3.641894817352295,-1.394
W146S,-7.902220726013184,0.183
W146C,-8.9795560836792,-1.812
W146G,-6.444602966308594,-1.676
W146R,-8.010278701782227,-3.018
W146L,-4.719222068786621,-1.206
P147T,0.15796661376953125,-0.5760000000000001
P147S,-0.06632637977600098,-0.46
P147R,-0.09132719039916992,-0.49
P147Q,-1.2425785064697266,-0.7170000000000001
P147A,-0.09079670906066895,-0.057
P147L,1.170578956604004,-0.511
E148Q,0.14874005317687988,-0.378
E148K,-1.2876968383789062,-0.3670000000000001
E148G,0.5798847675323486,-0.5579999999999999
E148D,2.2939021587371826,-0.468
E148A,0.9612627029418945,-0.112
E148V,-0.43404293060302734,-0.319
R149S,-1.7586100101470947,-1.308
R149P,-0.0956106185913086,-1.3730000000000002
R149C,-5.693428993225098,-1.91
R149L,-3.154883861541748,-0.504
R149H,-2.6325602531433105,-1.085
R149G,-1.2437386512756348,-1.505
A150V,0.1547698974609375,-0.243
A150G,-0.8919377326965332,-0.061
A150P,-1.3112411499023438,-0.575
A150S,-1.0456600189208984,-0.597
A150T,-0.6828899383544922,-0.157
A150D,-0.7315378189086914,0.55
T151A,-2.13608455657959,-0.7240000000000001
T151S,-3.0281009674072266,-0.593
T151P,-4.219002723693848,-0.542
T151M,-3.0267672538757324,-0.544
T151K,-6.273674011230469,-2.051
A152T,-2.9963021278381348,-0.404
A152E,-5.3982439041137695,-1.797
A152V,-1.0708143711090088,-0.61
A152S,-3.628155469894409,-0.322
A152G,-3.5683605670928955,0.122
A152P,-3.5510833263397217,-0.606
E153G,-1.8451330661773682,-0.31
E153A,-0.0870051383972168,-0.267
E153D,-0.12973713874816895,-0.399
E153V,-3.3258304595947266,-0.455
E153Q,-2.082643747329712,0.042
E153K,-3.7297134399414062,-0.631
R154L,-0.6763465404510498,-0.529
R154P,-4.839465141296387,-1.116
R154S,-2.690612554550171,-0.105
R154H,-0.009068727493286133,-0.211
R154G,-1.8630211353302002,0.287
R154C,-4.159906387329102,-0.266
F155C,-7.870415687561035,-0.8240000000000001
F155Y,-3.0938024520874023,-0.674
F155V,-6.816582202911377,-0.433
F155S,-8.78038215637207,-2.702
F155I,-7.065789222717285,-0.7929999999999999
F155L,-4.340787887573242,-0.493
A156S,-4.456368923187256,-0.502
A156T,-4.007472991943359,-0.675
A156V,-3.6602885723114014,-0.612
A156G,-1.7375397682189941,-0.451
A156P,-6.308114051818848,-0.578
A156E,-4.689882278442383,-0.4920000000000001
E157G,-1.4494764804840088,-0.485
E157K,-2.980132579803467,-0.816
E157Q,-1.1182007789611816,-0.65
E157V,-2.2458114624023438,-0.8009999999999999
E157D,-0.12620997428894043,-0.259
E157A,0.6302635669708252,0.075
Y158S,-8.74807071685791,-0.606
Y158H,-2.897181510925293,-1.579
Y158F,-2.214846611022949,-0.305
Y158N,-8.444429397583008,-2.833
Y158C,-8.090572357177734,-1.274
Y158D,-8.669550895690918,-1.251
A159V,-4.408136367797852,-0.562
A159S,-4.84656286239624,-1.006
A159P,-9.658452033996582,-1.937
A159G,-4.483300685882568,-0.7
A159T,-5.2509918212890625,-0.7490000000000001
A159D,-10.443411827087402,-1.869
A160V,-2.2953813076019287,-0.066
A160E,-0.798696756362915,-0.439
A160G,-1.5413696765899658,-0.166
A160P,-6.355709075927734,-1.167
A160T,-1.3043444156646729,-0.382
A160S,-2.6423728466033936,-0.259
I161S,-4.172337532043457,-0.3229999999999999
I161T,-1.412771463394165,-0.51
I161V,1.3898231983184814,-0.278
I161M,-2.744267225265503,-0.176
I161L,0.5771350860595703,-0.295
I161F,-2.0712649822235107,-0.293
I161N,-5.931465148925781,-0.861
A162P,-7.638552188873291,-0.556
A162V,0.8253741264343262,-0.5329999999999999
A162T,-1.4697874784469604,-0.407
A162S,-3.5035781860351562,-0.333
A162G,-4.483785152435303,-0.879
A162D,-8.107267379760742,-1.249
A163E,-5.184052467346191,-1.4880000000000002
A163T,-2.6191132068634033,-0.479
A163S,-3.4343159198760986,-0.355
A163P,-7.015876770019531,-1.592
A163V,-0.3316459655761719,-0.381
A163G,-3.3221018314361572,-0.248
D164E,-0.16514825820922852,0.087
D164Y,-6.366162300109863,-0.5660000000000001
D164V,-4.066668510437012,-0.507
D164N,-2.7145793437957764,-0.063
D164H,-2.498861074447632,-0.216
D164G,-0.6932723522186279,-0.131
D164A,-0.04163217544555664,-0.112
A165D,-4.017682075500488,-0.684
A165G,-2.8495819568634033,-0.598
A165P,-6.934792518615723,-0.334
A165S,-3.2729668617248535,-0.47
A165V,-1.2643494606018066,-0.562
A165T,-1.6474149227142334,-0.773
L166M,-3.660945415496826,-0.467
L166Q,-7.160862922668457,-2.991
L166P,-8.183980941772461,-2.705
L166R,-8.060009956359863,-1.912
L166V,-2.9814929962158203,-0.7490000000000001
G167A,-4.728209972381592,0.304
G167C,-9.025568962097168,-0.249
G167D,-6.315454006195068,-0.327
G167R,-6.946231842041016,-0.326
G167S,-5.8238525390625,-0.136
G167V,-9.765401840209961,-0.391
D168A,-3.6717934608459473,-0.612
D168H,-5.723425388336182,-0.768
D168N,-4.55788516998291,-0.486
D168V,-7.711956977844238,-1.5619999999999998
D168Y,-8.660867691040039,-0.617
D168E,-2.542267084121704,-0.5489999999999999
D168G,-1.940563678741455,-0.614
R169C,-6.673852920532227,-0.267
R169G,-5.845533847808838,-0.597
R169P,-7.118040561676025,-1.001
R169S,-5.834691047668457,-0.196
R169L,-6.317436218261719,-0.488
R169H,-3.7854926586151123,-0.257
V170I,-3.8672518730163574,-0.342
V170A,-6.181382179260254,-1.702
V170L,-5.084324836730957,-0.931
V170D,-10.851028442382812,-2.935
V170G,-9.218530654907227,-1.64
V170F,-7.752988338470459,-0.7959999999999999
K171N,-4.945025444030762,-0.379
K171T,-1.4250013828277588,-0.33
K171I,-4.00081729888916,-0.7509999999999999
K171E,-0.9045815467834473,-0.624
K171R,0.7977693676948547,-0.355
K171Q,-1.5738584995269775,-0.348
T172S,-0.013206720352172852,-0.422
T172A,0.732407808303833,-0.433
T172I,-0.2572946548461914,-0.094
T172N,-1.8280808925628662,-0.266
T172P,-2.878302812576294,-1.153
W173S,-9.862509727478027,-0.536
W173G,-10.335366249084473,-1.713
W173C,-8.500577926635742,-0.589
W173L,-6.285600662231445,-0.997
W173R,-9.34323501586914,-3.012
T174S,-2.494307279586792,-0.189
T174N,-3.4155590534210205,-0.5429999999999999
T174I,1.3421599864959717,-0.042
T174A,-1.2562966346740723,-0.351
T174P,-4.851962089538574,-1.56
T175P,-5.663319110870361,-1.648
T175A,-6.068124771118164,-2.684
T175K,-10.723235130310059,-2.146
T175M,-8.754549026489258,-2.672
T175S,-4.037581443786621,-0.562
L176Q,-5.934987545013428,-0.92
L176R,-8.366556167602539,-2.303
L176V,-1.6952394247055054,-0.116
L176P,-6.509246349334717,-2.753
L176M,-1.9143098592758179,-0.247
N177T,-6.556533336639404,-0.949
N177S,-5.494525909423828,-2.748
N177K,-7.948465347290039,-1.656
N177I,-9.20069694519043,-2.918
N177H,-5.307530879974365,-1.247
N177D,-5.439797401428223,-2.759
N177Y,-8.39266586303711,-3.047
E178V,-7.653031826019287,-3.1
E178Q,-5.723330497741699,-1.884
E178A,-4.7693634033203125,-0.8340000000000001
E178G,-7.7104973793029785,-3.068
E178D,-6.415864944458008,-2.292
E178K,-9.261445999145508,-2.5380000000000003
P179A,-4.593480587005615,-1.836
P179L,-6.606152534484863,-2.762
P179Q,-8.495894432067871,-1.5119999999999998
P179T,-6.354189872741699,-1.298
P179S,-6.366876125335693,-2.592
P179R,-9.117746353149414,-2.351
W180L,1.3960633277893066,-0.76
W180C,-1.1122822761535645,-1.185
W180R,1.1882505416870117,-2.545
W180S,1.2352261543273926,-1.536
W180G,-0.46347618103027344,-1.194
C181Y,-2.1108288764953613,-1.575
C181W,-2.9625611305236816,-1.959
C181R,-0.39830923080444336,-2.702
C181G,-1.1926698684692383,-1.348
C181F,-2.0123953819274902,-1.003
C181S,0.23670578002929688,-2.629
S182N,0.07690954208374023,-2.531
S182G,-1.2684268951416016,-1.599
S182I,0.9771411418914795,-0.118
S182T,0.9120676517486572,0.268
S182R,-1.3956122398376465,-2.452
S182C,-0.9806933403015137,-0.348
A183V,-2.2096309661865234,-2.211
A183T,-2.2447686195373535,-1.645
A183S,-1.0237979888916016,-0.7
A183P,-5.408276081085205,-0.506
A183G,-2.802175521850586,-0.907
A183E,-5.736247539520264,-1.891
F184I,-0.6507425308227539,-2.244
F184L,0.7379554510116577,-1.42
F184S,-1.303116798400879,-1.639
F184V,0.7181428670883179,-1.525
F184Y,-0.6085853576660156,-0.8640000000000001
F184C,-2.270432949066162,-0.917
L185V,-1.3254653215408325,-0.645
L185R,-2.4717564582824707,-1.837
L185Q,-2.2080869674682617,-0.858
L185P,-2.825932025909424,-1.806
L185M,-2.04691743850708,-0.068
G186V,-5.574146270751953,-1.7819999999999998
G186A,-2.0246500968933105,-0.603
G186R,-5.189356327056885,-1.321
G186D,-4.616622447967529,-2.775
G186S,-3.037425994873047,-1.274
G186C,-5.617126941680908,-2.147
Y187C,-5.304361820220947,-2.604
Y187S,-4.751851558685303,-0.962
Y187N,-4.308448791503906,-3.143
Y187H,-1.8348660469055176,-0.991
Y187D,-4.636653423309326,-1.379
Y187F,-2.07588529586792,-2.046
G188A,-0.078987717628479,-0.484
G188C,-2.8046271800994873,-0.296
G188D,-1.175715684890747,-0.929
G188R,-1.110295057296753,-1.617
G188S,-1.5051639080047607,-0.654
G188V,-1.4642398357391357,-0.966
S189A,0.7725725173950195,-0.374
S189C,-1.912588119506836,-1.856
S189F,-1.1540637016296387,-1.58
S189P,-0.4960336685180664,-2.843
S189T,0.6092538833618164,-0.847
S189Y,-0.9456806182861328,-1.327
G190S,-3.9686872959136963,-2.006
G190A,-2.6098294258117676,-0.8740000000000001
G190C,-5.983851432800293,-1.33
G190D,-3.6396188735961914,-1.6980000000000002
G190R,-4.933222770690918,-1.969
G190V,-4.358784198760986,-1.71
V191L,0.6095441579818726,0.644
V191G,-0.3690006732940674,-0.449
V191F,-1.9449844360351562,-0.486
V191D,-0.5085430145263672,-0.255
V191A,0.30867624282836914,-0.449
V191I,-0.8636651039123535,-0.457
H192Y,-2.878754138946533,-2.778
H192Q,-3.901486396789551,-0.603
H192P,-4.754951477050781,-1.829
H192N,-4.047266960144043,-0.652
H192L,-2.6849613189697266,-1.097
H192D,-4.469607353210449,-1.037
H192R,-4.208532333374023,-2.754
A193V,-4.602054119110107,-2.559
A193T,-4.937346458435059,-2.4330000000000003
A193S,-4.1670308113098145,-1.023
A193P,-2.483741283416748,-0.741
A193E,-6.103911399841309,-1.403
A193G,-3.9332170486450195,-0.6559999999999999
P194Q,-7.321341037750244,-1.409
P194A,-4.543572425842285,-1.6269999999999998
P194R,-6.9452314376831055,-2.9410000000000003
P194S,-6.0582170486450195,-2.854
P194T,-6.504982948303223,-0.674
P194L,-6.906170845031738,-2.6060000000000003
G195S,-4.415645599365234,-2.166
G195V,-5.675723552703857,-1.528
G195R,-4.399476528167725,-2.225
G195D,-2.7712228298187256,-1.704
G195C,-7.466153621673584,-1.525
G195A,-3.5188143253326416,-0.675
R196S,-2.615947723388672,-0.684
R196C,-4.5265398025512695,-0.5429999999999999
R196G,-1.9216595888137817,-0.511
R196P,-2.6587586402893066,-1.7719999999999998
R196L,-0.6799160242080688,-0.562
R196H,-2.2731523513793945,-0.544
T197P,-0.425095796585083,-0.004
T197I,-1.8650197982788086,-0.618
T197A,0.4020576477050781,-0.274
T197S,-0.6147787570953369,-0.542
T197N,-1.0967726707458496,-0.361
D198E,-2.865481376647949,-0.339
D198H,-3.9752392768859863,-1.101
D198A,-2.6124978065490723,-0.337
D198G,-1.8270269632339478,-0.706
D198N,-3.2239480018615723,-0.261
D198V,-4.884335041046143,-0.815
D198Y,-5.654353141784668,-0.6890000000000001
P199T,-1.836722731590271,-0.537
P199S,-1.7068074941635132,-0.472
P199R,-1.2458027601242065,-0.7809999999999999
P199Q,-2.3380937576293945,-0.423
P199A,-0.8830608129501343,0.365
P199L,-2.34761381149292,-0.753
V200A,1.8638361692428589,-0.483
V200D,1.292073130607605,-0.362
V200F,-1.9235310554504395,-0.468
V200G,0.9888472557067871,-0.225
V200I,-1.876389503479004,-0.451
V200L,-0.11672782897949219,0.218
A201S,-1.568886399269104,-0.669
A201V,-2.879660129547119,-0.5870000000000001
A201D,-1.2642651796340942,-0.078
A201G,-1.11495840549469,-0.123
A201P,-1.1670795679092407,0.004
A201T,-1.0972658395767212,-0.609
A202V,-1.4806205034255981,-0.966
A202E,-3.5826592445373535,-1.047
A202T,-1.8442593812942505,-0.55
A202S,-2.16009521484375,-0.405
A202G,-2.1889290809631348,-0.998
A202P,-1.1562591791152954,-0.051
L203P,-4.755514621734619,-2.875
L203M,-1.8846988677978516,-0.63
L203Q,-2.9340286254882812,-3.372
L203R,-2.933243751525879,-1.758
L203V,-0.41614675521850586,-0.286
R204C,-6.188895225524902,-0.348
R204G,-3.1379261016845703,-0.42
R204H,-1.3259602785110474,-0.47
R204L,-1.9205724000930786,-0.438
R204P,-3.5081939697265625,-0.7390000000000001
R204S,-2.6251473426818848,-0.443
A205S,-3.1563925743103027,-0.5379999999999999
A205P,-5.182533264160156,-1.146
A205G,-3.338311195373535,-0.958
A205D,-5.6362152099609375,-2.003
A205T,-3.1328160762786865,-0.856
A205V,-1.5418791770935059,-1.115
A206S,-2.689885139465332,-0.486
A206G,-3.039680004119873,0.191
A206E,-5.780176162719727,-0.942
A206P,-5.7939453125,-1.742
A206V,-0.8128824234008789,-0.443
A206T,-2.1040520668029785,-0.996
H207R,-3.4671995639801025,-2.955
H207N,-4.856536865234375,-1.7180000000000002
H207Q,-4.148539066314697,-2.536
H207L,-4.201046943664551,-2.887
H207D,-6.061739921569824,-0.053
H207Y,-2.8058207035064697,-2.47
H207P,-9.297293663024902,-1.031
H208L,-2.2566447257995605,-1.753
H208Q,-2.1065354347229004,-1.058
H208P,-6.68104362487793,-0.691
H208R,-1.124070167541504,-2.915
H208Y,-2.675612211227417,-0.514
H208N,-0.19378924369812012,-0.391
H208D,-1.2054822444915771,-1.369
L209M,-2.559166431427002,-0.532
L209P,-8.910277366638184,-2.837
L209Q,-4.995148658752441,-1.505
L209R,-6.098962306976318,-1.938
L209V,-2.198784351348877,-1.943
N210S,-0.09418869018554688,-0.362
N210I,2.9026870727539062,-0.63
N210Y,-0.8767681121826172,-3.0860000000000003
N210H,1.2558517456054688,-1.008
N210T,2.4729151725769043,-0.378
N210D,-1.9823665618896484,-1.49
N210K,-2.9794158935546875,-2.201
L211Q,-5.320491790771484,-2.251
L211M,-4.469485282897949,-0.041
L211P,-9.545515060424805,-2.986
L211R,-3.3738248348236084,-0.47
L211V,-2.1653358936309814,-0.313
G212D,-3.6224541664123535,-2.227
G212R,-1.3786373138427734,-2.068
G212S,-0.497281551361084,-0.374
G212A,2.4694886207580566,-0.148
G212C,-3.1667590141296387,-0.509
G212V,-1.0516695976257324,-1.293
H213R,-7.981659889221191,-3.11
H213D,-9.338342666625977,-0.452
H213L,-6.63047981262207,-3.1180000000000003
H213N,-7.851754188537598,-0.659
H213P,-9.613187789916992,-1.4409999999999998
H213Q,-5.104373931884766,-2.584
H213Y,-6.68910551071167,-2.584
G214V,-2.303544759750366,-1.421
G214S,-1.3493480682373047,-2.158
G214R,-3.4378879070281982,-0.636
G214A,2.281430721282959,-0.947
G214D,-4.6587982177734375,-2.583
G214C,-3.8368961811065674,-0.938
L215P,-6.1086320877075195,-2.982
L215M,-3.1774158477783203,-0.256
L215Q,-1.7783267498016357,-0.662
L215V,-1.2851767539978027,-0.287
L215R,0.5793094635009766,-0.197
A216S,-3.3437423706054688,-0.69
A216P,-8.3822603225708,-1.095
A216V,-4.561878681182861,-0.6559999999999999
A216T,-4.164224624633789,-0.662
A216G,-3.1117472648620605,-0.648
A216E,-6.501518249511719,-1.014
V217A,-1.2665389776229858,-0.426
V217F,-2.29201602935791,-0.8
V217G,-4.879414081573486,-0.4270000000000001
V217I,-1.6115983724594116,-0.289
V217L,-0.8125808238983154,-0.445
V217D,-6.735903739929199,-2.119
Q218L,-1.9396753311157227,-0.267
Q218K,-0.7679133415222168,-0.441
Q218R,1.3941255807876587,-0.272
Q218H,-0.3814432621002197,-0.266
Q218E,-0.9660964012145996,0.295
Q218P,-3.32515811920166,-0.7170000000000001
A219V,-2.0149505138397217,-0.128
A219T,-2.2260918617248535,-0.014
A219S,-3.5462698936462402,-0.053
A219P,-4.962615489959717,-1.685
A219G,-2.9645209312438965,-0.023
A219D,-3.7244162559509277,-0.743
L220M,-2.0917422771453857,0.066
L220V,-0.5842087268829346,0.322
L220R,-4.7379584312438965,-1.456
L220Q,-4.886202335357666,-1.374
L220P,-7.663252830505371,-2.857
R221C,-6.887774467468262,-0.964
R221P,-8.553194046020508,-2.083
R221H,-2.9889845848083496,-0.486
R221S,-5.720964431762695,-0.968
R221L,-5.422956466674805,-1.24
R221G,-5.890439987182617,-0.913
D222E,-0.7306575775146484,-0.177
D222Y,-7.015434265136719,-0.495
D222V,-4.547935485839844,-0.835
D222H,-3.3882062435150146,-0.48
D222G,-1.2741379737854004,-0.4920000000000001
D222A,0.200577974319458,-0.203
D222N,-3.7888076305389404,-0.386
R223G,-1.2720195055007935,-0.601
R223C,-4.222716808319092,-0.259
R223L,-2.5243782997131348,-0.019
R223P,-3.831514835357666,-0.8270000000000001
R223S,-1.6107522249221802,-0.403
R223H,-1.4001199007034302,-0.177
L224M,-2.9265971183776855,-0.478
L224P,-3.241191864013672,-1.916
L224Q,-2.645183563232422,-1.069
L224R,-1.987508773803711,-0.68
L224V,-1.4720087051391602,-0.449
P225T,-1.5470211505889893,-0.252
P225R,-1.0571238994598389,-0.484
P225A,0.16571855545043945,-0.612
P225L,-3.5228495597839355,-0.813
P225Q,-2.6521592140197754,-0.579
P225S,-2.0139875411987305,-0.3670000000000001
A226V,-2.727419853210449,-0.359
A226S,-2.439732074737549,-0.325
A226P,-2.1840765476226807,0.19
A226G,-2.0072875022888184,-0.381
A226E,-1.9648582935333252,-0.04
A226T,-2.3726067543029785,-0.333
D227A,-1.7328155040740967,-0.438
D227Y,-6.948653697967529,-0.527
D227H,-2.9405455589294434,-0.162
D227E,-2.050076961517334,-0.555
D227N,-3.2892870903015137,-0.376
D227V,-5.184811115264893,-0.588
D227G,0.45499151945114136,-0.392
A228E,-1.3082764148712158,-0.831
A228T,-1.5476837158203125,-0.313
A228G,1.1365971565246582,-0.328
A228S,-2.0254626274108887,-0.264
A228P,-3.4376959800720215,-0.675
A228V,-1.7277305126190186,-0.421
Q229P,0.8079407215118408,-0.677
Q229E,0.22956228256225586,-0.336
Q229H,-0.11120462417602539,-0.412
Q229K,-0.4213230609893799,-0.276
Q229L,-1.5297298431396484,-0.293
Q229R,1.3597807884216309,-0.313
C230G,5.9407429695129395,-0.71
C230Y,-0.2561941146850586,-0.611
C230F,1.318206787109375,-0.258
C230W,0.3047962188720703,-0.952
C230S,1.467691421508789,-0.755
C230R,1.7937450408935547,-1.254
S231G,5.607175827026367,-0.294
S231I,-3.553415298461914,-1.7180000000000002
S231R,-1.2954869270324707,-1.501
S231T,-1.3433198928833008,-0.936
S231C,-3.346576690673828,-2.062
S231N,-1.6012368202209473,-1.173
V232A,-2.8089685440063477,-1.029
V232L,-0.2625617980957031,-0.853
V232I,-0.447476863861084,-0.5
V232G,-4.164543151855469,-1.961
V232F,-2.871351718902588,-1.83
V232D,-7.467932224273682,-3.14
T233S,1.3795223236083984,-2.017
T233A,1.7683826684951782,-1.584
T233I,-2.3186120986938477,-0.684
T233N,-2.817196846008301,-1.499
T233P,-2.378300666809082,-1.226
L234V,-1.6149940490722656,-1.793
L234P,-7.520446300506592,-2.583
L234M,-3.395195245742798,-0.922
L234Q,-6.654036521911621,-3.076
L234R,-9.754111289978027,-2.108
N235D,-1.5770468711853027,-1.278
N235H,-2.1351537704467773,-0.769
N235I,-0.8687653541564941,-1.362
N235K,-5.1620869636535645,-1.324
N235P,-2.436464309692383,0.239
N235S,-0.13553714752197266,-2.77
N235T,0.21465086936950684,-0.725
N235Y,-3.8141226768493652,-1.759
I236M,-1.7451567649841309,-0.1689999999999999
I236L,1.2183473110198975,0.094
I236F,-1.6121306419372559,-1.011
I236N,-2.0245070457458496,-2.763
I236V,1.1523535251617432,-0.716
I236S,-1.5987138748168945,-1.024
I236T,-0.6850194931030273,-3.052
H237D,2.3423447608947754,-0.248
H237L,0.03439521789550781,-0.522
H237N,1.1854820251464844,-0.331
H237P,1.123185634613037,-0.642
H237Y,-1.090010166168213,-2.812
H237R,-0.7186279296875,-2.826
H237Q,-0.04977989196777344,-0.197
H238D,-2.2098569869995117,-0.7120000000000001
H238N,-0.9088637828826904,-0.297
H238P,-1.9703068733215332,-0.608
H238Y,0.9068707227706909,-0.338
H238Q,-1.9077873229980469,0.024
H238R,-3.0513486862182617,-0.588
H238L,0.4922686815261841,-0.403
V239M,-1.8924057483673096,-0.8340000000000001
V239L,0.3298375606536865,-0.302
V239G,-0.11533665657043457,-0.944
V239E,-0.6384973526000977,-2.944
V239A,0.4297192096710205,-0.491
R240S,-1.1142377853393555,-0.356
R240P,-1.4265174865722656,-2.175
R240L,0.4576404094696045,-0.934
R240H,-1.4450860023498535,-0.8059999999999999
R240G,-0.9226789474487305,-1.16
R240C,-2.5403218269348145,-0.863
P241A,-1.6274456977844238,-0.925
P241R,-3.0027804374694824,-0.8029999999999999
P241Q,-3.331930160522461,-0.377
P241T,-2.429314374923706,-0.59
P241S,-2.54327392578125,-0.61
P241L,-1.4000427722930908,-1.785
L242M,-1.7700555324554443,-0.426
L242P,-0.3198068141937256,-2.175
L242Q,-0.6833727359771729,-0.528
L242R,0.0479276180267334,-0.465
L242V,0.8278472423553467,-1.123
T243R,0.836029052734375,-0.547
T243P,2.963242769241333,-1.138
T243M,-2.0513627529144287,-0.954
T243K,-0.4896094799041748,-0.7390000000000001
T243A,1.7416784763336182,-0.557
T243S,0.02962803840637207,-0.172
D244N,-1.4644298553466797,-0.132
D244A,0.8009371757507324,0.012
D244Y,-2.336318016052246,-0.7
D244V,-0.6421082019805908,-0.402
D244H,-1.377265453338623,-0.775
D244G,0.9906412363052368,-0.359
D244E,-0.34755516052246094,-0.116
S245Y,-3.135971784591675,-0.5539999999999999
S245T,0.5845112800598145,-0.391
S245P,2.895918369293213,-1.3969999999999998
S245F,-2.867253065109253,-0.895
S245A,1.7096970081329346,-0.476
S245C,-3.738858461380005,0.532
D246G,0.5846095085144043,-0.346
D246H,-1.2781310081481934,0.659
D246N,-1.4347405433654785,-0.16
D246V,-0.26637887954711914,-0.174
D246Y,-2.126491069793701,-0.26
D246E,-0.33478689193725586,-0.125
D246A,1.7128390073776245,0.048
A247V,-1.626692295074463,-0.106
A247T,-1.1278393268585205,-0.204
A247S,-1.3794662952423096,-0.45
A247P,1.1269042491912842,-0.005
A247G,-1.2326200008392334,0.452
A247D,-1.4193289279937744,-0.364
D248E,-0.9901180267333984,-1.505
D248A,-0.15220165252685547,-0.281
D248G,-0.8851792812347412,-1.194
D248H,-1.712721586227417,-0.1689999999999999
D248N,-1.8462293148040771,-0.7809999999999999
D248V,-1.4136607646942139,-1.6909999999999998
D248Y,-2.2827112674713135,-1.016
A249V,-0.852861762046814,-0.315
A249G,-2.3752450942993164,-0.312
A249P,-0.596422553062439,-0.888
A249S,-2.4265565872192383,-0.369
A249T,-1.6179536581039429,-0.637
A249E,-1.850864291191101,-0.542
D250Y,-3.285170555114746,-0.902
D250V,-1.476741075515747,-0.846
D250N,-2.5534048080444336,-0.327
D250H,-2.595521926879883,-0.245
D250G,-0.8496248722076416,-0.534
D250E,0.3426699638366699,-0.399
D250A,1.668687105178833,-0.623
A251S,-2.5185580253601074,-0.4
A251D,-2.793680191040039,-1.285
A251V,-2.887510299682617,-0.7959999999999999
A251G,-1.9016590118408203,-0.933
A251P,-4.208603858947754,-1.366
A251T,-2.155872344970703,-0.514
V252M,-1.1203947067260742,-0.7559999999999999
V252L,-0.017946243286132812,-0.593
V252A,1.888350248336792,-0.201
V252E,-0.9865033626556396,-0.784
V252G,-0.1599113941192627,-0.356
R253C,-5.699168682098389,-1.52
R253G,-2.3571128845214844,-1.157
R253P,-4.571892738342285,-2.834
R253H,-3.334867000579834,-1.715
R253L,-3.7695484161376953,-1.479
R253S,-2.2366271018981934,-0.866
R254P,-4.755138397216797,-1.534
R254L,-2.59273624420166,-0.938
R254H,-3.1220102310180664,-0.568
R254S,-2.6214799880981445,-0.545
R254C,-5.243748188018799,-0.491
R254G,-2.6910924911499023,-0.911
I255L,1.250657081604004,-0.58
I255T,-0.47328948974609375,-1.021
I255S,-0.4783949851989746,-0.708
I255N,-1.3662843704223633,-2.541
I255F,0.5545926094055176,-0.41
I255M,0.037136077880859375,-0.365
I255V,0.5566573143005371,-0.463
D256N,-0.12053179740905762,-1.212
D256Y,-1.9630413055419922,-1.207
D256H,-0.09461688995361328,-0.899
D256G,0.4846811294555664,-1.311
D256E,-0.22159814834594727,-0.57
D256A,1.8215283155441284,-0.471
D256V,-0.06746530532836914,-2.422
A257P,-4.459409713745117,-2.264
A257E,0.1020125150680542,-1.117
A257G,-1.825883388519287,-0.578
A257S,-1.9499883651733398,-0.703
A257T,-1.3688673973083496,-0.578
A257V,-1.98097562789917,-0.802
L258V,-1.2175085544586182,-0.454
L258R,-2.3695106506347656,-1.052
L258Q,-1.991866111755371,-0.872
L258P,-5.186304092407227,-2.886
L258M,-1.9503459930419922,-0.264
A259G,-2.348362922668457,-0.532
A259V,0.9940369129180908,-1.171
A259T,-0.10802221298217773,-0.657
A259S,-1.6706204414367676,-0.546
A259P,-4.832450866699219,-1.968
A259D,-3.188685417175293,-0.912
N260I,-2.738438606262207,-1.989
N260H,1.6365818977355957,-0.337
N260Y,1.3328075408935547,-3.036
N260T,-0.26372337341308594,-0.268
N260S,0.19059371948242188,-1.258
N260K,0.043788909912109375,-1.361
N260D,1.768277883529663,-1.621
R261C,-3.0738117694854736,-1.232
R261G,0.774594783782959,0.617
R261H,0.029845476150512695,-1.374
R261L,0.1298680305480957,-1.367
R261P,-2.7909834384918213,-1.281
R261S,-0.42409467697143555,-0.8029999999999999
V262F,1.5651153326034546,0.171
V262G,-1.005052089691162,-0.986
V262I,-0.3461747169494629,0.033
V262L,1.103713870048523,-0.698
V262A,-0.08797597885131836,-0.503
V262D,-3.7786803245544434,-2.275
F263Y,-2.6449193954467773,-1.197
F263L,-1.8989272117614746,-2.859
F263I,-3.8557395935058594,-3.447
F263C,-6.048302173614502,-1.4169999999999998
F263V,-3.5689594745635986,-0.969
F263S,-5.749855995178223,-3.242
T264A,0.6209335327148438,-0.662
T264I,-0.7315053939819336,-0.411
T264P,-1.404296875,-0.8109999999999999
T264N,-0.8417282104492188,-1.578
T264S,-0.2644171714782715,-0.735
G265R,-0.03864097595214844,-0.994
G265D,2.265035629272461,-0.782
G265C,-3.401153564453125,-0.957
G265A,0.09024858474731445,-1.064
G265S,0.7053773403167725,-0.779
G265V,-1.0297503471374512,-0.708
P266S,-2.3268697261810303,-2.0380000000000003
P266R,-2.512540578842163,-1.871
P266Q,-2.8122317790985107,-1.262
P266L,-0.2925577163696289,-2.722
P266T,-2.1390678882598877,-1.094
P266A,-1.270599603652954,-0.35
M267L,1.0774588584899902,-0.439
M267K,-4.22334623336792,-2.867
M267R,-1.9318032264709473,-1.771
M267T,-1.2141709327697754,-1.12
M267V,0.20314288139343262,-1.015
M267I,-0.74591064453125,-0.439
L268V,-1.5297120809555054,0.348
L268M,-1.987695574760437,-0.258
L268P,-2.0484213829040527,-3.063
L268Q,-3.702500343322754,-1.735
L268R,-2.8327584266662598,-2.156
Q269R,1.5336227416992188,-0.254
Q269P,1.2426481246948242,-1.325
Q269L,2.223292350769043,-0.356
Q269K,-1.3661174774169922,-0.19
Q269H,1.5138874053955078,-0.336
Q269E,0.7353971004486084,0.013
G270A,0.6538002490997314,-0.089
G270C,-3.0304903984069824,-0.603
G270D,-0.2869269847869873,-2.504
G270R,-1.0322105884552002,-0.171
G270S,-0.5929834842681885,-0.5660000000000001
G270V,-0.5541443824768066,-1.143
A271G,0.34670519828796387,0.118
A271E,-1.1442840099334717,-0.15
A271V,0.0459589958190918,-0.188
A271T,-0.12408971786499023,-0.344
A271S,-0.7607462406158447,-0.511
A271P,-0.48778557777404785,-2.241
Y272S,-3.461251974105835,-0.784
Y272N,-4.751824378967285,-2.712
Y272H,-3.1972134113311768,-3.033
Y272F,-2.0382113456726074,-0.912
Y272D,-4.348200798034668,-1.433
Y272C,-4.65521240234375,-1.834
P273S,-0.8745014667510986,-0.55
P273Q,-2.2667317390441895,-0.7090000000000001
P273R,-0.6724874973297119,-2.917
P273L,-1.6878790855407715,-2.55
P273A,-0.2414407730102539,-0.221
P273T,-0.7210733890533447,-0.918
E274D,0.3758730888366699,-0.251
E274A,1.2485992908477783,-0.322
E274Q,-0.15514302253723145,-0.077
E274G,0.6675827503204346,-0.444
E274K,-0.32356762886047363,-0.5539999999999999
E274V,1.886780023574829,-0.495
D275V,-0.08878970146179199,-2.428
D275N,-1.2905845642089844,-1.413
D275Y,1.1898009777069092,-1.851
D275G,0.5284266471862793,-1.652
D275E,-0.5093698501586914,-1.56
D275A,0.7130990028381348,-0.429
L276M,-1.655064344406128,-0.419
L276V,0.19051730632781982,0.273
L276R,-1.2445430755615234,-2.39
L276Q,-2.377751111984253,-2.846
L276P,0.27051520347595215,-2.902
V277G,-1.3409804105758667,-0.895
V277L,-0.5610066652297974,0.07
V277I,-1.5168546438217163,-0.004
V277F,-1.7282487154006958,-0.424
V277D,-2.207888603210449,-1.971
V277A,-0.318259596824646,-0.562
K278I,0.36330223083496094,-0.489
K278R,2.26106595993042,-0.144
K278E,0.35091257095336914,-0.255
K278D,-0.23702001571655273,1.255
K278T,1.1854431629180908,-0.065
K278Q,0.8479118347167969,-0.528
K278N,-0.7077765464782715,-0.282
D279Y,0.2869298458099365,-0.662
D279E,0.7649121284484863,-0.482
D279N,-1.2517528533935547,-0.586
D279H,0.7544248104095459,-0.393
D279G,0.35269761085510254,-1.399
D279A,2.1534457206726074,-1.03
D279V,1.8783950805664062,-1.3159999999999998
T280A,1.0417394638061523,-1.162
T280N,-1.954648494720459,-0.993
T280I,-1.3305816650390625,-0.818
T280P,1.0935240983963013,-1.907
T280S,-0.5391736030578613,-0.8690000000000001
A281S,-1.4969747066497803,-0.359
A281D,-2.344444990158081,-0.0819999999999999
A281G,-1.5043647289276123,0.13
A281P,-0.9424855709075928,-2.27
A281V,1.2512238025665283,-0.21
A281T,-0.6365411281585693,-0.355
G282A,1.6782816648483276,-0.039
G282D,-0.4233434200286865,-0.274
G282R,1.7423778772354126,0.119
G282S,0.14161419868469238,-0.081
G282V,1.4713287353515625,0.144
G282C,-2.2324297428131104,-0.216
L283R,0.4441004991531372,-0.899
L283Q,-0.7471349239349365,-0.537
L283V,-0.7679316997528076,-0.426
L283P,-0.791576623916626,-2.908
L283M,-2.1544082164764404,-0.634
T284R,-0.03014993667602539,-2.051
T284M,-3.1311864852905273,-1.157
T284S,-0.18089628219604492,-0.429
T284K,-1.7894206047058105,-2.233
T284A,1.0352097749710083,-1.013
T284P,-0.05858802795410156,-1.607
D285A,-0.35991406440734863,-0.264
D285Y,-0.6378660202026367,-1.506
D285V,-1.3370327949523926,-1.425
D285N,-1.6646578311920166,-0.335
D285H,-0.18962931632995605,-0.28
D285G,-0.24325156211853027,-0.826
D285E,-0.8458750247955322,-0.5589999999999999
W286L,3.744445323944092,-1.253
W286R,1.0822811126708984,-3.159
W286S,0.6031551361083984,-2.126
W286G,1.3655505180358887,-1.621
W286C,-3.099778175354004,-1.76
S287Y,-3.0993432998657227,-0.197
S287A,0.12641620635986328,-0.074
S287C,-3.4863696098327637,0.224
S287F,-2.873415470123291,-0.226
S287P,4.0057053565979,-0.725
S287T,-0.25519752502441406,-0.435
F288V,1.0482919216156006,-0.574
F288S,-0.0878133773803711,-3.417
F288L,0.6992440223693848,-3.238
F288I,-0.6790871620178223,-3.057
F288C,-2.403996467590332,-0.294
F288Y,0.002899169921875,-0.417
V289M,-1.6957335472106934,-0.792
V289L,0.9638025760650635,-0.7929999999999999
V289G,-0.8732976913452148,-1.543
V289E,-1.1986303329467773,-1.994
V289A,-0.06041097640991211,-0.603
R290C,-3.333923578262329,-0.425
R290L,-1.758617639541626,-0.185
R290P,-0.5049359798431396,-2.277
R290S,1.8733856678009033,-0.48
R290G,-0.5579636096954346,-0.184
R290H,-1.715730905532837,-0.341
D291V,-3.8893842697143555,-0.623
D291G,-0.6547092199325562,-0.35
D291E,-0.32084155082702637,-0.327
D291A,-0.7987514734268188,-0.089
D291N,-2.682602882385254,-0.404
D291H,-2.3352508544921875,0.318
D291Y,-4.4607648849487305,-0.626
G292V,-0.5298023223876953,-0.187
G292A,1.5571489334106445,-0.06
G292S,-0.3376755714416504,-0.38
G292R,0.6731967926025391,-0.283
G292D,1.1876859664916992,-0.22
G292C,-3.9766273498535156,-0.341
D293N,-2.5710744857788086,-2.9530000000000003
D293V,-2.3822238445281982,-3.2230000000000003
D293Y,-3.0423169136047363,-0.978
D293H,-2.5811824798583984,-1.025
D293A,-1.1468713283538818,-2.162
D293G,-2.1022486686706543,-3.43
D293E,0.45803260803222656,-1.736
L294V,-0.1314101219177246,0.238
L294R,1.5162534713745117,-0.5329999999999999
L294Q,-0.8022713661193848,-0.705
L294P,0.35397958755493164,-0.449
L294M,-1.9434456825256348,-0.285
R295C,-6.150132656097412,-0.318
R295G,-1.8416820764541626,-0.174
R295L,-2.791233539581299,-0.3670000000000001
R295P,-1.852770447731018,-0.153
R295S,-2.008202075958252,-0.414
R295H,-3.017117977142334,-0.479
L296V,-1.2046103477478027,0.769
L296R,0.6789250373840332,-0.333
L296Q,-0.5338590145111084,-0.351
L296P,-1.1601691246032715,-2.094
L296M,-2.272454261779785,-0.194
A297E,-4.553521156311035,-0.99
A297G,-3.4113893508911133,0.181
A297P,-4.914163589477539,-0.851
A297S,-3.2380685806274414,-0.335
A297T,-2.210190773010254,-0.065
A297V,0.2605001926422119,-0.126
H298P,-1.2619342803955078,-0.913
H298Q,1.2640104293823242,-0.343
H298R,2.8310208320617676,-0.621
H298N,-0.41911745071411133,-0.617
H298D,1.3558130264282227,-0.615
H298Y,-2.9733500480651855,-0.369
H298L,-0.6432919502258301,-0.64
Q299H,-0.37792062759399414,-0.479
Q299E,1.0748348236083984,-0.349
Q299L,-1.9755339622497559,-1.2
Q299P,0.5594749450683594,-0.612
Q299R,1.181199550628662,-0.55
Q299K,-0.8518538475036621,-0.523
K300N,0.3531932830810547,-0.3670000000000001
K300I,-4.322458267211914,-0.55
K300E,1.6573772430419922,-0.309
K300R,1.3085479736328125,-0.37
K300Q,0.5965805053710938,-0.122
K300T,1.9650013446807861,-0.289
L301M,-3.0813307762145996,-0.648
L301V,-0.4797250032424927,-0.711
L301R,-4.041977405548096,-1.616
L301Q,-3.230790138244629,-2.632
L301P,-3.061563491821289,-1.6
D302A,-6.21595573425293,-0.326
D302N,-6.032471179962158,-0.565
D302H,-6.745488166809082,-1.409
D302G,-6.186073303222656,-1.362
D302E,-6.77230167388916,-0.555
D302V,-9.284167289733887,-3.313
D302Y,-10.125617980957031,-1.509
F303I,-5.386724472045898,-0.923
F303S,-7.140373229980469,-1.083
F303V,-4.080325603485107,-0.396
F303Y,-1.7548664808273315,-0.693
F303L,-3.770395517349243,-0.8240000000000001
F303C,-6.8460469245910645,-0.175
L304Q,-6.553778648376465,-3.267
L304R,-7.963289260864258,-1.406
L304V,-0.2722048759460449,-0.193
L304P,-7.34079647064209,-3.278
L304M,-2.7573862075805664,-0.401
G305V,-8.675928115844727,-1.4680000000000002
G305R,-12.13546085357666,-2.029
G305D,-10.26451301574707,-2.95
G305C,-7.275732040405273,-1.247
G305A,-3.4688777923583984,-1.273
G305S,-6.201235771179199,-1.48
V306L,0.41697263717651367,-0.322
V306A,-1.4428796768188477,-1.455
V306D,-8.84762191772461,-3.153
V306F,-2.899703025817871,-0.8029999999999999
V306G,-4.1652374267578125,-1.406
V306I,-0.46593141555786133,-0.287
N307I,-7.924075603485107,-2.649
N307K,-9.790467262268066,-1.358
N307S,-3.9790139198303223,-2.985
N307T,-3.8422446250915527,-1.391
N307Y,-8.771278381347656,-3.159
N307D,-2.7109739780426025,-2.994
N307H,-5.602810382843018,-2.17
Y308F,-2.105283498764038,-0.508
Y308H,-0.9283523559570312,-2.753
Y308N,-4.198269844055176,-2.992
Y308S,-3.9813597202301025,-0.963
Y308D,-6.117060661315918,-0.8370000000000001
Y308C,-5.311326026916504,-3.017
Y309D,-8.848201751708984,-1.651
Y309F,-3.4774019718170166,-2.319
Y309H,-5.147564888000488,-2.772
Y309S,-8.393938064575195,-1.224
Y309C,-7.691229343414307,-2.685
Y309N,-9.073177337646484,-3.143
S310L,-3.6983790397644043,-2.645
S310A,-0.9247007369995117,-0.297
S310P,-3.6664371490478516,-3.197
S310T,0.899435818195343,-0.655
P311A,1.6690890789031982,-1.09
P311T,2.9564454555511475,-0.649
P311S,3.308627128601074,-1.5319999999999998
P311R,0.46306347846984863,-1.306
P311Q,-0.6621723175048828,-1.137
P311L,-2.045011043548584,-2.72
T312N,-1.6435573101043701,-0.4370000000000001
T312I,-0.09489035606384277,-2.007
T312A,0.852999210357666,-1.21
T312S,-0.2564966678619385,-0.442
T312P,-1.244504690170288,-1.843
L313R,-1.2622501850128174,-0.56
L313V,-0.9090397357940674,0.026
L313Q,-2.274782419204712,-0.701
L313P,-2.248797655105591,-1.98
L313M,-2.1321747303009033,-0.312
V314A,-0.8944921493530273,-1.081
V314E,-7.045557975769043,-3.141
V314G,-4.780337810516357,-1.344
V314L,-3.090698480606079,-1.3
V314M,-4.461688995361328,-2.464
S315A,1.0524563789367676,-0.282
S315W,-2.596863269805908,-0.299
S315L,-1.070927619934082,-1.487
S315P,-1.8841533660888672,-2.997
S315T,-0.3321099281311035,-0.605
E316V,0.2375655174255371,-0.38
E316G,1.3057966232299805,-0.25
E316D,0.6309623718261719,-0.179
E316Q,-0.44080018997192383,-0.18
E316A,1.7213549613952637,0.256
E316K,-0.7808938026428223,0.086
A317G,-0.569279670715332,-0.347
A317E,-1.175189733505249,-0.6809999999999999
A317V,-1.39249587059021,-0.418
A317T,-0.8801126480102539,-0.214
A317S,-0.9883575439453125,-0.209
A317P,0.35711169242858887,-0.968
D318V,-0.5488185882568359,-0.529
D318N,-1.380321979522705,-0.187
D318Y,-1.9771599769592285,-0.484
D318H,-1.282686710357666,0.184
D318G,-0.34259033203125,-0.382
D318E,-0.14144325256347656,-0.487
D318A,0.7932546138763428,-0.08
G319V,-1.7494977712631226,-0.239
G319S,-1.6589714288711548,-0.252
G319C,-3.436833381652832,-0.444
G319D,-2.1450157165527344,-0.319
G319A,-0.5949972867965698,-0.508
G319R,-1.013243556022644,-0.387
S320C,-3.376575231552124,-0.403
S320I,-1.6805882453918457,-0.451
S320N,-1.7238061428070068,-0.237
S320R,0.1718592643737793,-0.229
S320T,0.09817337989807129,-0.6759999999999999
S320G,-0.15815472602844238,-0.447
G321D,-0.8629467487335205,-0.287
G321C,-2.5562210083007812,-0.283
G321R,0.21143484115600586,-0.072
G321A,0.9084136486053467,0.59
G321S,-0.424166202545166,-0.284
G321V,0.23674440383911133,-0.529
T322A,0.8544025421142578,-0.287
T322K,-1.8088383674621582,-0.445
T322M,-2.5152807235717773,-0.462
T322P,2.7033653259277344,-0.228
T322R,0.47617053985595703,-0.551
T322S,0.5639815330505371,-0.254
H323D,0.6932506561279297,-0.201
H323Y,0.10121726989746094,-0.362
H323L,1.8109045028686523,-0.634
H323N,-0.7265286445617676,-0.385
H323Q,0.08116912841796875,-0.287
H323P,2.4585812091827393,-0.025
H323R,1.8293817043304443,-0.478
N324T,1.651200532913208,-0.034
N324S,1.31980562210083,-0.396
N324K,-1.4234733581542969,-0.33
N324I,-0.5378332138061523,-0.422
N324H,0.7252118587493896,-0.279
N324D,1.1755256652832031,-0.196
N324Y,-0.05863142013549805,-0.443
S325T,0.42654895782470703,-0.49
S325Y,-1.0988821983337402,-0.339
S325P,2.6890153884887695,-0.37
S325F,-0.962761402130127,-0.352
S325C,-2.2363152503967285,-0.013
S325A,1.6554889678955078,-0.454
D326Y,-0.6339378356933594,-0.546
D326A,1.0016099214553833,-0.4920000000000001
D326H,-0.5021851062774658,-0.106
D326N,-0.8204236030578613,-0.336
D326V,-0.7042198181152344,-0.622
D326E,-0.6982979774475098,-0.111
D326G,0.8746511936187744,-0.49
G327R,-0.5535345077514648,-0.213
G327D,-0.5835766792297363,-0.317
G327C,-3.676206111907959,-0.203
G327A,0.12554931640625,2.12
G327V,-1.0853018760681152,-0.239
G327S,-1.167464256286621,-0.4370000000000001
H328D,1.349813461303711,0.106
H328Y,-0.5298624038696289,-0.301
H328P,1.9089494943618774,-0.62
H328Q,0.18670940399169922,-0.629
H328R,1.2945225238800049,-0.326
H328L,0.3396337032318115,-0.701
H328N,0.20394086837768555,-0.522
G329S,-1.0368962287902832,-0.475
G329V,-0.6715388298034668,-0.484
G329R,-0.6224184036254883,0.573
G329A,-0.1860215663909912,-0.6659999999999999
G329D,-0.36182212829589844,-0.093
G329C,-3.3820276260375977,-0.5579999999999999
R330H,-1.0696535110473633,-0.353
R330P,1.3301986455917358,0.404
R330L,-0.2867732048034668,-0.394
R330G,0.8135237693786621,-0.334
R330C,-3.2151665687561035,-0.209
R330S,0.4911947250366211,-0.449
S331I,-1.5656225681304932,-0.5760000000000001
S331N,-0.626615047454834,-0.7859999999999999
S331R,-0.3561713695526123,-0.665
S331T,-0.11223196983337402,-0.883
S331C,-2.7803914546966553,-0.451
S331G,0.39640212059020996,-0.479
A332S,-0.6467478275299072,-0.805
A332E,-0.8395075798034668,-0.165
A332G,0.29774796962738037,-0.262
A332T,-0.7132046222686768,-0.396
A332P,0.5083807706832886,-0.463
A332V,-0.8976917266845703,-0.381
H333P,1.7061870098114014,-0.555
H333N,-0.2943096160888672,-0.408
H333L,1.2335114479064941,-0.294
H333D,0.9795844554901123,-0.045
H333Y,-0.4908604621887207,-0.235
H333R,1.1330347061157227,-0.364
H333Q,-0.02023029327392578,-0.125
S334C,-2.550739049911499,-0.215
S334A,1.213592767715454,-0.515
S334F,0.6929681301116943,-1.167
S334T,0.4782135486602783,-0.495
S334P,-0.10195088386535645,-0.701
S334Y,0.3602468967437744,-0.967
P335T,-0.6899919509887695,-0.283
P335A,-0.08559656143188477,0.879
P335L,-0.41980886459350586,-1.199
P335Q,-1.7183918952941895,-0.081
P335R,-0.8645460605621338,1.227
P335S,-0.8792145252227783,-0.501
W336G,1.2344670295715332,-1.144
W336L,1.9903239011764526,-0.746
W336R,1.4785616397857666,-2.553
W336S,0.6975207328796387,-0.8
W336C,-2.054605007171631,-1.393
P337S,0.1219472885131836,-0.6890000000000001
P337T,0.30338501930236816,-0.516
P337R,0.3605844974517822,-1.492
P337Q,-0.5666491985321045,-0.969
P337L,0.014792203903198242,-0.584
P337A,0.40377354621887207,-0.359
G338C,-4.043635845184326,-0.32
G338S,-0.5218315124511719,-0.466
G338R,-0.5784897804260254,-0.775
G338D,0.08014798164367676,-0.7390000000000001
G338A,0.700253963470459,-0.113
G338V,-0.16827964782714844,-0.206
A339E,-0.43785786628723145,-0.954
A339P,-0.07404661178588867,-1.232
A339S,-0.5977070331573486,-0.562
A339T,-0.5893754959106445,-0.652
A339V,-1.036686658859253,-0.521
A339G,-0.5210208892822266,-0.716
D340A,-0.4061793088912964,-0.102
D340Y,-2.5879411697387695,-0.5429999999999999
D340V,-1.774166464805603,-0.6859999999999999
D340N,-1.947475790977478,-0.152
D340H,-1.7364157438278198,-0.979
D340G,-0.4018644094467163,-0.32
D340E,-0.16383063793182373,-0.184
R341H,-1.3886897563934326,-0.195
R341L,-1.0336616039276123,-0.248
R341G,0.5350080728530884,0.043
R341P,0.3578791618347168,-0.609
R341C,-3.7106759548187256,-0.483
R341S,-0.8938171863555908,-0.226
V342F,-1.0030150413513184,-0.89
V342I,-0.9628987312316895,-0.072
V342D,0.4073524475097656,-2.7910000000000004
V342A,1.0096654891967773,-1.092
V342L,0.17572402954101562,-0.02
V342G,1.1549698114395142,-1.116
A343V,-0.1932084560394287,-0.218
A343T,-0.4359734058380127,-0.216
A343S,-0.8492758274078369,-0.299
A343G,0.3411216735839844,-0.256
A343E,-1.1220550537109375,-0.389
A343P,-0.27031707763671875,-1.221
F344C,-0.4571528434753418,-0.768
F344G,1.9789834022521973,-0.098
F344I,-0.26725149154663086,-0.677
F344L,0.810002326965332,-0.6
F344S,1.161959171295166,-1.128
F344V,1.0696310997009277,-0.416
F344Y,0.1398777961730957,-0.754
H345Y,-0.5278587341308594,-0.412
H345P,1.4275639057159424,-0.535
H345N,-0.29700279235839844,-0.602
H345L,0.3903634548187256,-0.402
H345Q,0.20533514022827148,-0.63
H345R,1.322307825088501,-0.529
H345D,1.0828919410705566,-0.451
Q346R,1.1304175853729248,-0.328
Q346L,0.3971083164215088,-0.531
Q346K,-1.0918023586273193,0.012
Q346H,-0.5023195743560791,-0.484
Q346E,0.3015730381011963,0.21
Q346P,1.3863952159881592,-0.483
P347S,-1.3806593418121338,-0.301
P347T,-1.1363766193389893,-0.386
P347R,-0.44360852241516113,-0.201
P347Q,-1.3917782306671143,-0.6
P347L,-0.6842746734619141,-0.6920000000000001
P347A,-0.4419538974761963,-0.42
P348T,0.09818744659423828,-0.395
P348S,0.16190862655639648,-0.519
P348R,-0.4234888553619385,0.091
P348A,0.45264744758605957,-0.393
P348Q,-1.4980499744415283,-0.352
P348L,0.274066686630249,-0.38
G349V,-1.7463059425354004,-0.598
G349S,-1.58811616897583,-0.856
G349R,-1.3057775497436523,0.116
G349D,-1.5455894470214844,-0.653
G349C,-4.816308498382568,-0.655
G349A,-0.482743501663208,-0.068
E350K,-1.7405462265014648,-0.226
E350A,0.8435337543487549,-0.192
E350D,-0.4748516082763672,-0.267
E350G,-0.12873029708862305,-0.436
E350Q,-0.8077685832977295,-0.438
E350V,-0.6315832138061523,-0.359
T351P,0.6320493221282959,-0.365
T351N,-1.9387357234954834,-1.131
T351I,-1.8495285511016846,-0.235
T351S,0.11947131156921387,-0.422
T351A,0.7808321714401245,-0.442
T352P,-0.43683457374572754,-1.959
T352S,0.07278704643249512,-0.396
T352R,-0.5198409557342529,-1.796
T352K,-1.5427179336547852,-1.896
T352A,0.34118902683258057,-1.7819999999999998
T352M,-3.4422762393951416,-1.776
A353E,-1.770126461982727,-0.228
A353G,-0.2827197313308716,-0.396
A353P,-0.5391885042190552,-1.019
A353V,-1.9207993745803833,-0.888
A353T,-1.0459691286087036,-0.888
A353S,0.0830991268157959,-0.539
M354I,0.4467623233795166,-0.626
M354R,0.7922108173370361,-1.619
M354T,1.0821847915649414,-0.499
M354V,0.9850969314575195,-1.27
M354K,-0.7458763122558594,-3.003
M354L,1.89603590965271,-0.409
G355D,-3.4491348266601562,-0.374
G355S,-2.8799633979797363,-0.718
G355R,-3.860752820968628,-0.7040000000000001
G355C,-6.069218158721924,-0.47
G355V,-4.746915340423584,-0.968
G355A,-2.747575521469116,-0.6709999999999999
W356C,-6.789639472961426,-1.1
W356G,-5.018406867980957,-0.8909999999999999
W356L,-3.096205234527588,-0.33
W356S,-5.498791217803955,-1.844
W356R,-5.365235805511475,-1.736
A357P,-0.23036456108093262,-1.3
A357V,-1.327148675918579,-0.3229999999999999
A357G,-1.584240436553955,-0.7509999999999999
A357D,-0.5168235301971436,-1.008
A357S,-0.9291038513183594,-0.618
A357T,-0.5829079151153564,-0.096
V358D,-4.742692947387695,-0.905
V358F,-3.3953895568847656,-0.542
V358I,-0.4162251353263855,-0.132
V358G,-4.343265533447266,-0.506
V358L,-1.935969352722168,-0.6459999999999999
V358A,-1.2768254280090332,-0.54
D359V,0.6396799087524414,-1.116
D359G,-0.30391931533813477,-1.4369999999999998
D359H,-0.06084275245666504,-1.843
D359N,-0.977623462677002,-0.591
D359Y,0.1456131935119629,-0.91
D359A,0.1193232536315918,-0.386
D359E,-0.41363096237182617,-0.722
P360L,-5.2138519287109375,-1.882
P360T,-4.290435791015625,-0.223
P360S,-4.336747169494629,-0.526
P360R,-2.7456185817718506,-1.225
P360Q,-4.759922981262207,-0.531
P360A,-2.4973011016845703,0.04
S361T,0.0788888931274414,-0.118
S361R,0.8521194458007812,-0.278
S361N,-1.1725258827209473,-0.318
S361I,-1.3020892143249512,-0.597
S361G,0.4683840274810791,-0.278
S361C,-3.387180805206299,-0.408
G362A,-3.3329243659973145,-0.451
G362C,-8.069784164428711,-0.398
G362D,-7.309328079223633,-1.948
G362R,-6.567616939544678,-0.503
G362V,-6.644525527954102,-1.16
G362S,-5.012272357940674,-0.409
L363M,-1.981702208518982,-0.441
L363P,-3.9734015464782715,-3.272
L363Q,-4.079902172088623,-2.299
L363R,-4.3166093826293945,-1.933
L363V,-0.3899078369140625,-0.726
Y364S,0.20571684837341309,-0.1669999999999999
Y364N,-1.6722333431243896,-1.186
Y364H,0.32288289070129395,-0.813
Y364F,0.028012752532958984,-0.818
Y364D,0.3101320266723633,-0.7959999999999999
Y364C,-2.7261054515838623,-0.969
E365A,1.6281447410583496,-0.465
E365K,-1.8433761596679688,-0.47
E365Q,-0.48725175857543945,0.8220000000000001
E365V,-0.2143840789794922,-0.775
E365D,0.8559613227844238,-0.648
E365G,0.7665915489196777,-0.6779999999999999
L366V,-1.0717697143554688,-0.645
L366Q,-3.586592197418213,-1.554
L366M,-1.8299452066421509,-0.495
L366R,-3.870267868041992,-1.958
L366P,-4.421081066131592,-3.256
L367M,-1.6557228565216064,-0.88
L367P,-6.513089179992676,-3.261
L367Q,-4.4058356285095215,-3.149
L367R,-3.734661102294922,-2.261
L367V,-2.5452845096588135,-0.197
R368C,-3.5295863151550293,-0.483
R368H,-1.322134017944336,-0.457
R368L,-0.908174991607666,-0.544
R368P,-3.0140833854675293,-2.131
R368S,-1.0757951736450195,-0.514
R368G,-1.1240348815917969,-0.8240000000000001
R369H,-1.289829134941101,-0.487
R369C,-5.210683822631836,-0.484
R369G,-2.8069334030151367,-0.688
R369S,-2.8925070762634277,-0.444
R369P,-5.285068511962891,-1.832
R369L,-1.7846649885177612,-1.015
L370V,0.8490848541259766,-0.267
L370R,-3.482036590576172,-2.196
L370Q,-3.699369430541992,-1.435
L370M,-0.7376495599746704,-0.591
L370P,-5.979264736175537,-2.927
S371G,0.020207881927490234,-0.6609999999999999
S371C,-2.6034798622131348,-0.727
S371T,0.32674741744995117,-0.313
S371I,-1.942899227142334,-1.923
S371N,-1.145538330078125,-0.455
S371R,4.114983081817627,-0.8190000000000001
S372A,2.6740055084228516,0.014
S372C,-3.5594115257263184,0.263
S372F,-2.9744372367858887,-0.337
S372P,-2.0793914794921875,-2.604
S372T,0.33295297622680664,-0.365
S372Y,-1.8268918991088867,-0.716
D373Y,-3.8656208515167236,-0.767
D373N,-3.589434862136841,-0.296
D373V,-0.9509367942810059,-0.705
D373G,-2.0394041538238525,-0.701
D373E,0.29343700408935547,-0.035
D373A,0.7669250965118408,-0.283
D373H,-1.3250107765197754,-0.436
F374Y,2.193948984146118,-0.256
F374V,-2.201277494430542,-0.465
F374S,-2.569465398788452,-1.293
F374L,-1.6878483295440674,-0.929
F374I,-3.591918706893921,-1.088
F374C,-2.9769399166107178,-0.579
P375S,-1.382472276687622,-0.924
P375R,-1.2503416538238525,-0.093
P375Q,-2.2355573177337646,-0.648
P375L,-3.9941365718841553,-1.205
P375A,-0.47469186782836914,-0.296
P375T,-2.394731283187866,-0.602
A376E,0.21445775032043457,-0.1689999999999999
A376G,0.42751407623291016,0.208
A376V,-2.866507053375244,-0.475
A376T,-1.0741376876831055,0.051
A376S,-0.36992406845092773,-0.268
A376P,-3.1867427825927734,-1.38
L377M,-2.5192246437072754,-0.546
L377V,-0.7274885177612305,0.202
L377R,-2.2239012718200684,-1.3119999999999998
L377Q,-3.3371706008911133,-0.628
L377P,0.056719303131103516,-2.193
P378R,-3.5333151817321777,-0.5660000000000001
P378Q,-4.030460357666016,-0.746
P378L,-6.735418319702148,-2.181
P378A,-4.58492374420166,-0.547
P378S,-4.328071594238281,-0.7290000000000001
P378T,-5.0876264572143555,-0.62
L379M,-2.046882152557373,-0.407
L379V,-0.25427961349487305,-0.087
L379R,-6.874542236328125,-1.713
L379Q,-6.3658905029296875,-1.089
L379P,-6.985489845275879,-1.34
V380M,-0.8178310394287109,-0.146
V380L,0.2361149787902832,-0.328
V380G,-3.44773006439209,-1.2919999999999998
V380E,-5.032502174377441,-1.694
V380A,-1.5997333526611328,-0.785
I381L,-2.508610725402832,-0.557
I381F,-4.9512619972229,-3.11
I381M,-4.529003143310547,-0.177
I381N,-7.932176113128662,-2.568
I381S,-7.562718868255615,-0.899
I381T,-5.3622894287109375,-2.617
I381V,-0.6086855530738831,-0.7070000000000001
T382P,-7.560705661773682,-1.104
T382S,-2.8675758838653564,-1.4509999999999998
T382A,-3.0869028568267822,-2.319
T382I,-5.341684341430664,-2.712
T382N,-5.894118309020996,-1.54
E383A,-7.929164409637451,-1.431
E383G,-7.197336196899414,-3.2310000000000003
E383K,-10.222908973693848,-2.835
E383Q,-7.1981706619262695,-2.0980000000000003
E383V,-9.54344654083252,-3.304
E383D,-8.06752872467041,-2.589
N384K,-10.214725494384766,-2.878
N384H,-6.137220859527588,-1.359
N384D,-7.423451900482178,-3.034
N384T,-4.977916240692139,-1.015
N384Y,-7.493049621582031,-3.102
N384I,-7.666385173797607,-3.087
N384S,-5.2201738357543945,-0.8909999999999999
G385S,-2.876718044281006,-2.765
G385V,-7.673566818237305,-1.365
G385C,-5.760100841522217,-0.862
G385D,-5.813485145568848,-2.804
G385A,-4.067634582519531,-1.43
G385R,-7.0157341957092285,-2.211
A386P,-3.9699554443359375,-1.938
A386S,-1.726258397102356,-0.7140000000000001
A386T,-1.0508404970169067,-1.111
A386V,-0.31433558464050293,-0.579
A386D,-5.002496242523193,-1.969
A386G,-1.5629655122756958,0.13
A387E,-4.771961212158203,-1.4680000000000002
A387P,-4.27285623550415,-1.022
A387G,-1.1090176105499268,-1.194
A387V,-4.021392345428467,-1.605
A387S,-1.9398884773254395,-0.624
A387T,-3.397806167602539,-1.339
F388Y,-0.42014050483703613,-0.119
F388V,0.7302227020263672,-0.39
F388C,-1.3962922096252441,-0.146
F388L,0.2903623580932617,-0.7859999999999999
F388I,-0.34014105796813965,-0.916
F388S,1.034209966659546,-0.763
H389Y,-0.2321014404296875,-0.506
H389P,1.5911474227905273,-0.18
H389N,-0.22473526000976562,-0.496
H389Q,0.3355875015258789,-0.623
H389L,0.6586294174194336,-1.56
H389D,0.9197282791137695,0.418
H389R,1.4766502380371094,-2.642
D390V,-7.268379211425781,-3.107
D390G,-3.912816286087036,-2.9560000000000004
D390E,-4.598116397857666,-2.177
D390A,-5.087122917175293,-1.198
D390N,-4.544428825378418,-2.5540000000000003
D390Y,-8.424076080322266,-0.993
Y391F,0.11241912841796875,-3.623
Y391E,2.6113126277923584,0.901
Y391D,3.724587917327881,-1.117
Y391C,-1.7878484725952148,-2.892
Y391S,1.888535976409912,-1.058
Y391H,1.1122002601623535,-3.111
Y391N,1.353874683380127,-3.114
A392P,-1.9464879035949707,0.209
A392S,-1.9188203811645508,-0.213
A392T,-0.8062446117401123,-0.258
A392V,1.3659453392028809,0.006
A392G,-2.8237595558166504,-0.51
A392D,-2.4813590049743652,-2.016
D393E,-2.6657090187072754,-1.6869999999999998
D393A,-2.380415439605713,-0.976
D393Y,-4.491471767425537,-1.3159999999999998
D393V,-3.5307717323303223,-1.304
D393N,-1.938780665397644,-0.236
D393H,-1.9768632650375366,-2.031
D393G,-2.5135560035705566,-1.334
P394A,0.6174553632736206,-0.535
P394L,0.642817497253418,-2.546
P394Q,-1.1035277843475342,-1.182
P394R,0.21275711059570312,-2.674
P394T,-0.8899838924407959,-0.816
P394S,-1.0442838668823242,-2.841
E395V,-1.3936467170715332,-0.629
E395Q,-0.5311932563781738,-0.991
E395K,-1.493553638458252,-0.518
E395G,-0.580277681350708,-0.6809999999999999
E395D,1.4039864540100098,-0.186
E395A,0.9715495109558105,-0.285
G396V,-2.4300625324249268,-0.912
G396R,-1.4386355876922607,-0.397
G396S,-2.091479778289795,-0.255
G396A,-1.5121266841888428,-0.51
G396D,-1.7042641639709473,-2.521
G396C,-5.281805038452148,-0.245
N397C,-1.890122413635254,-0.51
N397D,1.1348395347595215,-0.378
N397H,0.9528131484985352,-0.417
N397I,1.3702409267425537,-0.5670000000000001
N397K,0.8431715965270996,-0.46
N397T,1.7585477828979492,-0.409
N397Y,-0.7056899070739746,-0.293
N397S,0.9056096076965332,-0.409
V398F,-3.0944600105285645,-2.166
V398L,0.7411055564880371,-2.079
V398I,-0.7317086458206177,-0.185
V398D,-3.3625054359436035,-3.289
V398G,-2.7790026664733887,-0.976
V398A,-1.1673122644424438,-1.495
N399H,2.995755672454834,-0.246
N399Y,0.17404699325561523,-0.382
N399T,0.2787456512451172,-0.376
N399S,-0.41553378105163574,-0.605
N399K,-1.436115026473999,-0.187
N399I,-0.6987688541412354,-0.428
N399D,1.073190689086914,-1.431
D400E,-4.860681533813477,-2.125
D400H,-6.331599712371826,-1.505
D400N,-5.033880233764648,-2.722
D400V,-7.749813556671143,-2.891
D400Y,-8.830554008483887,-1.876
D400G,-7.062998294830322,-2.94
D400A,-6.5823869705200195,-1.564
P401A,-0.09930253028869629,-0.753
P401S,-2.9309568405151367,-0.378
P401T,-2.100903034210205,-0.604
P401L,-2.3095884323120117,-0.409
P401R,-1.1967438459396362,-0.8
P401Q,-2.7700281143188477,-0.393
E402V,-2.24177885055542,-1.391
E402K,-2.801853656768799,-0.2
E402A,0.4373500347137451,-0.47
E402D,-0.3399754762649536,-0.377
E402G,-1.0618559122085571,-0.677
E402Q,-1.4127007722854614,-0.189
R403P,-10.275201797485352,-2.937
R403C,-10.543983459472656,-2.998
R403G,-9.006322860717773,-1.624
R403H,-7.216983795166016,-2.929
R403L,-8.793457984924316,-2.0580000000000003
R403S,-8.940443992614746,-1.793
I404L,-1.4356021881103516,-0.541
I404N,-5.655540466308594,-2.435
I404S,-4.259302139282227,-0.247
I404F,-5.4715986251831055,-1.557
I404V,-0.17695850133895874,-0.375
I404M,-3.9462456703186035,-0.604
I404T,-2.196995258331299,-0.7829999999999999
A405E,-1.270223617553711,-0.324
A405G,-1.7094614505767822,-0.389
A405P,-2.8153388500213623,-1.3130000000000002
A405S,-2.7054495811462402,0.045
A405T,-1.896979808807373,-0.305
A405V,-3.2931668758392334,-0.245
Y406H,-2.7434065341949463,-2.149
Y406D,-7.184689521789551,-0.982
Y406S,-7.484145641326904,-1.348
Y406N,-6.843381881713867,-2.766
Y406C,-7.647826194763184,-1.3530000000000002
Y406F,-1.6580824851989746,-0.27
V407F,1.3063411712646484,-0.921
V407L,2.3812108039855957,0.37
V407I,-0.4537384510040283,-0.216
V407G,-2.865236520767212,-1.546
V407D,-3.084129571914673,-2.96
V407A,-1.051713228225708,-1.151
R408L,-3.559011936187744,-0.701
R408S,-2.786064624786377,-0.7
R408P,-5.3083086013793945,-2.362
R408G,-2.100879192352295,0.295
R408C,-5.90108060836792,-0.569
R408H,-1.6885663270950317,-0.269
D409G,-0.8914247751235962,-0.345
D409H,-2.79664945602417,-0.235
D409A,-0.31380605697631836,-0.141
D409N,-2.9832749366760254,-0.34
D409E,-0.610708475112915,-0.066
D409Y,-6.272849082946777,-0.515
D409V,-4.800381183624268,-0.718
H410P,-9.971216201782227,-2.271
H410N,-4.717650413513184,-0.962
H410Q,-4.214712142944336,-0.856
H410R,-4.313490867614746,-2.984
H410D,-6.357089519500732,-2.191
H410Y,-2.8039140701293945,-1.95
H410L,-6.460866928100586,-3.252
L411M,-3.9447810649871826,-0.813
L411P,-10.570808410644531,-3.1260000000000003
L411Q,-7.328287124633789,-3.383
L411V,-2.2646493911743164,-0.216
L411R,-7.586518287658691,-2.071
A412T,-1.5064283609390259,-0.125
A412V,-2.0457210540771484,-0.261
A412S,-2.2933859825134277,-0.249
A412P,-4.046213150024414,-2.265
A412E,-1.5505341291427612,-0.019
A412G,-1.0697299242019653,-0.299
A413V,-3.564134120941162,-0.782
A413T,-2.797664165496826,-1.005
A413S,-2.779001235961914,-0.495
A413P,-4.719966411590576,-1.546
A413G,-1.9881540536880493,-0.883
A413E,-2.516658306121826,-0.66
V414I,-1.3376294374465942,0.015
V414F,-3.2117528915405273,-2.401
V414L,-0.37056708335876465,0.202
V414D,-7.057327747344971,-3.189
V414A,-0.720482349395752,-0.616
V414G,-3.6551952362060547,-1.778
H415N,-1.733818531036377,-0.746
H415D,-1.1334896087646484,-0.79
H415R,0.6206510066986084,-0.918
H415P,-3.0793604850769043,-2.109
H415Q,-0.710345983505249,-0.6809999999999999
H415Y,-0.7759852409362793,-0.259
H415L,0.20342588424682617,-0.384
R416P,-3.706730365753174,-1.568
R416C,-6.056768417358398,-0.7040000000000001
R416G,-1.1719263792037964,-0.46
R416H,-2.7938108444213867,-0.192
R416L,-3.5546998977661133,-0.625
R416S,-2.0990028381347656,-0.504
A417P,-8.675210952758789,-1.776
A417S,-4.334688186645508,-0.564
A417E,-5.8997955322265625,-1.453
A417G,-4.178529262542725,-0.735
A417V,-4.079607009887695,-1.389
A417T,-4.761157035827637,-1.334
I418V,-0.2918262481689453,-0.732
I418T,-4.107504367828369,-1.148
I418S,-6.045926094055176,-0.7440000000000001
I418N,-7.705672740936279,-1.39
I418M,-2.534656047821045,-0.254
I418L,-0.7109274864196777,-0.194
I418F,-4.5339035987854,-0.758
K419T,0.8506259918212891,-0.064
K419N,-0.1374192237854004,-0.484
K419I,-1.957442283630371,-0.35
K419E,2.118063449859619,-0.318
K419R,2.6253514289855957,-0.464
K419Q,0.6080985069274902,-0.201
D420Y,-6.271592617034912,-0.569
D420V,-4.071290016174316,-0.747
D420N,-3.7295117378234863,-0.535
D420H,-3.7511162757873535,-0.314
D420G,-2.2480058670043945,-0.594
D420E,-0.6289188861846924,-0.13
D420A,-0.02165365219116211,0.152
G421V,-6.10572624206543,-1.214
G421S,-5.538502216339111,-1.31
G421R,-3.7631447315216064,-1.159
G421D,-4.69273567199707,-0.906
G421C,-6.899942874908447,-0.499
G421A,-5.8883233070373535,-1.5719999999999998
S422T,0.6718521118164062,-0.386
S422P,-1.3521833419799805,-2.842
S422A,2.1265738010406494,-0.245
S422L,-0.543025016784668,-0.993
D423V,-4.439547538757324,-0.732
D423A,-2.3031911849975586,-0.767
D423E,-3.0445475578308105,-0.464
D423G,-2.2323179244995117,-1.136
D423Y,-5.55275297164917,-0.623
D423N,-1.683414101600647,0.036
V424M,-4.957298278808594,-2.053
V424L,-2.743110179901123,-1.273
V424G,-5.521550178527832,-1.73
V424E,-9.66797161102295,-3.472
V424A,-3.09779691696167,-1.7480000000000002
R425H,-3.214479684829712,-0.755
R425G,-4.14571475982666,-0.633
R425S,-3.1548962593078613,-0.769
R425P,-6.4544878005981445,-1.888
R425C,-4.111416816711426,-0.8859999999999999
R425L,-1.9419810771942139,-0.74
G426D,-7.402382850646973,-2.93
G426V,-7.850641250610352,-1.198
G426A,-3.4768004417419434,-0.72
G426C,-8.500980377197266,-1.599
G426S,-5.818368434906006,-2.291
G426R,-5.568637847900391,-1.286
Y427N,-8.11587142944336,-3.077
Y427H,-5.369848728179932,-1.3869999999999998
Y427F,-4.255196571350098,-0.463
Y427S,-6.824706554412842,-0.939
Y427C,-6.625933647155762,-3.195
Y427D,-9.199868202209473,-1.416
F428V,-2.936351776123047,-0.939
F428Y,-3.156954288482666,-0.8009999999999999
F428L,-2.059645891189575,-1.617
F428I,-4.0946760177612305,-1.3530000000000002
F428C,-4.200218200683594,-0.647
F428S,-4.336766242980957,-3.1910000000000003
L429Q,-1.4801478385925293,-1.097
L429M,-0.10873746871948242,-0.542
L429V,3.037679672241211,-0.56
L429P,0.38397789001464844,-3.181
L429R,-3.4200000762939453,-1.755
W430G,-8.577146530151367,-1.556
W430S,-7.337527751922607,-1.912
W430C,-8.569635391235352,-1.284
W430R,-8.151817321777344,-3.125
W430L,-9.174886703491211,-1.159
S431A,-3.2778477668762207,-0.08
S431L,-7.91335391998291,-2.614
S431P,-7.53889274597168,-3.244
S431T,-0.9124855399131775,-0.483
S431W,-8.066536903381348,-0.81
L432M,-3.4693398475646973,-0.494
L432P,-6.497309684753418,-3.254
L432Q,-6.543417453765869,-1.044
L432R,-7.695597171783447,-1.98
L432V,-2.993053436279297,-0.94
L433M,0.3816258907318115,-0.637
L433V,-1.072816014289856,-0.493
L433R,-5.269876480102539,-1.965
L433P,-5.016049385070801,-2.99
L433Q,-3.2606043815612793,-2.313
D434V,-8.945657730102539,-2.928
D434Y,-8.938486099243164,-1.945
D434H,-7.569769859313965,-2.527
D434A,-6.108548641204834,-1.364
D434G,-6.041769981384277,-2.766
D434E,-6.51168155670166,-2.362
D434N,-5.52316951751709,-2.594
N435S,-3.3218026161193848,-2.6710000000000003
N435Y,-6.361148834228516,-3.684
N435D,-3.4314932823181152,-2.748
N435T,-3.322270393371582,-0.292
N435H,-4.682830333709717,-1.495
N435I,-4.689906120300293,-3.238
N435K,-6.768082141876221,-2.3040000000000003
F436Y,-2.3504436016082764,-0.348
F436V,-4.459417819976807,-0.945
F436L,-3.1817386150360107,-0.933
F436C,-6.373967170715332,-1.479
F436I,-4.672334671020508,-3.458
F436S,-5.296153545379639,-3.214
E437D,-4.564248085021973,-1.902
E437A,-4.62447452545166,-1.865
E437Q,-4.321285724639893,-2.299
E437V,-5.79660177230835,-3.0210000000000004
E437K,-7.708107948303223,-2.777
E437G,-5.447332382202148,-2.86
W438S,-7.025106906890869,-2.354
W438L,-4.581186294555664,-0.999
W438C,-7.550064563751221,-1.564
W438G,-7.202211856842041,-0.946
W438R,-5.778809070587158,-3.279
A439E,-3.223958969116211,-0.636
A439G,-1.5904083251953125,0.079
A439V,-2.2645843029022217,-0.262
A439T,-2.461033344268799,-0.547
A439S,-1.80000638961792,-0.193
A439P,-4.355649471282959,-1.4280000000000002
H440Q,-0.38149023056030273,-0.455
H440P,-2.1601085662841797,-1.614
H440N,-0.24078845977783203,-0.461
H440L,-1.186398983001709,-0.67
H440D,1.0880733728408813,0.262
H440Y,-0.38394951820373535,-0.501
H440R,-0.41080355644226074,-1.518
G441V,-7.412652015686035,-1.954
G441A,-4.257803440093994,-2.968
G441C,-6.407304763793945,-0.868
G441D,-5.308855056762695,-3.08
G441R,-7.476251125335693,-2.999
G441S,-5.156652450561523,-3.037
Y442F,-1.7265822887420654,-0.39
Y442S,-5.56282377243042,-1.4780000000000002
Y442H,-4.4138994216918945,-3.063
Y442N,-6.181555271148682,-3.49
Y442D,-5.84917688369751,-0.439
Y442C,-6.7619309425354,-3.22
S443I,-4.324321746826172,-1.959
S443R,-1.2580598592758179,-2.07
S443T,0.09714984893798828,-1.958
S443G,-0.6492198705673218,-0.736
S443C,-4.499757289886475,-1.5759999999999998
S443N,-2.4449386596679688,-1.779
K444I,-2.1281895637512207,-0.8320000000000001
K444T,-0.20137429237365723,-0.128
K444R,0.5155267715454102,-0.417
K444Q,0.5047882795333862,-0.343
K444N,-2.1546730995178223,-0.966
K444E,0.3755979537963867,-0.7959999999999999
R445C,-8.089391708374023,-2.962
R445G,-6.108134746551514,-1.882
R445H,-3.813877820968628,-2.883
R445S,-5.330592155456543,-2.064
R445L,-5.716948986053467,-2.282
F446I,-7.03053092956543,-3.237
F446Y,-2.0082454681396484,-0.391
F446V,-6.855123996734619,-0.77
F446S,-7.165858268737793,-3.059
F446C,-7.7735161781311035,-1.45
F446L,-4.876461982727051,-1.711
G447V,-8.575904846191406,-2.122
G447A,-5.486420631408691,-1.816
G447C,-7.894975662231445,-1.831
G447D,-5.772161483764648,-2.78
G447R,-6.933078765869141,-1.979
G447S,-6.346303939819336,-2.456
A448D,-2.2210073471069336,-2.239
A448G,-0.6321263313293457,-0.991
A448P,-1.1556339263916016,-1.457
A448S,-1.3486032485961914,-0.327
A448T,-0.24219560623168945,-0.015
A448V,1.9895336627960205,-0.093
V449E,-5.4206342697143555,-2.732
V449G,-4.728679656982422,-1.252
V449L,-1.3681248426437378,-0.7140000000000001
V449M,-4.031525611877441,-0.5870000000000001
V449A,-2.37929105758667,-0.928
Y450D,-3.6616241931915283,-1.4069999999999998
Y450F,-2.025150775909424,-0.356
Y450S,-3.9471070766448975,-1.102
Y450H,-1.3614020347595215,-1.894
Y450N,-3.778756856918335,-2.642
Y450C,-4.990370750427246,-3.181
V451G,-7.531645774841309,-2.228
V451A,-4.053160190582275,-3.14
V451D,-8.309565544128418,-3.403
V451F,-5.8823699951171875,-1.824
V451I,-3.3133745193481445,-0.241
V451L,-4.224868297576904,-1.415
D452Y,-8.57659912109375,-0.378
D452V,-7.790615558624268,-0.875
D452N,-3.9943790435791016,-0.75
D452H,-6.643651962280273,0.037
D452G,-7.309569358825684,-2.339
D452E,-6.021398544311523,-0.517
D452A,-6.6916093826293945,-1.12
Y453H,-1.3365767002105713,-2.027
Y453S,-2.7175276279449463,-1.318
Y453N,-3.2262871265411377,-3.594
Y453F,-0.6306488513946533,-0.251
Y453D,-1.9496443271636963,-1.977
Y453C,-4.551584243774414,-3.094
P454A,2.8979005813598633,-1.414
P454Q,1.4170114994049072,-1.233
P454L,-0.029866695404052734,-0.919
P454S,1.0345485210418701,-1.492
P454R,2.8089828491210938,-0.955
P454T,1.2653007507324219,-1.162
T455A,-2.9789390563964844,-1.244
T455I,-6.537132263183594,-0.757
T455N,-1.8755905628204346,-0.857
T455P,-4.449483394622803,-1.7719999999999998
T455S,-1.288027048110962,-0.483
G456C,-4.4476728439331055,-0.6990000000000001
G456D,-0.13250207901000977,-2.881
G456R,0.8517940044403076,-0.387
G456S,-0.9332253932952881,-0.402
G456V,-1.4661893844604492,-1.93
G456A,-0.3397641181945801,0.014
T457A,0.4268333911895752,-0.297
T457K,0.25628232955932617,-0.133
T457M,-1.958728313446045,-0.605
T457R,1.9739407300949097,-0.736
T457S,-0.7265357971191406,-0.523
T457P,-1.435438632965088,-2.205
R458S,-5.792685508728027,-2.41
R458P,-5.003942012786865,-2.331
R458L,-4.732107639312744,-2.0
R458H,-5.0149383544921875,-2.396
R458C,-7.864755630493164,-3.067
R458G,-5.677317142486572,-2.552
I459F,-0.565211296081543,-0.5489999999999999
I459L,1.1669211387634277,-0.815
I459M,-0.02850627899169922,0.295
I459N,0.926055908203125,-2.236
I459S,3.503573417663574,-1.009
I459T,4.3655595779418945,-0.341
I459V,1.5047447681427002,-0.498
P460Q,-4.740233421325684,-0.429
P460A,-2.5899624824523926,-1.405
P460L,-2.5134997367858887,-0.508
P460T,-4.06965446472168,-0.7140000000000001
P460R,-3.726438522338867,-1.014
P460S,-3.8424859046936035,-0.92
K461N,-5.514236927032471,-3.137
K461I,-4.979275226593018,-3.214
K461E,-3.851268768310547,-3.234
K461R,-0.7523453235626221,-3.31
K461T,-3.578709125518799,-1.337
K461Q,-3.0579710006713867,-2.049
A462T,-1.2184147834777832,-0.176
A462V,-2.5838892459869385,-0.474
A462D,-0.20787358283996582,-0.439
A462G,-1.5368096828460693,-0.607
A462P,-0.26384949684143066,-1.42
A462S,-1.527679443359375,-0.383
S463T,-2.500443696975708,-0.655
S463R,-5.720078468322754,-2.903
S463N,-3.969780206680298,-3.36
S463I,-6.95111083984375,-0.7609999999999999
S463C,-5.935487747192383,-0.8290000000000001
S463G,-3.2403790950775146,-1.5830000000000002
A464V,-4.571582317352295,-0.956
A464D,-3.3849332332611084,-2.127
A464T,-3.645230293273926,-1.31
A464S,-2.467721939086914,-0.753
A464P,-4.034761428833008,-1.774
A464G,-1.2439355850219727,-0.71
R465C,-3.1508264541625977,-0.507
R465P,-1.4989495277404785,-1.992
R465L,-1.22035551071167,-0.295
R465H,-0.6430332660675049,-0.189
R465G,-1.286895751953125,-0.608
R465S,-1.511277198791504,-0.619
W466S,-5.702633857727051,-1.477
W466R,-5.333090782165527,-2.715
W466C,-6.988504886627197,-0.603
W466G,-5.831645488739014,-1.826
W466L,-4.366616249084473,-0.626
Y467N,-6.397451400756836,-3.148
Y467C,-4.789712429046631,-2.112
Y467D,-7.274381160736084,-1.384
Y467S,-5.249842166900635,-2.0540000000000003
Y467F,-1.6404423713684082,-0.377
Y467H,-4.156447410583496,-3.1860000000000004
A468S,-2.0209388732910156,-0.219
A468T,-2.152589797973633,-0.5
A468G,-1.3971774578094482,0.143
A468D,-1.574815034866333,-2.2
A468V,-2.9742987155914307,-1.385
A468P,-3.6578333377838135,-1.97
E469A,-1.4157427549362183,-0.306
E469D,-0.8563942909240723,-0.197
E469G,-2.8268513679504395,-0.276
E469K,-3.765794277191162,-0.041
E469Q,-2.1943626403808594,-0.2
E469V,-5.400673866271973,-0.416
V470D,-5.482941627502441,-3.666
V470A,-1.0669927597045898,-1.163
V470L,2.425203323364258,0.159
V470I,-0.08121299743652344,-0.159
V470G,-4.573373317718506,-1.466
V470F,-1.290174961090088,-0.818
A471S,-1.9074323177337646,-0.654
A471P,-3.7316195964813232,-1.125
A471G,-2.171241044998169,-1.218
A471D,-2.91083025932312,-2.169
A471T,-1.2705867290496826,-0.335
A471V,0.8600828647613525,-0.274
R472C,-5.667781829833984,-0.539
R472P,-3.389554023742676,-2.5980000000000003
R472G,-1.66819429397583,-0.544
R472H,-3.024590492248535,-0.464
R472L,-3.7450857162475586,-0.594
R472S,-1.9382624626159668,-0.562
T473A,0.9380178451538086,-0.615
T473K,-1.2572593688964844,-0.401
T473M,-2.7558279037475586,-0.63
T473P,-2.144807815551758,-1.814
T473R,1.1765899658203125,-0.4270000000000001
T473S,0.3225588798522949,-0.386
G474R,-1.1401448249816895,-0.537
G474D,-1.4722168445587158,-0.628
G474C,-4.5808939933776855,-0.366
G474A,-1.4682879447937012,-0.767
G474S,-1.842895746231079,-0.408
G474V,-3.11453914642334,-1.354
V475D,0.45742273330688477,-0.8009999999999999
V475F,-1.624626636505127,-0.434
V475G,0.9542741775512695,0.01
V475I,-1.2519073486328125,-0.419
V475L,0.5482382774353027,-0.531
V475A,1.088183879852295,-0.423
L476R,-1.3995270729064941,-1.4340000000000002
L476Q,-2.3391525745391846,-1.408
L476V,-0.9208040237426758,-0.265
L476M,-2.7148454189300537,-0.393
L476P,-1.7214570045471191,-1.154
P477T,-0.0704345703125,-0.363
P477A,0.33545565605163574,-0.366
P477R,-0.6422111988067627,-0.54
P477S,-0.522580623626709,-0.289
P477Q,-1.2991814613342285,-0.495
P477L,-1.3347465991973877,-0.536
T478A,1.6166571378707886,-0.109
T478I,-1.6662964820861816,-0.032
T478S,-0.02641153335571289,-0.06
T478N,-1.5853996276855469,-0.5670000000000001
T478P,1.2961345911026,-0.387
A479P,0.09730815887451172,-0.035
A479G,0.2632211446762085,-0.222
A479D,0.3392893075942993,-0.152
A479V,-1.309990406036377,-0.611
A479T,-0.4311857223510742,-0.322
A479S,-0.40618371963500977,-0.185
G480A,0.2507443428039551,-0.6709999999999999
G480W,-2.112213134765625,-0.36
G480V,-0.12800335884094238,-0.251
G480R,-1.3808116912841797,-0.116
G480E,-1.4923362731933594,-0.301
D481E,-0.4249396324157715,-0.162
D481A,0.2516310214996338,0.162
D481N,-1.4249393939971924,0.123
D481V,-0.8052277565002441,-0.266
D481Y,-2.2386178970336914,-0.043
D481G,-0.1479964256286621,-0.278
D481H,-1.853689193725586,-0.043
P482A,0.11683058738708496,0.15
P482T,-0.8593184947967529,-0.208
P482S,-1.0051333904266357,-0.348
P482R,-0.6471507549285889,-0.231
P482Q,-1.8269414901733398,-0.136
P482L,-0.869863748550415,-0.408
N483I,0.19890642166137695,-0.305
N483Y,0.9484753608703613,-0.161
N483T,1.6135482788085938,-0.258
N483S,1.6821436882019043,-0.337
N483K,-0.06548452377319336,-0.151
N483H,0.5896782875061035,-0.277
N483D,1.7183780670166016,-0.19
S484W,-0.015407323837280273,-0.747
S484T,0.7607386112213135,-0.257
S484P,0.36017727851867676,-0.381
S484A,1.295839548110962,0.079
S484L,0.2733123302459717,-0.185
S485T,0.46730804443359375,0.047
S485R,0.7591471672058105,0.027
S485N,-1.4673876762390137,-0.458
S485I,-0.8886618614196777,0.184
S485G,0.8864345550537109,-0.184
S485C,-3.0346932411193848,-0.194
S486C,-2.8138647079467773,0.206
S486Y,1.3410508632659912,-0.231
S486T,0.6372709274291992,-0.16
S486P,0.6295959949493408,-0.07
S486F,0.34072351455688477,-0.278
S486A,1.1578474044799805,0.104
V487F,0.26604247093200684,-0.118
V487I,-0.7158451080322266,0.016
V487L,0.6594257354736328,-0.146
V487D,0.046892642974853516,-0.239
V487A,1.4695470333099365,-0.171
V487G,0.4802227020263672,-0.075
D488E,0.15570688247680664,-0.156
D488V,-0.8127102851867676,-0.153
D488Y,-1.567007064819336,-0.407
D488A,1.0693457126617432,-0.145
D488G,0.07545733451843262,-0.357
D488H,-1.2166357040405273,-0.102
D488N,-1.4262990951538086,-0.145
K489E,1.9027791023254395,-0.371
K489T,1.3652546405792236,-0.197
K489R,2.0027427673339844,-0.313
K489N,-0.06317377090454102,-0.215
K489M,-0.837712287902832,-0.379
K489Q,1.1081523895263672,-0.195
L490V,-0.12013053894042969,-0.665
L490H,-1.4876251220703125,-0.283
L490I,-1.007338523864746,-0.294
L490P,0.3463139533996582,-0.302
L490R,-0.5320382118225098,-0.075
L490F,-1.7940897941589355,-0.071
A491P,-1.6036721467971802,0.379
A491S,-1.6195489168167114,-0.677
A491E,-1.8214155435562134,-0.259
A491T,-0.8504091501235962,-0.406
A491V,-0.7480164766311646,-0.383
A491G,-1.3511744737625122,0.541
A492D,-1.5512858629226685,-0.248
A492S,-1.781964659690857,-0.073
A492P,-1.2220267057418823,0.163
A492G,-1.6461390256881714,-0.206
A492V,-2.2351174354553223,-0.113
A492T,-1.6734317541122437,-0.189
A493T,-1.4422221183776855,-0.194
A493V,-1.0511198043823242,-0.34
A493S,-1.5134224891662598,-0.266
A493P,-1.6523644924163818,-0.103
A493G,-1.192885398864746,-0.147
A493E,-1.2944087982177734,-0.041
L494F,-1.6026043891906738,-0.183
L494H,-0.1866614818572998,-0.077
L494I,-1.1440985202789307,-0.365
L494P,0.1408228874206543,-0.07
L494R,-0.15385937690734863,0.054
L494V,-0.22185134887695312,-0.057
E495V,-0.8032174110412598,-0.1669999999999999
E495D,1.1077444553375244,-0.246
E495G,0.8167328834533691,-0.117
E495K,-0.4859316349029541,-0.206
E495Q,-0.08671021461486816,-0.146
E495A,1.3070316314697266,-0.371
H496D,-0.8394556045532227,-0.192
H496L,-2.2512130737304688,-0.198
H496N,-2.15730881690979,-0.589
H496P,-1.0516901016235352,-0.237
H496Q,-0.733628511428833,-0.008
H496R,-0.6461777687072754,-0.268
H496Y,-3.153181552886963,-0.489
H497N,-2.52390718460083,-0.5660000000000001
H497L,-1.148655652999878,-0.428
H497P,-2.1850852966308594,-0.1369999999999999
H497Q,-1.9054102897644043,-0.512
H497R,-1.5167195796966553,-0.507
H497Y,-2.8751914501190186,-0.109
H497D,-0.854285478591919,0.21
H498R,-2.1505110263824463,-0.258
H498Q,-2.6464638710021973,-0.388
H498D,-2.42867374420166,-0.141
H498T,-4.023601531982422,-1.247
H498P,-3.777308940887451,-0.77
H498Y,-3.664400577545166,-0.338
H498L,-2.4320454597473145,-0.403
H498N,-2.712956666946411,-0.312
H499L,-2.8568973541259766,-0.42
H499D,-2.5398523807525635,-0.14
H499P,-2.6407113075256348,-0.395
H499Q,-2.4320602416992188,-0.414
H499R,-1.640822172164917,-0.341
H499T,-3.3413801193237305,0.185
H499Y,-4.524980545043945,-0.255
H499N,-2.8043153285980225,-0.486
H500Y,-4.002833366394043,-0.353
H500T,-4.300469398498535,-0.823
H500R,-2.322448253631592,-0.332
H500Q,-2.9324159622192383,-0.1669999999999999
H500N,-3.3142871856689453,-0.317
H500D,-3.2007179260253906,-0.431
H500P,-3.674656867980957,-0.103
H500L,-3.584996223449707,-0.194
H501D,-2.5759804248809814,-0.23
H501L,-3.222316265106201,-0.336
H501N,-3.8997039794921875,-0.456
H501P,-2.964644432067871,-0.613
H501Q,-2.8760128021240234,-0.31
H501R,-2.1806933879852295,-0.199
H501Y,-3.80819034576416,-0.3670000000000001
