mutant,RITA_score,DMS_score
A175S:T182S,-0.48868855834007263,0.403436084377
D170E:P174A,-0.5375699102878571,0.628885735426
P202H,-0.5045415312051773,0.08686077
D170A:A175S,-0.5133844763040543,1.53534220182
D170G:Q200K,-0.5476456880569458,0.713678198087999
R187H:L190R,-0.5859982669353485,0.6903229059520001
I193N:D201V,-0.6222612857818604,1.03483113127
S183N:S184C,-0.4986407905817032,0.394531134619
W177L:T182I,-0.6870872378349304,0.113211842875
V171A:M179L,-0.5231197029352188,0.4649867902539989
V171A:I193M,-0.5175363272428513,0.826271593653
S184A:Q200E,-0.5179990530014038,0.352886718764
P174L:S183R,-0.6104198396205902,0.517549220688
D170H:P172Q,-0.5296341627836227,1.27683353528
A180D:I193F,-0.547422781586647,0.0973178324171
A175V:K181N,-0.5291378349065781,0.342654779676
E178G:Q186P,-0.5793356597423553,0.267377976433
S183R:R187A,-0.5351244360208511,2.5133620516999904
D170E:D201V,-0.5846633017063141,0.794665491333
K181E:S183C,-0.5205801278352737,0.0754682681834
P174A:L190M,-0.5664795339107513,0.364689281391
D170E:F189V,-0.5388973951339722,0.0761677818603
S183L:T196S,-0.5094252228736877,0.958662915748
M179R:Q186P,-0.5909586846828461,0.313002917448
A175H:A180G,-0.5287475138902664,1.89109578075999
S183L:S184C,-0.5327343046665192,0.834225173697
I193F:D201V,-0.6343924403190613,0.23238480101
K181T:T182I,-0.5175120085477829,0.570180837788
A175S:G185S,-0.5069448053836823,0.103527688405
M179R:S183T,-0.5489538311958313,0.652745555398999
P174R:Q186H,-0.6164215207099915,0.26208091058
M179K:Q200R,-0.5724913477897644,1.05355755622
G185S:I193L,-0.5125416964292526,0.3889506656840001
Q186E:D194G,-0.5461363643407822,0.719066217951
P174R:A175V,-0.6089470088481903,0.110593741541
M179V:H192S,-0.5500799417495728,0.878698248127
G176A:S183G,-0.5535616278648376,0.2944497949619989
P174G:W177S,-0.7397858500480652,1.04674872777
Q200R:D201A,-0.5837946236133575,0.813263335764
F189Y:D194A,-0.5222772806882858,1.90519672892
P174R:T198S,-0.6020339727401733,0.18767307628
P172A:S184C,-0.546226292848587,0.6511061067
Q195E:T198G,-0.5426183193922043,1.189754764
A180P:D201V,-0.6142632961273193,0.379621311586
S184T:R187C,-0.506617471575737,0.652415841357
V171A:G176C,-0.5615972578525543,0.676986254983
S184Y:D194Y,-0.6324568688869476,0.732140205055
W177S:D194A,-0.7634154558181763,0.0427156697325
G176S:I193F,-0.5597455501556396,0.4719334996190001
P174S:Q195R,-0.5744735896587372,0.968099195653
L173I:Q195K,-0.5077416896820068,0.848512699934999
A180T:T196S,-0.4935739189386368,0.275014998976
E178K:D194N,-0.5621291697025299,0.398819387792999
S183G:S184A,-0.5035079270601273,0.654991031311
P172T:K181R,-0.5295858383178711,0.880860882699
S183R:D194T,-0.5658919215202332,2.1155886568
T182I:L190K,-0.6190084218978882,2.1823795667
D170Q:I193C,-0.5631174743175507,1.5652660561200002
T182C:W199C,-0.6697007715702057,0.633468742359
P172E:T197S,-0.5637725591659546,0.52642202832
T182N:S183I,-0.5118063539266586,0.342560168819
G176A:K181I,-0.5644460320472717,0.284608477265
A175S:S183T,-0.4901963770389557,0.576419490066
G176R:D201Y,-0.6831573247909546,0.299338089799
T182A,-0.4651140123605728,0.658983784
V171F:D194V,-0.6004542112350464,0.6408597883380001
E178A:Y188F,-0.5258981883525848,0.351769304721
W177R:Q195K,-0.7275174856185913,0.561785510511
A175V:T196R,-0.5383145660161972,1.00150318806
P174Q:Y188L,-0.6441405713558197,1.25669363169
S183R:Q200L,-0.5471414178609848,0.634420338565
S183R:R187A,-0.5351244360208511,2.5133620516999904
N191K:I193L,-0.5078985691070557,0.106115291446
G176R:Y188F,-0.5765110850334167,0.113568725560999
P174Q:K181R,-0.562631756067276,0.501705068983
D170G:G176D,-0.5658562779426575,0.372886393981
T182S:S183C,-0.5049547106027603,0.130336579708999
E178A:Q195P,-0.5350559949874878,0.245782023376
D170E:E178D,-0.48762208223342896,1.6311092934
V171F:E178Q,-0.5484050214290619,1.3264002862
S184T:D201I,-0.6121424436569214,0.847763358244999
L173V:L190V,-0.5359146296977997,0.325753291648
L173P:T196S,-0.551199346780777,0.106970688139
P172S:R203L,-0.6154893040657043,0.077780745971
A175G:D194Y,-0.6084052920341492,1.00925148026
Y188D:T198S,-0.7559753954410553,0.0957846526855
P174G:K181T,-0.6032288670539856,0.925064487073
D170Y:D201A,-0.6693659126758575,0.555520402029
A175N:S183R,-0.5201251953840256,2.9165559975099904
A180R:I193M,-0.5395244807004929,3.1151185467199904
P172Q:S183W,-0.6177112758159637,0.521066417287
E178Q:N191H,-0.5091340839862823,0.281612253569
N191D:P202T,-0.5536214113235474,0.0303966483425
F189G:L190R,-0.8054909110069275,0.944115998496
D170V:L190I,-0.5720794796943665,2.86749559317
R187H:P202R,-0.5695099830627441,0.285355929514
P172R:W177S,-0.7377825081348419,0.122784648375
A175T:D201H,-0.5482061058282852,0.429976209774
S184T:Q200R,-0.5072148889303207,1.45844579006
I193V:Q200K,-0.49894654750823975,0.144256846432
D170E:T198A,-0.49343182146549225,0.49792975977
K181I:Q200R,-0.532142773270607,0.888068344656
G176D:I193M,-0.5315111130475998,0.197552810084
D170V:T198R,-0.5826523303985596,0.607639853435
P172A:D194A,-0.5569452941417694,1.80026672620999
Q195L:T198A,-0.5376233160495758,0.2883360855669989
A175T:Q195R,-0.5014412552118301,1.9251215529799897
N191S:D194N,-0.5088279247283936,1.1134545406999898
E178H:H192D,-0.5974223911762238,1.20154299048
I193V:Q195K,-0.4904320687055588,1.53075806224
K181I:S184A,-0.5143706351518631,0.508281571872999
E178G:D194Y,-0.6355443000793457,2.4804433245700004
V171L:Q200E,-0.5203063637018204,0.84733793092
G185R:T196S,-0.5514578223228455,0.111053159182999
P174S:M179Q,-0.577827662229538,0.782256937272
V171L:S183N,-0.5065399557352066,1.83680557764999
V171F:Q186H,-0.5433034300804138,0.700411528416
D170L:Q195H,-0.5768048763275146,0.649919667878
D170K:T198S,-0.5679406523704529,5.87533178634
S184T:T198R,-0.5173792839050293,0.143166759799
T198M:Q200K,-0.5241806954145432,0.249687505621
V171E:L173M,-0.5546354055404663,2.26505732162
K181I:S184Y,-0.5585769265890121,1.44161195037999
D194G:T198A,-0.5430374592542648,0.663596716904
E178A:T182S,-0.5109834223985672,0.744747681484999
D170G:V171H,-0.5466284602880478,2.1429708475
Q186E:R187H,-0.5005903840065002,0.589974492441
E178D:R203L,-0.5858700275421143,0.056215594938
P172S:L190K,-0.6203343868255615,4.67887482108
L190M:Q195K,-0.5158566385507584,1.24458660501
D170Y:Y188D,-0.8511904180049896,0.3425075189329989
E178D:L190V,-0.5139200240373611,0.746726028595999
P174S:T196K,-0.575421154499054,0.602082129256
D194A:T198P,-0.5528970956802368,0.465691114111
R187P:I193N,-0.5337938368320465,1.75136508167
M179S:S183R,-0.553189143538475,1.25456606646
D170N:L173M,-0.5372947454452515,0.797652971031
G176D:Q195K,-0.5339061319828033,1.04893019395
E178G:G185D,-0.5864846408367157,0.0629983267213
E178K:D201H,-0.6030882894992828,0.206405322208
T196N:D201N,-0.5415627956390381,0.0610770887722
D170E:I193V,-0.48120643198490143,1.00039599013
A175V:G185V,-0.6065722107887268,0.1919754445389989
D170E:T196I,-0.4938511997461319,0.877873545722
L173M:Q195H,-0.5131321251392365,0.759770745067999
D170H:G185R,-0.5955404937267303,0.350615862329
D170A:L190V,-0.5434934347867966,1.14398916659
D194V:T196A,-0.5539953857660294,0.442464040404
P174A:E178D,-0.5432674139738083,0.167616134323
V171L:I193S,-0.5388793498277664,0.915829800611
R187Q:D194E,-0.5146569460630417,2.3545869958
P172A:K181S,-0.550113707780838,1.2681117189
E178A:S183I,-0.5372884422540665,1.25135321884
V171F:E178Q,-0.5484050214290619,1.3264002862
P172S:T196I,-0.5398888438940048,0.950224196613
S184A:R203C,-0.5462956428527832,0.129648913241
E178D:T196A,-0.5057259798049927,0.59199651774
Q186R:R187H,-0.49701839685440063,1.47730637434
D170N:K181E,-0.5489762127399445,0.658997188259
P172S:Q200E,-0.537445142865181,0.736762435136
P172A:A180T,-0.5266507565975189,0.466615705039
A175V:R187P,-0.551945149898529,1.29869568523999
A175G:T198R,-0.5365695208311081,0.232128283719
D194N:T196P,-0.5246120393276215,0.378791104667
P172L:T196S,-0.5316681861877441,0.797603386567
P172S:P202R,-0.5942190289497375,0.2287169120769989
G185A:R187H,-0.5410836040973663,0.0797657225234999
D170A:L190Q,-0.6008205413818359,0.694616561744
L190V:Q200H,-0.5096557885408401,0.715908077254
A180V:D194E,-0.4956282079219818,0.0968380965029
M179L:P202R,-0.57057885825634,0.289955120608999
W177R:W199S,-0.9794079661369324,0.136110873418
D170E:M179K,-0.5480793416500092,1.70963610866
L173R:M179T,-0.5999428629875183,0.179997273247
A175T:R187I,-0.5351038575172424,1.62032078387999
I193S:T196S,-0.5256316214799881,0.453327606215
V171I:D194G,-0.5302503407001495,2.31656869102
V171I:R187Y,-0.5439136177301407,1.9752827014200005
S183N:T196R,-0.5241250246763229,1.96412777435999
R187P,-0.4992218613624573,1.372245636
V171G:T198M,-0.5458349585533142,0.297070719863
P174Q:F189I,-0.6267940998077393,0.242120331554
E178Q:Q195K,-0.5106410086154938,2.24477378612
Y188F:L190V,-0.5243952572345734,0.272034264977
P174Q,-0.5418115258216858,0.4221461689999999
R187S:I193V,-0.5177275091409683,0.991553680283
D170E:S184Y,-0.52301886677742,1.59900172657
A175S:D201G,-0.5671425461769104,0.402138047411
E178Q:T182N,-0.5192638784646988,0.442999986369
D170A:L173M,-0.5425766408443451,0.771981862108
S184Y:L190R,-0.6319949328899384,0.649821483361
M179I:S183H,-0.5140004605054855,0.573451011489
A180T:S184C,-0.5027155876159668,0.486258590649
P174A:A175G,-0.555715411901474,0.182277632718
M179V:I193V,-0.5046663284301758,0.844221919903
P172L:D194E,-0.5270152688026428,1.14375830348999
A175T:A180S,-0.48678669333457947,1.17836683020999
V171A:M179I,-0.5195357948541641,0.794692795931999
D170Y:N191Y,-0.6508626043796539,0.1915946325849989
E178D:M179E,-0.5744656622409821,1.44853888062
P172T:T182S,-0.53486767411232,0.389455544465
V171G:Q200V,-0.5689191222190857,1.28273841397999
A180T:R187H,-0.5049423575401306,0.174147764162
A175P:R187L,-0.5226633250713348,0.944299241719
P174S:L190M,-0.5659978687763214,0.66272234061
T182N:D194H,-0.5526564866304398,0.331534421812
P174T:D194E,-0.5589651465415955,0.298597352043
R187P:Q195K,-0.5266711413860321,2.58714733420999
E178D:P202R,-0.56028912961483,0.461660630812999
A175V:T198S,-0.5171710401773453,0.5537144687610001
A180S:L190I,-0.5126661956310272,0.493031140841
D194A:Q200L,-0.5669748038053513,0.880188790073
V171I:L190Q,-0.5625655949115753,0.2870564612469989
P174L:K181Q,-0.590004950761795,0.468206875969999
S183N:Q186P,-0.5220259577035904,0.179606773977
P172L:D201Y,-0.6440733075141907,0.581692473333
M179I:A180S,-0.5035533010959625,0.761761239019999
Q195K:D201N,-0.5262586027383804,1.73704353801
P172H:Q186R,-0.5380811840295792,2.07314892287999
G185R:T198R,-0.5675065368413925,0.271074613692
G176N:Q195R,-0.527579203248024,1.68054024634
G176D:K181R,-0.5159806311130524,0.0997065208048
N191D:Q200E,-0.5400909781455994,0.216450183282
K181Q:G185R,-0.547318235039711,0.435294638693
S183R:R187A,-0.5351244360208511,2.5133620516999904
E178A:D201A,-0.6095983684062958,0.8476920514440001
Q186L:R187L,-0.5536656975746155,0.963991586439999
T182N:D194A,-0.537664458155632,0.669954348586
D170A:T198I,-0.5401291400194168,0.52642202832
L173Q:D201Y,-0.6803411841392517,0.351443154161
P174S:D194Y,-0.6474651992321014,0.184432235689
D194K:T196S,-0.5529745817184448,1.89520350525
I193V:D194G,-0.5239388942718506,0.649357008604
S183R:R187F,-0.5692664384841919,5.13713896276
M179V:S183I,-0.5173797309398651,0.297573352874
V171L:E178V,-0.5478503704071045,0.117901423419
Q195K:T198S,-0.5020380467176437,1.79744393827999
S183F,-0.5065183639526367,0.814794351
A180S:R187C,-0.5181961804628372,0.503662789116
E178A:Q195H,-0.5221132785081863,1.1598595451
W177R:D194N,-0.7135992646217346,0.355057129998
V171I:T196S,-0.4862029403448105,1.01101469924
V171D:Q195L,-0.5815954804420471,0.519093754187
D170G:R187G,-0.5982246398925781,0.343616121567
P174S:L190I,-0.565598726272583,2.37745038672
D170V:N191Y,-0.6178642809391022,0.275223762945
P202A,-0.4912307560443878,0.0557903809999999
V171G:L190M,-0.5480930805206299,1.37620911126
P172A:I193S,-0.5534982681274414,1.06639163794
L190M:Q195R,-0.5203622132539749,1.52230395409999
S183G:T196I,-0.5080549865961075,0.719837667646
Y188N:T198M,-0.723671555519104,0.0724786754269
E178Q:D201N,-0.5454450845718384,0.42272147257
L173M:S183I,-0.5223440825939178,1.10826148737999
P172G:Q200H,-0.5527886897325516,5.97266132549
L190V:I193T,-0.5193427056074142,0.188446770114
R187H:L190R,-0.5859982669353485,0.6903229059520001
T196S:P202L,-0.5752947926521301,0.0193676812179
V171L:P174A,-0.5439381301403046,0.520587290322
I193N:T196S,-0.5157530754804611,1.5353965884
V171L:Q195E,-0.5339584201574326,0.326745462477
V171L:D201K,-0.5906369984149933,0.676570411515
G185A:D201N,-0.5683148205280304,0.136530341609
S183I:N191K,-0.5508150011301041,0.141406161259
I193Y,-0.5221118479967117,1.029292251
P172L:Q200R,-0.5431215763092041,1.26418203367
Q186H:N191S,-0.5091878175735474,0.364711522439
D170E:D201K,-0.5694921910762787,0.210363071848
T182S:R187P,-0.5233112871646881,0.623907759876
M179V:T196N,-0.522302657365799,0.554127705041999
A175S:M179S,-0.5275562852621078,1.38954358406
K181Q:D194G,-0.5526557117700577,0.8476651072490001
W177Y:T182P,-0.6719416081905365,0.783659240191
E178K:I193H,-0.5916413366794586,0.878698248127
P172R:L173M,-0.5365597158670425,1.41779321717
S183C:R187G,-0.5855237245559692,0.175317185095
R187H:Q200D,-0.5378657877445221,1.45343233716
I193S:D201E,-0.5452694743871689,0.203995327678
V171D:E178K,-0.590240091085434,0.5584877921600001
D170N:N191S,-0.521077111363411,0.506504938782
V171L:Q200E,-0.5203063637018204,0.84733793092
V171I:P202A,-0.5169394165277481,0.2480554253
D170R:A180D,-0.5982037484645844,0.52642202832
P172A,-0.49699200689792633,1.185524545
P172A:A175G,-0.5336372405290604,1.03438414112
L190P:D201Y,-0.7498801052570343,0.404557935238
V171G:Q200V,-0.5689191222190857,1.28273841397999
P172V:Q195H,-0.5558306276798248,1.41726250924
M179V:D194Y,-0.5969461798667908,0.532776696596
E178Q:S184A,-0.5065236240625381,1.54114253843999
V171F:P174T,-0.5725363194942474,0.277792934443
Q200H:D201A,-0.5836764872074127,0.737682594584
K181T:D201K,-0.5945472419261932,1.11754268265
M179V:D194G,-0.5566818118095398,0.827456067628
T182P:Q200P,-0.5488192588090897,0.0447829811144
A175V:I193S,-0.5437346696853638,0.3367256948879989
S184T:Q186L,-0.519655242562294,0.2831660757
V171L,-0.475734680891037,1.583837055
S184Y:Y188C,-0.5880475044250488,0.248666016387
G185V:Q195P,-0.6139817833900452,0.0754457393866
A180G:R187L,-0.5468224138021469,0.40976061608
V171L:T182N,-0.5180599689483643,0.55810515039
P172L:D201E,-0.5375505685806274,0.0176616063848
D170E:F189V,-0.5388973951339722,0.0761677818603
P172A:A175S,-0.5111284554004669,0.957342224189
R187L:L190R,-0.5647770464420319,1.11685791622999
S183G:N191S,-0.5030018836259842,0.285963072845
Q186H,-0.47514572739601135,0.970355774
A175G:D201F,-0.6360354721546173,1.00829409811
A180V:D201G,-0.5756421983242035,0.222879001269999
I193K:T197A,-0.5414407253265381,0.52642202832
L173M:P174A,-0.5464562177658081,0.375459752165
P172T:E178G,-0.5698668658733368,2.42974444367
A180T:I193T,-0.49970708787441254,0.0994020449966
Q195H:D201N,-0.5402330607175827,0.452067247619999
E178Y:Q195R,-0.6221348643302917,0.52642202832
A175S:Q186L,-0.5332885235548019,0.38730652715
D170N:L173V,-0.5405561625957489,0.491838137708
A180S:D194E,-0.49242404103279114,1.12334580421
A175S:M179S,-0.5275562852621078,1.38954358406
M179S:Q186H,-0.5573860704898834,2.13094463691
P172L:T196I,-0.5455614775419235,0.496076726299
E178K:D194Q,-0.5844471454620361,0.480973758451
T198S:R203P,-0.5443529933691025,0.176014731067
P172S:I193N,-0.5382085889577866,2.19381365725999
R187L:N191S,-0.539581760764122,0.379326663263
D170A:T198M,-0.5388778150081635,0.265102567753
N191K:D194G,-0.5511495620012283,0.152452408136
D170A:W177R,-0.7422468960285187,0.263927433957
D194N:Q200K,-0.5185852497816086,0.840111250066999
S183I:T197A,-0.5179139226675034,0.154205024562
L173R:I193N,-0.6021976172924042,0.10142229424
P174L:M179R,-0.6213290095329285,0.149593965456
D170N:W199E,-0.7236581146717072,0.492984796743
G176A:D201R,-0.6363072693347931,1.54417094956
K181T:R187L,-0.5487296730279922,0.710597627232999
E178A:Q195H,-0.5221132785081863,1.1598595451
D170E:S183N,-0.48263995349407196,1.62494020111
A180D:K181R,-0.5231029689311981,0.438605431516
D170G:V171G,-0.5188256800174713,3.01309112812999
P172R:T198R,-0.5680018961429596,0.385908705295
A180R:T182I,-0.5337651371955872,2.85180735595
D170T:P172A,-0.5506888628005981,1.24945810594
V171G:A180R,-0.5658157467842102,8.132985823310001
L173I:Q195K,-0.5077416896820068,0.848512699934999
M179T:Q186L,-0.5485135465860367,0.420105285549
A175V:S183R,-0.5397180169820786,1.67907885845
W177Y:D194E,-0.5875162780284882,2.21977383242
V171L:P202R,-0.5722020417451859,0.158314781017
Q186R:R187H,-0.49701839685440063,1.47730637434
V171F:Q200E,-0.5421252548694611,0.273455646231999
Q195H:D201Y,-0.6105827987194061,0.544415024436
L190I,-0.48064036667346954,1.165557394
F189Y:T198R,-0.5154031962156296,0.315934327723
E178D,-0.46577827632427216,1.233934247
A180V:T198S,-0.5047769099473953,0.169387210878
A180S:K181E,-0.5116918981075287,0.682932628893
D170I:S183R,-0.5947406589984894,3.24676173455999
L173M:D194G,-0.5527035295963287,1.08807365403
A175G:K181H,-0.5334282666444778,0.425679432180999
V171G:T182I,-0.5412425696849823,0.229478680007
Q200P:D201A,-0.5845843851566315,0.1425606634889989
E178Q:P202H,-0.551135390996933,0.58647948332
V171L:M179I,-0.5186606645584106,0.876098419960999
P172T:M179R,-0.5893422067165375,0.394892213106
A175P:E178A,-0.5073142796754837,1.24382681876
F189Y:T196A,-0.5013332068920135,0.268730132326
P172Q:I193V,-0.5126625150442123,0.808623087108999
P172H:A180P,-0.5552816092967987,1.7910029658500002
D170H:N191S,-0.5212027132511139,0.559302544455
D170V:K181T,-0.5718286335468292,1.65437546241
P174W:S184P,-0.6664455533027649,1.85516344467
E178G:T198P,-0.5634563267230988,0.449311794261
P172R:Q195K,-0.5521050691604614,3.21932531742
E178D:M179T,-0.5192187875509262,0.795056206999
V171G:P172Q,-0.5298150181770325,1.86109098623
S184F:Q195R,-0.5506278276443481,2.35376224151
G185A:L190R,-0.6278810203075409,0.245106063434
T182S:Q195H,-0.5030555874109268,0.311881862429
G176S:Q186R,-0.5339162051677704,0.6898597818760001
D170N:T196A,-0.5230701565742493,0.5818692442710001
P172R:L190R,-0.6433197855949402,0.257704442042
R187G:Q195M,-0.5988792777061462,0.526422028322
V171G:Q200K,-0.5410486906766891,1.19803695106
F189Y:L190Q,-0.5581295639276505,0.80835947353
I193T:Q200R,-0.516450434923172,1.3409976224
D194E:T196A,-0.4967060387134552,0.559477058745
A175G:I193F,-0.5302626043558121,0.623952296595999
P174A:T198S,-0.5606536269187927,0.173224301314
R187H:D201H,-0.5867912173271179,0.309562155655
D170Q,-0.5035569816827774,1.6124746680000002
T198A:D201Y,-0.6067344844341278,0.4542232218240001
A180V:K181T,-0.5023528337478638,0.1896225460999989
V171I:S184T,-0.4846484363079071,1.60200922381
I193M:D194G,-0.5314736068248749,0.628858903684
D194R:T196S,-0.5562530010938644,2.20353047515
W177G:H192R,-0.7682348191738129,0.121469193911
P172A:R187S,-0.5556361377239227,1.19322071173
Q186A:R187H,-0.5109212249517441,3.2478633410900004
L173V:S183R,-0.5424965173006058,0.644195036351
M1M,-0.4285498112440109,0.6236402571
