mutant,esmif1_ll
S183W,-2.317562527126736
P172I,-2.328604319738963
D170Q,-2.313833811926463
Q200M,-2.3134901258680554
P174L,-2.3277176145523315
S184V,-2.3239678276909723
G176S,-2.3308507525731645
A180I,-2.320157247876364
I193Y,-2.3195301843067955
K181N,-2.3167303176153276
I193K,-2.310697040860615
P172L,-2.3221847291976685
F189A,-2.3321722121465776
P174Q,-2.330906459263393
K181V,-2.317507789248512
Q186Y,-2.3168165418836804
I193C,-2.320987277560764
Y188D,-2.3352433461991566
Q200W,-2.3213588169642856
E178H,-2.320987519763765
D170N,-2.3138369605654763
G185L,-2.326936752077133
A175V,-2.3152926006014387
D194A,-2.3177063957093256
Q200K,-2.3174060639880953
Q186H,-2.3176749093191966
R187A,-2.311434306795635
S183A,-2.3129650297619047
T182A,-2.3160933237227184
R203G,-2.336886451357887
V171Y,-2.3199259440104165
M179A,-2.3119075714595736
P172Q,-2.3228391617063493
D201N,-2.321108136858259
S183N,-2.3137405637710815
M179S,-2.3161151219928073
A175F,-2.3152683803013394
V171E,-2.3246583484468006
T196F,-2.3317963130890376
S184I,-2.326661609468006
Q200K,-2.3174060639880953
T182L,-2.3203207349020336
I193Y,-2.3195301843067955
P172I,-2.3286045619419644
E178N,-2.322478763640873
F189T,-2.3382408505394343
A175Q,-2.312435816204737
M179E,-2.3094850570436507
I193F,-2.3202131967695934
K181E,-2.313536871047247
R203S,-2.3357921781994047
A175V,-2.3152926006014387
H192C,-2.3171890500992065
A175F,-2.3152683803013394
K181Y,-2.3136080787295388
G185W,-2.3303067646329363
E178D,-2.3173694913349454
D194P,-2.331605214921255
G185L,-2.326936752077133
W177S,-2.328521001906622
E178H,-2.320987277560764
P172L,-2.3221847291976685
D194T,-2.311795189267113
G176A,-2.3317953442770336
G176R,-2.330875699482267
V171A,-2.3218272375682045
P174V,-2.333619859483507
V171Y,-2.3199259440104165
T196H,-2.3281078035869296
D170S,-2.30871339828249
P174R,-2.331178211030506
G176P,-2.3449222625248014
L190Q,-2.3182583763485862
L190I,-2.307120913550967
M179T,-2.319637238033234
D201N,-2.32110837906126
F189I,-2.3389708503844244
Q186T,-2.3126688154916915
Q200H,-2.319403512137277
D170K,-2.3165123349144343
I193R,-2.3123701791914684
E178H,-2.320987519763765
G185W,-2.3303065224299355
T182N,-2.321170383029514
D194V,-2.320744105747768
G176N,-2.3260684543185763
D194P,-2.331604972718254
T196C,-2.32961672828311
K181A,-2.315641372922867
Q200D,-2.313291277204241
D170Q,-2.313833811926463
W177Y,-2.3172510540674605
M179W,-2.3286282978360613
M179Q,-2.312899877154638
T182S,-2.3115893167162698
T182L,-2.3203207349020336
S184Y,-2.3202572777157737
L173Q,-2.32179938422309
D194F,-2.319302029079861
D194L,-2.3184925866505455
M179E,-2.3094850570436507
M179R,-2.3202102903335815
Q186N,-2.31540764702691
P174G,-2.32930913047185
R187S,-2.311912173316592
R187Q,-2.315797351655506
Q186P,-2.33663334922185
A180I,-2.320157247876364
T198A,-2.3198033892919145
Q195G,-2.313021220858135
D201E,-2.329987056671627
Q186G,-2.317934066530258
Q195P,-2.330687265547495
P172A,-2.320885794503348
T196K,-2.3240613180493552
G176D,-2.329225328233507
L190R,-2.31585935562376
D170K,-2.3165123349144343
E178N,-2.322478763640873
G176A,-2.331795586480035
A180V,-2.3204147096664185
Q186N,-2.31540764702691
D201I,-2.3465755402095736
P202R,-2.3335164388020835
S183H,-2.3176342192150297
D170F,-2.317748539031498
R187V,-2.3155929323226685
Q195G,-2.313020978655134
A175H,-2.314579554966518
Y188D,-2.335243588402158
Q200A,-2.315924992637029
S183Q,-2.3134344191778276
V171R,-2.325251988002232
H192R,-2.311547415597098
T197R,-2.3159695579892112
M179W,-2.3286282978360613
R187A,-2.311434306795635
G176P,-2.3449225047278026
D194Y,-2.317049541170635
L173T,-2.326291281079489
A175I,-2.3166361006479415
Q186Y,-2.3168162996806796
W177R,-2.334964328342014
D170V,-2.3162144252232144
G176S,-2.3308507525731645
D201V,-2.346527099609375
G185S,-2.323066105918279
Q186A,-2.313843257843502
P172G,-2.3233124263702876
I193G,-2.3172769697885665
S183W,-2.317562527126736
S183R,-2.3149283272879466
F189T,-2.3382408505394343
A175S,-2.313446529327877
A180D,-2.317261710999504
S184R,-2.3159857855902777
L173Q,-2.32179938422309
Q186T,-2.3126685732886907
K181Q,-2.312133304656498
P174A,-2.3281690809461804
P202H,-2.33725823296441
Q186E,-2.311668032691592
D201N,-2.32110837906126
E178K,-2.3205517965649802
R203P,-2.350399441189236
L190R,-2.31585935562376
F189A,-2.3321722121465776
S183Y,-2.3160545712425593
V171G,-2.331111120799231
E178G,-2.321200173998636
Q186M,-2.317073519267733
G176D,-2.329225328233507
T196L,-2.328369625031002
P172E,-2.3232005285838295
P174G,-2.32930913047185
P174R,-2.331177968827505
I193M,-2.31563725547185
S184Y,-2.3202572777157737
D170N,-2.3138369605654763
A180T,-2.3218238467261907
P172Q,-2.3228391617063493
D194C,-2.3244742741660467
N191Y,-2.337746998620412
D170Q,-2.313833811926463
M179V,-2.3202582465277777
A175T,-2.314844282846602
T196P,-2.3436356801835316
Q200E,-2.3113253154451887
L173R,-2.3315056694878473
Q186V,-2.314270988343254
Q186R,-2.314756363157242
T196I,-2.3315361870659723
V171R,-2.325251988002232
P172K,-2.323123023623512
F189T,-2.3382408505394343
K181Q,-2.312133304656498
A175R,-2.3145955403645835
L190V,-2.307285369388641
I193C,-2.320987277560764
T198G,-2.3214871845548113
S183M,-2.3145020500062006
Q200P,-2.3307342529296875
A175R,-2.3145955403645835
D170F,-2.317748781234499
K181S,-2.3157530285063244
K181N,-2.3167303176153276
T196M,-2.3274720207093256
T196P,-2.3436356801835316
R187W,-2.3222166999937994
T198W,-2.325715564546131
F189H,-2.3267323327442955
N191C,-2.331759013826885
S183D,-2.31405518546937
T196K,-2.3240613180493552
F189T,-2.3382408505394343
R187D,-2.3170224144345237
Q186R,-2.314756605360243
M179L,-2.3203316340370783
W177F,-2.3182600717695934
P172S,-2.322630140516493
E178K,-2.3205517965649802
T198N,-2.320734659830729
P202H,-2.3372584751674106
G176T,-2.33462161109561
S183N,-2.3137405637710815
Q195G,-2.313021220858135
Q200M,-2.3134896414620534
L190P,-2.335939437624008
K181P,-2.3289136129712302
K181R,-2.3134252154637895
V171H,-2.3260444762214783
D194S,-2.315000503782242
D201E,-2.329987056671627
R187I,-2.3178526863219244
T198E,-2.3208090161520336
T197N,-2.318565974159846
D194F,-2.319302029079861
W177C,-2.321620396205357
I193K,-2.310697283063616
A175G,-2.314815218486483
G185A,-2.3261495923239086
H192R,-2.3115476578000993
D170F,-2.317748781234499
R203C,-2.335081070188492
T182L,-2.3203207349020336
T198K,-2.3276854015531994
V171A,-2.3218272375682045
T198S,-2.309084937686012
R203D,-2.3404541015625
A180S,-2.3146885463169644
S184C,-2.3284495520213295
D201N,-2.321108136858259
A175H,-2.314579554966518
I193G,-2.3172772119915677
W177L,-2.335625300331721
T197S,-2.3135492234002974
S184G,-2.3137386261470736
P172H,-2.3253096323164684
Q195R,-2.3145359584263394
L173F,-2.327575199187748
S184W,-2.3238297719804066
Q200A,-2.315924992637029
V171E,-2.3246585906498014
V171I,-2.3151463099888394
P174G,-2.3293093726748513
M179T,-2.319637238033234
D201Q,-2.339847140842014
Y188F,-2.312744140625
A175T,-2.314844282846602
P172F,-2.325800093393477
P202R,-2.3335164388020835
P172K,-2.323123023623512
D170Q,-2.313833811926463
D201Y,-2.3428717719184027
Q186H,-2.3176749093191966
H192C,-2.3171885656932045
P174S,-2.330346243722098
Q200H,-2.319403512137277
R187H,-2.316617935422867
A175C,-2.3197394476996527
D201Y,-2.3428717719184027
L173T,-2.326291038876488
S183W,-2.317562527126736
G176P,-2.3449225047278026
M179R,-2.3202102903335815
S184F,-2.3209669325086804
D194P,-2.331604972718254
D201H,-2.335358634827629
I193P,-2.326173812624008
D201K,-2.347412351578001
D170H,-2.3188563755580356
H192C,-2.3171888078962053
Q186N,-2.3154074048239086
G185C,-2.3341209774925593
S183D,-2.31405518546937
G185V,-2.3320472353980657
P174S,-2.3303464859250993
T196A,-2.322686816018725
I193S,-2.3155134897383434
N191K,-2.339747111002604
T198R,-2.3246576218377974
A180T,-2.3218238467261907
G176V,-2.3404415070064486
R203G,-2.336886451357887
E178A,-2.3191634889632935
A175G,-2.314815218486483
V171I,-2.31514655219184
P172I,-2.3286045619419644
L190K,-2.3174215649801586
L190M,-2.3142877003503224
T197R,-2.3159695579892112
A175R,-2.3145955403645835
D170L,-2.3163655598958335
L173H,-2.3301033141121033
Q186T,-2.3126685732886907
D194Y,-2.317049541170635
R203C,-2.335080827985491
Q186H,-2.3176749093191966
T197N,-2.3185662163628473
R187P,-2.3173682803199407
A175Y,-2.314549037388393
R203D,-2.3404541015625
D170E,-2.3130250961061507
Q200W,-2.3213588169642856
Q186V,-2.314270988343254
M179R,-2.3202102903335815
P172R,-2.323148697141617
D201G,-2.3371199350508434
Q186R,-2.314756363157242
D170G,-2.3156525142609126
Q200Y,-2.3190699986049106
M179F,-2.3344530378069197
T198G,-2.3214871845548113
A180R,-2.309903099423363
T198S,-2.309084937686012
T196A,-2.3226865738157243
D194L,-2.3184925866505455
L173P,-2.3247118753100198
G176T,-2.33462161109561
P174G,-2.32930913047185
S183C,-2.3220360165550593
G176N,-2.3260684543185763
D201P,-2.3366321382068453
Q200S,-2.3158801850818453
Q195P,-2.330687507750496
V171A,-2.3218272375682045
K181V,-2.317507789248512
F189Y,-2.3111463274274553
T198E,-2.3208090161520336
E178G,-2.321200416201637
V171F,-2.3195059640066966
V171E,-2.3246583484468006
P202H,-2.3372579907614086
V171D,-2.326202392578125
K181Q,-2.312133304656498
G185A,-2.32614983452691
H192C,-2.3171888078962053
E178Q,-2.317410908048115
K181R,-2.3134252154637895
S183Q,-2.3134344191778276
P174L,-2.3277176145523315
P172L,-2.3221847291976685
T196K,-2.3240613180493552
T182I,-2.3317393953838046
M179V,-2.3202582465277777
R187S,-2.3119119311135914
F189I,-2.3389708503844244
Q195H,-2.3124171665736606
D201N,-2.32110837906126
D170K,-2.3165123349144343
L190V,-2.307285369388641
Y188H,-2.3252074226500494
I193G,-2.3172772119915677
R203G,-2.336886451357887
T196C,-2.329616970486111
D194N,-2.3109033978174605
Q186V,-2.314270988343254
L190Q,-2.3182583763485862
I193N,-2.3098357669890874
G176C,-2.336518302796379
W177L,-2.335625300331721
I193M,-2.3156374976748513
I193Y,-2.3195301843067955
G185R,-2.325660100058904
P174A,-2.3281695653521823
S183G,-2.312656947544643
E178D,-2.3173694913349454
R203C,-2.335080827985491
I193R,-2.3123701791914684
D194T,-2.311795189267113
R187L,-2.317324683779762
N191T,-2.3381817530071927
Q195P,-2.330687265547495
E178K,-2.3205517965649802
M179G,-2.3179175967261907
A180P,-2.3274308461991566
D201Q,-2.339846898639013
M179T,-2.319637238033234
R187Y,-2.3170253208705356
W177Y,-2.3172510540674605
M1M,-2.313049558609251
