mutant,Progen2_score,DMS_score
K35A:E38A,-0.02061112312709584,93
K74A:E75A:R77A,-0.020508602261543274,55
K35A:E38A:K74A:E75A:R77A,-0.02060443688841427,52
E38A:K74A:E75A:R77A,-0.0205252328339745,50
K35A:K74A:E75A:R77A,-0.020605294143452364,46
K35A:E38A:E75A:R77A,-0.02058676674085505,92
K35A:E38A:K74A:R77A,-0.020650602438870597,56
K35A:E38A:K74A:E75A,-0.0205887529779883,48
E38A:E75A:R77A,-0.020509636577437904,95
E38A:E75A,-0.020534081494106966,91
K35A:E75A:R77A,-0.0205889493227005,88
K35A:E75A,-0.020600846585105446,94
K74A,-0.020532627316082224,59
E75A,-0.02051333206541398,95
K74A:E75A:R77A:E80A:D82A,-0.02059937399976394,49
E80A:D82A,-0.020550749757710624,89
E80A,-0.020500092821962693,94
D82A,-0.020540900966700387,95
E75A:D82A,-0.020552160108790678,95
S34G:G36R:H43R,-0.0206124765031478,87
D5A:K6A,-0.020495391067336586,95
K8A:K10A,-0.020586161929018357,95
Y9A,-0.020572172368274015,96
D13A,-0.02052928682635812,95
D14A,-0.020485942854600793,95
S16A,-0.02052274434005513,95
Y17A:F18A,-0.020536775974666372,95
E19A:P20A,-0.020479663329965928,93
T21A,-0.020519068135934716,95
P23A,-0.020470203722224516,91
Y24A,-0.02051523678443011,95
V27A,-0.02058408540837905,95
N28A,-0.020523474496953627,95
N28A:V29A,-0.020545996287289786,93
T30A,-0.02056201854172875,94
V32A,-0.020624714739182416,90
D33A:K35A,-0.020747144432628855,95
S34A,-0.020517380798564237,95
K35A,-0.020607221652479732,91
G36A,-0.020702578565653634,86
N37A,-0.020650721648160147,95
L39A:L40A,-0.020605280118830064,93
S41A:P42A,-0.020496066878823674,95
H43A,-0.020437701660044053,95
H43A:Y44A,-0.020454083295429453,95
V45A,-0.020549826762255502,91
F47A,-0.020503141424235177,90
I49A,-0.02052757319282083,95
K50A,-0.020543735693482792,95
T53A:T54A,-0.020581521532114816,93
T56A,-0.020588363794719473,94
I60A,-0.02052758283474866,95
Y62A:Y63A,-0.02040237977224238,89
Y63A,-0.02047375019858865,89
V64A,-0.020512619439293358,94
E65A,-0.02054185639409458,95
W66A,-0.02036270937498878,85
L68A,-0.020489084369996014,92
Y73A,-0.0205394809736925,63
Y73A:K74A,-0.020528928321950576,47
K74A,-0.020532627316082224,64
K74A:E75A:R77A,-0.020508602261543274,88
K74A:R77A,-0.020557557835298425,74
F76A,-0.020543586681870854,94
V78A:V79A,-0.02058236826868618,93
L81A,-0.02049882184056675,88
D82A:S84A,-0.020553907927344826,91
S84A,-0.02052939639371984,95
I87A,-0.020560369772069594,95
V89A,-0.02062325004269095,95
T90A,-0.02062531779794132,95
Y91A,-0.020516311421113854,95
Y92A,-0.020636129905195796,95
N95A,-0.02058490409570582,95
E99A,-0.020529732984655043,92
T101A,-0.0205562561750412,95
K102A,-0.020553421448258793,95
S103A,-0.020538296769647038,94
F104A,-0.02056426423437455,95
I106A,-0.02056678691331078,95
T107A,-0.020556549815570608,94
F111A,-0.02055162103737102,95
V112A:V113A,-0.0205689037547392,95
D115A:S117A,-0.020526651073904598,95
L116A:S117A,-0.02055067174574908,94
I120A,-0.02053273425382726,93
F125A,-0.020462165860568777,93
N126V,-0.020530552548520705,95
L127A,-0.02051050347440383,93
I128A,-0.020503357929341933,95
T129A,-0.020504758638494155,95
K130A,-0.02058605499127332,92
V131A,-0.020509062444462496,95
V132A,-0.020614517085692462,95
I133A,-0.02051509916782379,95
K135A,-0.020528280559708092,95
K136A,-0.02055744388524224,91
G36E,-0.020668982582933763,89
G36K,-0.020626205731840694,88
G36L,-0.020699223174768334,93
G36N,-0.020651609582059523,86
G36Q,-0.020734368001713473,87
G36R,-0.020723247352768395,89
H43R,-0.020469669033499324,95
S34G:G36R,-0.020655715290237877,92
S34G:G36R:H43R:K74A,-0.020629842491710886,67
S34G:G36R:K74A,-0.0206752805148854,59
K35G:G36R:H43D,-0.0206832955865299,82
G36R:K74A,-0.02073439079172471,48
G36R:K74R,-0.020766224931268132,81
G36R:K74A:N95A,-0.02080850040211397,53
G36R:K74A:K135R,-0.020793950733016518,64
G36R:K74R:K135R,-0.02081905656001147,77
K35E,-0.02053241081097547,95
K35Q,-0.020590936436372644,95
Y73F,-0.02052959449150983,93
Y73H,-0.02058750916929806,76
Y73L,-0.020512677290860343,81
Y73S,-0.02050572809051065,86
Y73W,-0.020584893577239093,73
K74E,-0.02057962294887094,83
K74N,-0.020564680590349084,63
K74Q,-0.020593868458972257,70
K74R,-0.020560505635598126,75
N95E,-0.02049263961174909,95
N95G,-0.020497138885890737,95
N95K,-0.020540494252653682,95
K130T,-0.02055230035501368,92
V132L,-0.020530232611824486,95
V132T,-0.020467226119602427,95
V132N,-0.020501955467111924,95
V132R,-0.02053009148906259,95
K135F,-0.020589253481696632,95
K135R,-0.02057154564296498,95
Y73F:K74A,-0.020556899554589215,51
I60A:K74A:N95A,-0.020619735998265883,60
N95A:K135R,-0.02064078257364385,95
K130T:K135R,-0.020619084729867822,89
K130T:K135R,-0.020619084729867822,90
K74R:K130T:K135R,-0.02066032325520235,78
K74Q:K130T:K135R,-0.02069401215104496,62
G36R:K74R:K130T:K135R,-0.02086799723260543,75
G36R:K74Q:K130T:K135R,-0.020905466640696806,54
S34G:G36R:K74Q:K130T:K135R,-0.020834762383909786,61
E65A:K74Q:K130T:K135R,-0.02071396480588352,55
G36R:E65A:K74Q:K130T:K135R,-0.02092675426427056,46
G36R:E65A:K74A:K130A:K135R,-0.02086310351596159,50
E65A:A72S:K74Q:K130T:K135R,-0.02071359315339257,56
E65Q:K74Q:K130T:K135R,-0.020724897875505334,65
K74Q:K86A:K130T:K135R,-0.02078993443180533,61
E65Q:T71S:K74Q:K130T:K135R,-0.0207042536314796,59
E65Q:K74Q:E75A:K130T:K135R,-0.02069687405053307,55
E65Q:K74Q:E75D:K130T:K135R,-0.0207283978953081,57
K74Q:K130A:K135R,-0.02071508765220642,65
E65Q:K74Q:K130A:K135R,-0.02074219286441803,58
K74Q:K130E:K135R,-0.02066056342685924,59
E65Q:K74Q:K130A:K135R,-0.02074219286441803,55
K74Q:K130E:V132R:K135R,-0.02064402401447296,56
E65Q:K74Q:T90A:K130A:K135R,-0.020823571611853206,57
E65Q:K74Q:N95A:K130A:K135R,-0.020800141727223116,58
E65Q:K74Q:E118A:K130A:K135R,-0.02071320221704595,58
E65Q:K74Q:N95A:E118A:K130A:K135R,-0.02076152492971981,58
N95A:K130A:K135R,-0.020706791211577022,94
K35A:E65Q:K74Q:K130A:K135R,-0.020833527340608483,45
K35A:H43R:E65Q:K74Q:K130A:K135R,-0.02080002602408914,55
E65Q:K74Q:S103A:K130A:K135R,-0.020753589623114643,61
G31A:K35A:E65Q:K74Q:K130A:K135R,-0.020736878409105187,50
T56A:E65Q:K74Q:K130T:K135R,-0.020800081246039447,55
K57A:E58A:E61A:K74Q:K130T:K135R,-0.020820538787280813,54
E65Q:K74Q:K109A:K130T:K135R,-0.020862802863121033,51
E65Q:K74Q:E108A:K130T:K135R,-0.020753969164455637,54
E65Q:K74Q:E108A:K109A:K130T:K135R,-0.02083326437894036,50
E65Q:K74Q:K121A:K130T:K135R,-0.02078327361275168,57
E19A:E65Q:K74Q:K130T:K135R,-0.020694394322002634,56
G36R:E65A:K74Q:K130E:V132R:K135R,-0.020870768848587486,44
K74R:E80A:D82A:K130T:K135R,-0.020704889998716468,72
K74Q:E80A:D82A:K130T:K135R,-0.020733887658399695,48
K35A:K74R:E80A:D82A:K130T:K135R,-0.020786513300503,68
E65D:K74R:E80A:D82A:K130T:K135R,-0.02066821648794062,57
E65Q:K74R:E80A:D82A:K130T:K135R,-0.020736228017246023,60
K57A:E58A:E61A:E80A:D82A:K130T:K135R,-0.02077542771311367,74
E65A:A72S:K74R:E80A:D82A:K130T:K135R,-0.020724839147399452,52
E65D:K74Q:E80A:D82A:K130T:K135R,-0.02069210129625657,42
E65Q:K74Q:E80A:D82A:K130T:K135R,-0.020758001243366915,42
K35A:E65D:K74Q:E80A:D82A:K130T:K135R,-0.02077386396772721,40
K74R:E80A:D82A:S103A:K130T:K135R,-0.020715836216421687,70
K35A:E65D:K74R:E80A:D82A:E108A:K109A:K130T:K135R,-0.02083896451136645,47
K35A:E65D:K74R:E80A:D82A:E108A:K130T:K135R,-0.02077686698997722,53
K35A:E65D:K74R:E80A:D82A:K109A:K130T:K135R,-0.02086420269573436,50
E65D:K74R:E80A:D82A:K109A:K130T:K135R,-0.02078342788359698,53
K35A:E65D:K74R:E80A:D82A:K130T:K135R:K136A,-0.020802404950646794,40
E65D:K74R:E80A:D82A:K130T:K135R:K136A,-0.020726387115085825,45
E65D:K74Q:D82A:S84A:K130T:K135R,-0.020698364166652456,45
K35A:E65D:K74R:E80A:D82A:K86A:K130T:K135T,-0.020782291889190674,55
K35A:K74Q:E80A:D82A:K130T:K135R,-0.020818792721804452,48
K35A:E65D:K74R:E80A:D82A:K130T:K135R,-0.020747251370373893,55
K35A:E65D:K74R:E80A:D82A:V132R:K135R,-0.020711853223688462,62
K35A:E65D:K74R:E80A:D82A:T129A:K135R,-0.02068795877344468,60
K35A:E65D:K74R:E80A:D82A:T129A:K135A,-0.020637634922476375,60
K102C,-0.02069729917189654,95
E65D:K74H:E80A:D82A:K130T:K135R,-0.02067926000146305,57
E65Q:K74Q:D82A:S84A:K130T:K135R,-0.020762142013101018,45
E65Q:K74Q:T90A:E99D:T101S:K130A:K135R,-0.02086424915229573,51
E65Q:K74Q:D82A:S84A:E108A:K109A:K130T:K135R,-0.02087780920898213,41
S1S,-0.020512297749519348,95
