mutant,Progen2_score,DMS_score
K687E:V710A,-0.0006226364087748837,-4.10388998149263
H685L:G708C,-0.0006753233539593685,-1.5984394503968
D678Y:G709C,-0.0006557333391982239,-0.875886890636207
R676G:H677L,-0.0006162883399368881,-1.55599040388331
Y681Q,-0.0006217745410931574,0.1527490975856791
F691L:I703M,-0.000614478603585974,-5.02260247466682
Y681F:F691S,-0.0006357892767175451,-0.13783902799112
D678G:H684Y,-0.0006164649670774286,0.908137699757655
H685Q:V710F,-0.0006122049573179963,-4.62582202143938
H677Y:M706T,-0.0006456651470877908,-3.41801769835868
E682V:V711G,-0.0006514274067692942,-4.0872357224757
D694N:L705H,-0.0007314965902984916,-2.68905112785834
L688F:A692T,-0.0006072457928162116,0.43317121534328
D672N:M706V,-0.000603199295409314,-1.66244624281779
E682V:A713P,-0.0007374404119206713,-3.95366595414482
Q686K:G696S,-0.0006142542346731409,-3.01624164737827
G704R:I712M,-0.0007579589238414517,-5.21888238371148
K687R:V711D,-0.0008448637151098871,-4.56158273403896
E682V:G700C,-0.0006848063561823461,-2.32696399836697
V689A:V695G,-0.0006428260307807427,-0.590516640120198
D678E:I712L,-0.0005942887687063836,-2.24680019855316
Y681F:V695G,-0.0006310308714965722,0.546143716185441
F690S:G700C,-0.0007175688039172779,-0.281575697874356
E674G:S679P,-0.000625695094659731,0.421340314050497
D678A:G708C,-0.0006254572179410365,-1.64521574169838
D678N:K699E,-0.000606808066368103,-2.62461995833998
V710M,-0.0005883672988259947,-3.0595964592323
K699E:V711A,-0.0006152012905517182,-3.90320027472363
S679L:Y681N,-0.0006301296802310201,-1.99369761387048
N698I:A713S,-0.0006399285290148351,-0.180125589817326
R676L:V689A,-0.0006209994097808738,-1.61050187509493
V683D:L688S,-0.0006786930290135471,-0.553124238441005
D678A:V683A,-0.0006113545074091329,0.423499554477161
H677R:D694E,-0.0005993999831088178,0.407764531243696
G696V:M706I,-0.0006231568463436969,-4.0452439103372
N698C,-0.0006277843535720528,-2.552448928994845
R676Q:D678V,-0.0006138529676895637,-0.261310782887828
S679P:V695E,-0.0006229839348173761,-1.35491100648739
K687Q:K699I,-0.0006556041441954576,-4.53558749959454
D672G:G700D,-0.0006585498521854351,-3.04241804789632
F690I:G704A,-0.0006410303440960971,-1.23331143768123
V683A:G709S,-0.0006158215078440579,-2.27197789131976
H677Y:F691L,-0.0006374491112572806,-1.59111898586818
F675S:D678N,-0.0006133411031264763,-0.333836730024475
F675L:G680E,-0.0006091594889566495,-3.91186882546636
V689A:K699E,-0.0006136146845755639,-3.09329824476645
S697L:G708V,-0.0006462475115602667,-5.1784728453736
V683D:A692E,-0.0006600187196360006,-2.9954971919377
D694R,-0.000620914182879708,1.14168179461011
H677R:M706T,-0.0006173611461342155,-2.75353444709704
F675S,-0.0006052039853938215,-0.8528914644576135
Q686R:S697T,-0.0006069314750758085,-2.14701185353859
E693D:S697P,-0.0005999958940914699,-1.71189077130913
A692V:K699N,-0.0006215929017438517,0.499667909775191
V683I:G708S,-0.000608760602288432,-2.31782156685384
F691Y:G708S,-0.000616653747372813,-3.23016681135165
E693D:G696S,-0.0005970043408406245,-0.223679243041062
D672V:I712M,-0.0006297748971295047,-2.40343316447256
G700C:A713V,-0.0006585081482862497,0.558095421359725
H685L:I712T,-0.0006667925939931498,-3.68827391069055
F690L:I712L,-0.0006077238878646454,-1.57010154754565
D694V:L705F,-0.0006599836535268015,-3.9876390988263
R676L:A701E,-0.0006607229639957478,-1.87705149607865
E674K:F690L,-0.000622165086981538,-0.803621137512965
F691S:E693V,-0.0006577533947957026,1.03697447034355
S697T:V707M,-0.0005946398361936792,-0.0172881638559016
V695M:G704R,-0.000753650494984218,-3.78810755097777
E674D:I712L,-0.0005983152172782205,-1.78213417606472
H684R:H685L,-0.0006364019466685011,-0.972716132249986
G704K,-0.0007421702146530151,-0.5361583328164055
A673S:K687I,-0.0006329113206306062,-3.5303497790294
Q686R:I702F,-0.0006206420141381103,-4.20354983344543
K687R:G709S,-0.0006096259340063318,-3.46911515037067
E693V:N698D,-0.0006482758498811103,-3.51123666188325
V695A:G696R,-0.0006199259843145098,0.0722338930513282
S679T:D694G,-0.0006262747691823291,0.977024497783339
G708D:G709D,-0.0009272945391667354,-2.64219148682834
E674V:F690S,-0.0006828581551452735,-1.87631675171341
D672V:I712K,-0.0009000184861096469,-4.27605174966335
H685N:I703N,-0.0007049087967191423,-3.40712224777675
A673T:V707E,-0.0008105707245987732,-3.1807436426505
D672Y:G696C,-0.0006973198869011618,-1.86122219130219
H684Y:I712K,-0.0008925984432170917,-2.56601630962172
Y681F:S697P,-0.0005975573674424903,-2.62016507462526
V683F:K699R,-0.0006116699669268224,-1.91096029382542
H685R:Q686K,-0.0006192256877948711,-2.21182146603712
Q686P:K699I,-0.000687714811269339,-0.784552834029515
F675S:G680V,-0.0006291231938770839,-2.061848442369
D694G:L705I,-0.0006357600549598793,1.83858516849899
Y681H:G700R,-0.0006727340933564422,-3.00661410554119
L688S:V695A,-0.0006611841259064612,-0.448223636170717
D678G:K687E,-0.0006271290508183566,-1.37645688373732
E682D:K699Q,-0.0006021845069798556,-0.796307206098104
G680E:V683D,-0.0006354707015025151,-1.67827660395927
V695D,-0.0006208598613739013,-0.2911700677805265
N698V,-0.0006180998179819676,0.2075592869028229
D672E:G709V,-0.0006198889636374139,-3.65279540337619
H685L:V689L,-0.0006473743876853547,-0.810893877150097
G709S:V710I,-0.0006041932609174159,-2.58342606900261
H677Y:H684R,-0.0006274750093361,-0.816475603637488
E674V:D694E,-0.0006256145122763399,-0.269674945024724
E682D:G696A,-0.0006070504521394704,-0.239118753282309
A692S:S697T,-0.0005959554539098368,-0.148107212810497
K687R:V711D,-0.0008448637151098871,-4.56158273403896
Y681N:A713E,-0.0008017653768712824,-3.45639329678354
L688S:L705F,-0.0006640287962826816,0.459676721196479
F675S:H685Q,-0.0006320287074361528,-1.37475232091338
K687E:I703N,-0.0007093467495658181,-4.68142228532666
Y681N:V695A,-0.0006499643256137898,-0.364721031454492
V695M:V710A,-0.0005963904323515954,-2.11540505317397
S679L:H684L,-0.000645119377544948,-3.3524724906801
E682V:M706K,-0.0007808173631692861,-3.55602885713977
Q686K:A701V,-0.0006208700019043761,0.0780299711162706
A692P:N698Y,-0.0006695998760012838,-1.47126243457494
E693D:G708S,-0.0006065677899818916,-2.67102348163967
N698L,-0.0006215616093053446,-1.064126642281977
G680C,-0.0006409077288268448,-0.158776873369839
V683A:H685R,-0.0006179184302107081,0.672275891362944
F690L:I702F,-0.0006269892701854954,-3.11665394343463
Y681H:H684R,-0.0006089596585793929,-0.504833900514598
Q686L:N698D,-0.0006559387817011251,-4.01345850468867
H685Y:A713V,-0.0006334777195732315,-0.487877068274849
R676Q:H677R,-0.0005975882341335346,-1.02858848870521
G700S:I712M,-0.0006154002307297348,-3.76039895220872
F690I:V695A,-0.0006242284527072659,0.759355539945766
R676P:V710D,-0.0008232098508190799,-3.27650657376791
E674G:K699R,-0.0006187577913333843,0.304278344376113
K699R:V711G,-0.0006184081172014212,-5.32226073816531
H684Y:Q686L,-0.000662647806978845,-2.10119949019919
H684Y:F691L,-0.0006190448999404907,-0.448528946172252
A673E:F675L,-0.0006031041795557195,-2.24378785684837
E693D:K699Q,-0.0005944918889503974,-0.761261146844092
S679L:V711D,-0.0008605538250563981,-3.70577744693297
F690S:I702T,-0.000680164373540259,-2.82008540223933
E693V:N698Y,-0.0006651845458266023,-2.06496737967208
G680R:V689E,-0.0006606945356765351,-0.863273062355303
R676L:V711D,-0.0008667768596054672,-4.93986158247938
Q686R:I703T,-0.0006207649390418808,-4.47170216182351
Q686L:V711I,-0.0006506224924867803,-1.89383023623434
Q686R:K687T,-0.0006240038322163867,-2.29123955966542
A701E:G709D,-0.0007983466634502659,-4.92124998040653
D694V:N698Y,-0.0006733754238524995,-3.2141513912577
I703V:G708V,-0.0006203630721414244,-0.851208858260571
I702N,-0.0006565387566368301,-1.39739741937233
Q686L:G709D,-0.0007989672871379109,-3.09823924329925
A673V:R676P,-0.0006345512611525399,-2.60489519115917
F690S:G700D,-0.0007047378784650332,-3.20881376701178
H685Q:G709D,-0.0007631532557598956,-3.16522147019059
H677L:D678A,-0.0006255816523130838,-0.501979172560276
E682V:L688V,-0.0006295478576189512,1.17816157828739
F691Y:V707G,-0.0006434280957494463,-3.8809065998624
E674G:V710L,-0.0006204112396611795,-2.1039249076476
G696A,-0.0005890435599661492,-0.4492229580670285
S679P:K687E,-0.0006237232839906371,-1.61403778862475
E674G:F690I,-0.0006326120201643411,0.983588081733264
Q686L:K687E,-0.0006518219004977833,-1.80907950323384
F690I:L705F,-0.0006235026500441811,0.952415593424642
K699H,-0.0006028374874746644,-0.115507057964452
F690W,-0.0006125478581948714,-2.06342345936576
K699I:I712V,-0.0006428642125872822,-3.85836877287933
H677Q:D678G,-0.0006026936041844355,0.0026304023383766
H684L:V711L,-0.0006439896179484082,-4.57405378042234
V683I:V695A,-0.0006010679842589737,-0.620936971641331
H684N:I712K,-0.0008803477922043243,-2.66468935594952
V689E:K699E,-0.0006490951428165684,-2.37137661619506
E674A:H677L,-0.000635672796082187,-1.34794738932871
A673V:A701G,-0.0006393301022517216,-3.13367448991109
K687E:M706V,-0.0006224056536501104,-3.41749756278556
G700S:A701T,-0.0006169655299805975,-1.76329875868644
H685P:N698Y,-0.0006624155810901097,0.73768192808432
E682G:I703F,-0.0006394888479988296,-2.9343777806369
G700T,-0.0006278469190969095,-0.464338038206272
G709C:V711F,-0.0006378345094717943,-4.05374941270181
H677D:K687R,-0.0006192927623724009,-1.99005622799011
D672H:H677Q,-0.0006100247626180772,-0.35762879733131
H684P:F690L,-0.0006393481965188857,-0.272049436076547
A673T:I712M,-0.0005903212668059709,-2.76146581102906
V689A:D694G,-0.0006316894834691828,0.46244596425795
E693K:S697T,-0.0006094685429102414,0.521552261956711
G680R:V689E,-0.0006606945356765351,-0.863273062355303
V683A:V689A,-0.0006214743697798098,-0.950220302362476
A673T:L688S,-0.0006396329441627898,-0.0397722830365853
V683G:D694G,-0.0006720472465861927,0.459583626844529
D672N:V683I,-0.0005951727365518545,0.150011765970842
F675Y:H677Q,-0.000590236136665592,-0.544000632807002
F691I:V695G,-0.0006591924599238804,1.38353771428972
V710W,-0.0006601309621488893,-2.06214236632836
M706I:V707M,-0.0005971932953054255,-1.60626360322926
D678G:L688F,-0.0006190449579969629,0.761948434825379
F675S:N698T,-0.0006199617083970602,-2.80031538764237
H684L:L705R,-0.0008214099453641223,-4.68590377843864
D672V:D678N,-0.0006349563211589665,-1.03098643641669
F675Y:N698T,-0.000596751408143477,-3.3346672916722
V683D:A701G,-0.0006528254066194807,-1.68257152824215
H685R:L688M,-0.0006108561119475922,-0.257258020172013
D672V:L688F,-0.0006555226522606688,-0.513724245885806
H684Q:H685Y,-0.0006228844453762104,-0.988926654737452
R676L:A701P,-0.0006555709745976832,-2.80127979967183
Y681C:V711I,-0.0006354989169479964,-0.958465021169375
R676Q:D678Y,-0.0006204140263718444,-0.563784344239876
K699E:I712L,-0.0006099473152841841,-3.88453946140591
H684R:L705P,-0.0007210263764703429,-3.09133180524818
E674V:Q686H,-0.0006439887858056402,-0.521830184647706
Q686L:G708V,-0.0006769081021284129,-3.12668083479616
K699V,-0.0006294598440071205,-1.2126017051994151
A692V:E693V,-0.0006656472752620648,-2.22043760360177
D678G:F691Y,-0.0006063904855158422,0.104129526170145
A692T:L705I,-0.0006001934409141541,0.391042447506493
G700S:V711D,-0.0008475420923976156,-5.29173465312984
V683A:V707E,-0.0008183831518346613,-3.33147578831437
F675L:A701T,-0.0006032664473954733,0.441683022359791
L705P:G708D,-0.0008550179082077819,-3.5020388042735
V689Y,-0.0006246182438615081,1.50196589739356
E682V:V710A,-0.0006297731360831818,-3.31653732829815
F690V:M706K,-0.0007589449356128643,-3.91794787154274
F675I:V689M,-0.0006112239771075063,-0.863595517549133
S697A:G708C,-0.0006255541916017408,-2.32179300150537
E693G:V711I,-0.0006247678360381684,1.82261119536695
S679P:K699R,-0.0005999629760717417,-0.97970257331455
L705F:V707A,-0.0006223610275751585,-1.18133787201789
V683I:A713E,-0.0007572899778167922,-2.72402540307031
K687N:G708D,-0.0008042607214543727,-2.67632483280804
H677Q:Y681H,-0.0006135257227080209,-0.265905157572667
E682K:H685R,-0.0006229575191225324,-0.877611843298697
K687R:G700D,-0.0006490628247137194,-3.41715308107263
A701V:L705R,-0.000756999443877827,-4.12894790876023
Y681N:V683L,-0.0006307353834053139,-1.579771833446
D672V:F675L,-0.0006306499823347314,-2.99250488863496
R676Q:E682V,-0.0006181821614116818,-0.772991687633057
F691Y:I702N,-0.000677795224375539,-1.54823392928341
A673S:H685Q,-0.0006053259039854075,-1.83124845853953
F691Y:V711D,-0.0008415104119808643,-3.71988969597406
V695A:L705I,-0.0006119224932286646,0.0086857466792091
G709C:I712M,-0.0006221908253508728,-2.40929596615297
K687E:K699N,-0.0006299718246831523,-2.55403203258767
H684L:M706K,-0.000803912343916955,-4.52294227213121
S679L:A713S,-0.0006044502382154588,-2.04530228135294
K687E:M706R,-0.0007916191568622342,-4.66420487741664
G700R:I702N,-0.0007061186742472958,-4.9857885015441
H685P:G708S,-0.0006423998575705986,-3.18357250652718
E682G:G696C,-0.00065235776173604,-0.176125452280617
F690I:G709V,-0.0006387726053014979,-2.31266510098569
S679I,-0.0005978621252171405,-0.208720287846693
G696S:V707E,-0.0008200121777398245,-3.55032780591147
G696R:K699N,-0.0006339243867180565,-1.6153627785487
A692V:M706K,-0.0007601971363092397,-3.47473531224805
L688S:M706L,-0.0006493429084876916,-3.43071206040259
H684L:V689E,-0.0006725341081619263,-1.73530262566274
A673S:G696S,-0.0005972353862477587,0.298639752843269
K687I:G700C,-0.0007033379821034221,-3.7571809226814
D672V:G709C,-0.0006584177930633743,-2.89909853396068
L688S:G700V,-0.0007138206974252478,0.591647413376815
V683F:D694E,-0.0006150064336789119,-0.979479728114365
H677Q:E682D,-0.0005979649045250632,0.551531511615268
G680E:H685N,-0.0006176773990903582,-3.21551393355165
E693K:I712K,-0.0008916337768752853,-3.5510299843229
G700D:L705F,-0.0006600355366607765,-3.19918436421574
D672V:I703V,-0.000626432044165475,-3.68167595826423
V683D:V695M,-0.0006233574701594068,0.1653272172991
S697G,-0.0005838228317050191,-0.500271841096487
H684R:A713T,-0.0005985191503128448,0.014864613222863
Q686L:N698Y,-0.0006832223820995974,-0.459153444328126
S697P:N698K,-0.0006140273112755317,-2.81933558287463
D678G:F690Y,-0.0006154804454221354,-0.800483292921748
G680E:K699E,-0.0006235212668195948,-2.72211521209872
Y681N:G709C,-0.0006652234630151228,0.14055180469935
E693D:I712K,-0.0008750349670261532,-2.58987115809213
H685Y:F690Y,-0.0006267679202092159,-1.54398493876893
H677L:I702N,-0.0007039157601145955,-3.63901412748767
F690Y:I703N,-0.0007079700177366083,-3.8102464337589
D678N:F690I,-0.0006061392751607028,1.86300124618049
R676W,-0.0006371547455911512,-0.8746753916511405
D694E:M706L,-0.0005992013332131621,-2.1853335524789
H677L:Q686K,-0.0006316570299012321,-3.51031083002058
H677N:K687I,-0.0006571582772515037,-4.47588173007259
E693V:I712L,-0.0006483632442239043,-1.3689785079331
Y681H:N698I,-0.0006656470623883334,0.0713838123548184
S697T:M706T,-0.0006103524720513975,-3.70933661712236
K699I:I712K,-0.0009293582919356111,-2.68827304296954
H685Q:A713T,-0.0006114840894550472,0.943348950996889
L688S:G696D,-0.0006614104687393485,-2.68621654953965
V683D:G696S,-0.0006341968650941725,0.16028980005041
E674G:S697T,-0.0006197068791884881,0.171926895496512
V689F,-0.0006133590812806959,1.32938874603193
L688S:I712L,-0.000646004138828872,-1.51472632715984
F690L:L705P,-0.0007257716802807597,-3.84154247245964
H684Q:A713T,-0.000600679934798897,-0.42530106032086
F690L:I712K,-0.0008874878867880091,-3.64795051690592
V689M:L705P,-0.0007186673097796254,-3.72476876742064
V683D:G700C,-0.0006920885923620943,0.0764072341513385
R676L:G680V,-0.0006456513489995684,-2.29207023690513
F690I:G704A,-0.0006410303440960971,-1.23331143768123
S679T:Y681H,-0.0006130525431075653,-0.118984272644622
H685R:I703V,-0.000612851454840078,-2.74387683112392
Y681F:H685R,-0.0006032574873465997,-1.2635185332486
H677P:Q686L,-0.0006671724187863338,-3.49413362476638
R676Q:N698S,-0.0005968506073022817,-3.50786772074008
F675Y:V711A,-0.0005964491855014455,-3.09425693885583
F690V:G709C,-0.00063813826093426,-1.5254928462256
F675I:V707M,-0.0006094481650885049,0.0948123634697605
E674K:H677Y,-0.0006285002866348663,-0.620856300229519
H677Q:K699T,-0.0006139365690095084,-2.46891045672766
V695A:G708R,-0.0008307058702815663,-3.93596637704542
L688S:S697P,-0.000660349718936078,-1.82586147339978
D694Y:K699N,-0.0006570169097417361,-3.4599349034468
A701S:G708C,-0.0006245880738481299,0.767022624845895
D678E:V710A,-0.000595327437698067,-4.82326957204632
F690I:A701G,-0.0006314503295081003,0.9888689272475
L705H:M706V,-0.000685299216926872,-3.03532722433148
H685P:N698I,-0.0006623639108298661,-1.41061752778816
L688F:G700C,-0.0006636330253118045,-0.64214312285735
G696S:G704R,-0.0007635330612009222,-3.30235086518235
F675L:H677N,-0.0006074618790056799,-1.41229554515353
R676L:A701G,-0.0006336643711313025,-4.57405378042234
R676L:M706T,-0.0006318328829554769,-3.82532925085458
V683A:D694N,-0.0006186287898521919,0.511906097045226
E682K:V695A,-0.0006254896908611447,-0.753991858259669
F675Y:K699I,-0.0006428801394128181,-1.09653669656517
D694G:G708C,-0.0006619495230835754,-1.0597425074275
A701V:M706K,-0.0007356851518928231,-2.50064870768358
E682V:E693K,-0.0006392733617262406,-0.463064059436828
D672N:A692E,-0.0006304295612620069,-1.08238361492907
Q686P:K699E,-0.0006469050978685355,-1.0704859531331
E674G:K687Q,-0.0006286966723281068,0.113678006258771
K687Q:G708C,-0.0006359368949741512,-1.6821748935287
F675Y:R676Q,-0.000593815976149076,-1.2719399602478
Q686R:G709C,-0.0006357221440835433,-3.09670235193495
H684R:F691Y,-0.0006028494664600917,-0.555805940208086
V683F:F690Y,-0.000620562554179848,-0.743737543302248
Q686H:A692S,-0.0006086159642640646,-0.609133045280693
G700D:G709D,-0.0007961006907673625,-4.78971438884939
V683D:G696V,-0.0006520269172532218,-1.46289418490443
L688F:D694Y,-0.0006528218264703627,-3.21551393355165
A673S:Q686R,-0.0006052028436165351,-1.97265378215623
V689M:G700C,-0.0006632410473637767,-0.476269387703671
L688M:D694Y,-0.0006459569776213015,-3.7112830701522
N698S:G708D,-0.0007795799475211601,-4.96686049165858
D672G:D694Y,-0.0006584049238787068,-2.70680221749936
D672V:H685Q,-0.0006397702864238195,-1.01413034477774
A673S:K699E,-0.0006080305808550351,-3.43380984482041
S679L:V683I,-0.0005980153943037058,-0.891443939322
G696S,-0.0005886023114253948,0.1865444176263606
D672G:G696C,-0.0006388104194170468,0.519323768321492
V689M:D694V,-0.0006534562288940727,-4.05861952111219
H684Q:V689M,-0.0006036457109760929,-1.65542113019495
G696T,-0.0005968910146069217,-1.4557373382709335
G680R:Q686L,-0.0006588549389467611,0.884814723695027
G680E:F690I,-0.0006310116935085941,0.374805541623649
E682G:K699T,-0.0006356686353683472,-0.896455187775245
I702N:A713S,-0.000674788092637991,-1.35596392930921
Q686L:G709S,-0.0006622207435694608,-3.08151165425915
V695G:A701V,-0.0006476204310144697,1.0621257553172
D678G:A701S,-0.0006087198272928015,-3.27650657376791
I702M:I712L,-0.0006040711100999411,-4.87175929975187
R676G:F691V,-0.0006282696476230373,-0.247086922931486
H677N:E682D,-0.000611052710514564,-0.44422225129438
S697T:I702V,-0.0005914148378681827,-0.202419364628339
R676L:F690L,-0.0006273043426600369,-2.04700913468488
H685R:K687R,-0.0006167069658056482,-0.731312328326554
V689G:K699N,-0.0006537624380805276,-2.74382803036649
A701G:G708C,-0.0006430332343299668,-2.54967201592553
H677Q:K699T,-0.0006139365690095084,-2.46891045672766
H677L:G696V,-0.0006547509269280868,-2.83854592833475
L688V:I712T,-0.0006231132846374017,-3.95366595414482
D672G:V683D,-0.0006373120979829268,0.388824226985505
D678V:G696C,-0.0006521459330211986,-1.129854962767
F690L:K699I,-0.0006595909789011076,-2.86912913701645
E693G:V711G,-0.0006643605116125825,-2.75498722145879
D678N:Y681F,-0.0005855102430690418,-0.282366251681271
G696D:V711G,-0.0006366213807811984,-4.59274591343449
L688F:V707G,-0.0006529712057732917,-3.44001206540139
H677Q:K699Q,-0.0005973851912981504,-1.11473676972011
S679T:V710A,-0.0005968393830509929,-3.35336000107336
F675I:I712V,-0.0006064480194797764,-3.51972911979691
E693G:I712L,-0.0006246876600500825,1.08999788674386
F675Y:A713E,-0.0007531519060011034,-3.76837574007018
G704R:A713V,-0.0007496368381884191,-3.23111223739093
D672E:G700D,-0.0006468801916419685,-3.33549541934217
K687E:V689M,-0.0006167820134720245,-1.17932368986573
E682G:K687Q,-0.0006264332633513908,0.506406160432115
V683D:N698T,-0.0006348004782354676,-3.71282282573121
H684N:V695E,-0.0006255056370388377,-0.821023025073913
E674D:F691L,-0.0006073417408125741,-1.07663594698618
E682V:G709D,-0.0007978814375864995,-2.22417784859606
E693V:A701P,-0.0006968235621204624,-2.12358762061463
F690L:A701S,-0.0006098451745974553,-3.31805425928255
D678V:L705P,-0.0007473708360226124,-3.36161164035565
N698I:I703N,-0.0007082015082433626,-3.18624839209161
D678G:E682D,-0.0006716833873228593,0.432869386711784
D672G:A713E,-0.0007802963643879085,-2.41662190808715
H677R:E693K,-0.0006174255501140248,0.586678892025359
K699R:A701P,-0.0006305074343433628,-0.411027801891703
F690Y:N698S,-0.000608660067830767,-3.57463075873562
K687N:D694E,-0.0006198349130618108,0.967242738957698
Y681H:E682D,-0.0006153941348001554,-0.286687983098173
D672V:E674V,-0.0006801188959703817,-3.89302303810245
E682F,-0.0006238428222668635,0.172112993741652
A673P:H677R,-0.0006078284475710485,-1.31379511003663
D694E:I703F,-0.0006117887504689105,-2.78170173495333
K699N:V711L,-0.0006158879244482362,-1.64791068513591
M1M,-0.0005705692164309613,-2.0
