mutant,SaProt_score,DMS_score
V2F,-1.2940244674682617,0.341
V2L,-0.08932776004076004,0.249
V2I,0.22847455739974976,-0.294
V2G,-0.11599726229906082,-0.241
V2D,0.7252606153488159,0.227
V2A,1.5284148454666138,-0.162
P3S,0.540864884853363,-1.258
P3A,0.19634562730789185,-0.799
P3L,-1.05014169216156,-1.53
P3Q,-0.13348357379436493,-1.189
P3R,-0.5815631151199341,0.147
P3T,0.920904815196991,-1.597
A4V,-0.8969178199768066,-0.286
A4G,-1.060410737991333,0.591
A4P,-0.3149324357509613,0.266
A4S,0.012009340338408947,-0.096
A4T,0.3280547857284546,-1.922
A4E,-0.6701936721801758,-1.84
A5P,-0.11269696801900864,-0.309
A5S,-0.401339054107666,-0.352
A5T,-0.0551760159432888,-1.416
A5E,-0.24720215797424316,-1.295
A5G,-0.7684004306793213,-0.5589999999999999
A5V,-1.150495171546936,-0.441
Q6R,-0.16918954253196716,0.018
Q6P,0.8109473586082458,0.192
Q6L,-1.064191222190857,0.207
Q6K,-1.3414530754089355,-0.8270000000000001
Q6H,-0.7257832884788513,-0.483
Q6E,0.4310067594051361,-0.205
Q7R,1.1696043014526367,-0.119
Q7P,1.107039451599121,0.471
Q7L,0.3909149467945099,-0.051
Q7E,2.391990900039673,0.231
Q7H,0.08214262127876282,-0.189
Q7K,-0.35190799832344055,-0.866
T8S,0.015826212242245674,0.23
T8R,-0.8441897630691528,0.7240000000000001
T8P,0.7202968597412109,0.159
T8M,-3.6530933380126953,-0.291
T8K,-1.9204435348510742,-0.417
T8A,0.4701676368713379,-0.012
A9S,-0.5598511099815369,-0.237
A9T,-0.3900305926799774,-0.901
A9V,-1.5946030616760254,-0.375
A9D,-0.5791218876838684,-0.306
A9P,0.03195594251155853,0.018
A9G,-0.4684887230396271,0.526
M10R,3.0001916885375977,0.056
M10L,2.6287667751312256,-0.21
M10K,2.3626511096954346,-0.288
M10I,1.7667217254638672,-0.287
M10A,5.816956520080566,0.238
M10T,5.183694839477539,-0.5489999999999999
M10V,3.3218955993652344,-0.264
A11V,-1.6371128559112549,-0.249
A11E,-1.0969150066375732,-0.355
A11G,-1.62362539768219,-0.229
A11P,-0.07374070584774017,-0.069
A11S,-0.3548166751861572,-0.556
A11T,0.09447072446346283,-0.4320000000000001
P12Q,-0.5894492864608765,-0.994
P12R,-1.2510652542114258,-0.95
P12S,-0.5188180208206177,-0.6459999999999999
P12L,-2.9022462368011475,-0.5539999999999999
P12A,0.3845418691635132,0.222
P12T,-0.2411312758922577,-0.229
D13A,0.17335212230682373,0.244
D13E,0.2705041766166687,-0.49
D13H,-2.684112310409546,-0.376
D13Y,-4.645817756652832,-0.569
D13V,-1.9356129169464111,-0.517
D13N,-3.913752555847168,-0.513
D13G,-2.1151368618011475,-0.638
A14V,-3.8669888973236084,-0.291
A14T,1.1559587717056274,-0.5589999999999999
A14S,0.4079878032207489,-0.441
A14P,-1.352617859840393,0.04
A14G,1.2531254291534424,-0.15
A14E,-1.0986452102661133,-0.388
A15S,-0.5656517744064331,-0.593
A15E,-1.9732952117919922,-0.482
A15V,-2.2848927974700928,-0.867
A15T,-1.3904163837432861,-1.093
A15G,-4.7579851150512695,-0.795
A15P,-6.090920448303223,-0.227
L16V,-4.228071212768555,0.225
L16Q,-6.61670446395874,-0.498
L16R,-3.7614283561706543,-0.301
L16M,-5.759117126464844,-0.408
L16P,-10.057111740112305,-0.379
T17S,-1.3212244510650635,-0.19
T17P,-4.553869247436523,0.382
T17R,0.7508498430252075,0.31
T17M,-6.237923622131348,-0.521
T17K,-2.5682997703552246,-0.18
T17A,-1.435357689857483,-0.09
F18V,-9.187153816223145,-2.103
F18C,-10.736974716186523,-2.681
F18I,-9.45679759979248,-2.531
F18Y,-6.558653354644775,-0.638
F18S,-9.163065910339355,-3.0780000000000003
F18L,-6.351680755615234,-1.204
P19A,-6.982354640960693,-0.957
P19L,-8.904546737670898,-2.02
P19Q,-8.900290489196777,-0.789
P19R,-7.675689220428467,-1.095
P19T,-8.594280242919922,-0.484
P19S,-7.022624492645264,-0.935
E20G,-3.134648084640503,-0.3229999999999999
E20D,0.11397901922464371,0.014
E20A,-0.48094671964645386,0.303
E20Q,-1.986742615699768,0.361
E20V,-4.965351581573486,-0.296
E20K,-2.4250481128692627,-0.321
G21V,-9.243706703186035,-0.555
G21S,-3.721672296524048,-0.534
G21R,-4.362531661987305,-0.465
G21D,-2.2082457542419434,-0.363
G21C,-8.216007232666016,-0.66
G21A,-4.91945743560791,0.1689999999999999
F22V,-9.626978874206543,-2.519
F22Y,-6.103419780731201,-1.903
F22S,-10.49345874786377,-3.035
F22C,-11.153471946716309,-1.976
F22I,-10.257882118225098,-2.94
F22L,-8.596358299255371,-2.355
L23V,-1.227457046508789,-0.611
L23R,-3.032672166824341,-0.494
L23Q,-4.270710468292236,-0.415
L23P,-9.862135887145996,-2.846
L23M,-4.289309024810791,-0.197
W24S,-12.068065643310547,-0.7440000000000001
W24L,-7.682990074157715,-0.444
W24G,-13.179513931274414,-2.24
W24C,-10.045988082885742,-1.746
W24R,-9.001709938049316,-3.079
G25A,-8.513060569763184,-0.861
G25D,-13.592007637023926,-2.8760000000000003
G25R,-12.509904861450195,-1.405
G25S,-10.163675308227539,-2.804
G25C,-12.962860107421875,-1.621
G25V,-14.916376113891602,-1.546
S26P,-3.564836025238037,-2.133
S26A,3.0905702114105225,-0.131
S26W,-5.647392749786377,0.139
S26L,-2.588383913040161,-0.271
S26T,3.062549114227295,0.297
A27S,-2.6455020904541016,-0.177
A27P,-7.974210739135742,-2.555
A27G,-4.852315425872803,0.178
A27E,-10.924747467041016,-1.885
A27V,-8.545092582702637,-0.858
A27T,-7.064763069152832,-0.079
T28K,-12.282950401306152,-2.632
T28S,-3.5217137336730957,-2.484
T28R,-11.403732299804688,-1.955
T28P,-11.020761489868164,-0.557
T28M,-7.64372444152832,-1.075
T28A,-4.116083145141602,-2.032
A29T,-7.325758457183838,-2.062
A29S,-1.8654671907424927,-0.202
A29P,-9.644046783447266,-2.079
A29V,-9.214720726013184,-2.363
A29E,-10.842988014221191,-1.294
A29G,-7.0934038162231445,-0.747
S30C,-6.4390950202941895,-0.227
S30G,-3.639211893081665,-0.507
S30I,-10.048112869262695,-2.048
S30N,-7.970226764678955,-2.466
S30R,-9.825467109680176,-1.524
S30T,-6.133142471313477,-0.894
Y31S,-8.757424354553223,-0.291
Y31N,-7.731919765472412,-3.023
Y31H,-4.5640339851379395,-2.145
Y31F,-3.7119388580322266,-0.418
Y31D,-9.057023048400879,-1.431
Y31C,-8.611122131347656,-2.49
Q32P,-9.5671968460083,-1.181
Q32R,-9.34656047821045,-2.6060000000000003
Q32K,-9.723388671875,-0.951
Q32H,-7.556930065155029,-1.297
Q32E,-9.16053295135498,-0.029
Q32L,-11.016046524047852,-2.688
I33M,-6.62659215927124,-1.148
I33L,-5.348613739013672,0.269
I33V,-0.8708531856536865,-0.313
I33T,-4.51448917388916,-1.156
I33F,-7.591248512268066,-2.337
I33S,-6.80942440032959,-1.732
I33N,-7.869732856750488,-2.404
E34A,-10.697684288024902,-0.797
E34K,-11.229294776916504,-2.552
E34Q,-9.295924186706543,-1.53
E34V,-11.448801040649414,-2.5660000000000003
E34D,-7.916522026062012,-1.673
E34G,-9.654149055480957,-2.661
G35R,-13.167255401611328,-2.292
G35C,-12.50487995147705,-1.611
G35D,-12.718165397644043,-2.384
G35S,-11.16429328918457,-2.5660000000000003
G35V,-15.119646072387695,-1.311
G35A,-10.031720161437988,-1.6030000000000002
A36T,-6.946219444274902,-2.04
A36E,-10.238741874694824,-1.474
A36G,-2.6226401329040527,-0.296
A36P,-11.31467056274414,-1.479
A36S,-5.567727088928223,-0.5489999999999999
A36V,-7.687129020690918,-1.614
A37E,-7.226903915405273,-0.943
A37G,-4.561715126037598,0.071
A37P,-3.8261101245880127,-0.7290000000000001
A37S,-3.3845767974853516,-0.6629999999999999
A37T,-1.7140583992004395,-0.448
A37V,0.2143578827381134,-0.24
A38T,-0.6201843023300171,-0.175
A38V,-3.9858081340789795,-0.289
A38E,-1.6475508213043213,-0.1369999999999999
A38G,-0.1634560376405716,0.34
A38P,-7.083219051361084,-1.087
A38S,-2.0735254287719727,-0.043
E39D,-3.760739326477051,-0.3229999999999999
E39Q,-4.21279764175415,-0.539
E39A,-3.380648136138916,0.247
E39G,-6.725800514221191,-0.489
E39V,-4.97317361831665,-0.237
E39K,-6.415380001068115,-0.277
D40A,-5.994604110717773,0.449
D40Y,-8.584487915039062,-0.155
D40V,-11.092469215393066,-1.243
D40N,-7.192697048187256,-0.069
D40H,-6.7650933265686035,-0.264
D40G,-4.861419677734375,-0.3229999999999999
D40E,-4.031795024871826,-0.289
G41V,-11.123092651367188,-1.3
G41S,-7.600442409515381,-0.436
G41R,-8.563009262084961,-0.391
G41D,-5.6355743408203125,-0.405
G41C,-9.14211654663086,-0.377
G41A,-7.182426452636719,-0.621
R42H,-6.7939372062683105,-2.336
R42G,-6.797293663024902,-1.132
R42L,-9.800230979919434,-1.749
R42P,-11.271283149719238,-2.5380000000000003
R42S,-8.451373100280762,-1.018
R42C,-6.878154754638672,-2.174
T43S,-1.3758991956710815,-0.198
T43K,-2.3887619972229004,-0.252
T43M,-3.964320659637451,-0.163
T43P,-3.651120901107788,-0.8909999999999999
T43A,-0.2531941831111908,-0.058
T43R,-1.5373198986053467,-0.322
P44R,-4.569643020629883,-0.44
P44Q,-4.909980773925781,-0.455
P44T,-3.957575798034668,-0.226
P44L,-3.4232449531555176,-0.331
P44A,-2.3448195457458496,0.055
P44S,-5.214320182800293,-0.413
S45C,-4.96245813369751,0.076
S45Y,-12.892706871032715,-1.273
S45T,-5.160922050476074,-0.71
S45P,-11.009665489196777,-2.465
S45F,-12.576804161071777,-2.189
S45A,-5.56950044631958,-0.361
I46F,-9.205779075622559,-1.192
I46L,-5.063187122344971,-1.298
I46M,-6.147559642791748,-0.983
I46N,-5.455739498138428,-2.096
I46T,-3.943460464477539,-0.8370000000000001
I46V,-1.3664451837539673,-0.484
I46S,-6.825656414031982,-1.3090000000000002
W47S,-10.386225700378418,-0.8370000000000001
W47L,-10.014846801757812,-0.84
W47G,-9.818843841552734,-2.483
W47R,-8.893041610717773,-2.582
W47C,-9.530693054199219,-1.506
D48G,-9.790451049804688,-2.659
D48H,-9.507347106933594,-1.601
D48V,-11.450905799865723,-2.622
D48A,-10.316682815551758,-1.706
D48Y,-9.90114688873291,-0.8079999999999999
D48N,-8.046178817749023,-2.122
D48E,-6.844111919403076,-1.569
T49I,-6.162525177001953,-0.124
T49A,-2.863650321960449,-0.26
T49S,-3.50504469871521,-0.335
T49P,-7.59885835647583,-1.503
T49N,-6.231696128845215,0.142
Y50C,-5.267449855804443,-1.331
Y50D,-6.509840965270996,-1.68
Y50F,3.8110122680664062,0.106
Y50H,-3.6268699169158936,-0.489
Y50N,-6.794726371765137,-1.757
Y50S,-4.873411178588867,-0.479
A51P,-8.74351978302002,-1.741
A51V,-2.759749412536621,-0.34
A51T,-0.8307981491088867,-0.278
A51S,0.5466187596321106,-0.159
A51G,-3.8881282806396484,-1.095
A51E,-6.814598560333252,-2.148
R52P,-7.569401264190674,-2.675
R52S,-3.66247820854187,-0.355
R52H,2.0108225345611572,-0.278
R52G,-3.4573352336883545,-0.34
R52C,-6.1371965408325195,-0.39
R52L,-3.9722254276275635,-0.614
T53A,-4.073734283447266,-0.35
T53K,-5.393295764923096,-0.288
T53M,-5.112776279449463,-0.208
T53P,-9.899539947509766,-0.653
T53R,-4.102260589599609,0.046
T53S,-4.685050010681152,-0.257
P54A,-3.615185499191284,-0.281
P54L,-6.8632025718688965,-0.457
P54Q,-5.697079658508301,-0.589
P54R,-5.40694522857666,0.023
P54T,-6.106957912445068,-0.731
P54S,-5.04790735244751,-0.214
G55V,-10.436186790466309,-1.077
G55C,-10.17721176147461,-0.508
G55D,-4.875716209411621,-0.45
G55A,-7.710862636566162,-0.521
G55R,-7.000628471374512,-0.404
G55S,-7.6572699546813965,-0.371
R56P,-8.144253730773926,-0.614
R56H,-1.146146535873413,0.022
R56C,-4.522802352905273,-0.21
R56S,-3.0496721267700195,-0.45
R56G,-6.821507453918457,-1.035
R56L,-3.2510368824005127,-0.068
V57M,-3.7426273822784424,-2.337
V57L,-6.1803154945373535,-1.712
V57G,-6.7019805908203125,-1.812
V57E,-6.924076080322266,-2.552
V57A,-4.361941337585449,-1.807
R58L,1.5232077836990356,-0.042
R58C,-4.3600873947143555,-0.183
R58G,-3.0485217571258545,-1.781
R58P,-4.018813133239746,-1.886
R58S,-1.411672830581665,-0.713
R58H,-0.3266788125038147,-0.32
N59D,0.28093913197517395,-2.326
N59H,-2.8725013732910156,-0.0819999999999999
N59I,-9.652024269104004,-2.415
N59K,-5.7070231437683105,-2.198
N59S,-4.53308629989624,-1.953
N59T,-5.899692058563232,-0.406
N59Y,-5.229922771453857,-1.362
G60S,-5.027275085449219,-0.376
G60V,-9.245683670043945,-0.5589999999999999
G60A,-4.074319362640381,0.039
G60C,-7.381209850311279,-0.6409999999999999
G60D,-3.379453420639038,-0.552
G60R,-5.52769660949707,-0.18
D61Y,-8.965031623840332,-1.013
D61V,-8.076200485229492,-2.852
D61N,-6.174647331237793,-0.525
D61H,-4.230294227600098,-1.091
D61E,-1.7286593914031982,-0.61
D61A,-5.335929870605469,-0.8059999999999999
D61G,-8.09730052947998,-2.822
T62S,-2.4185683727264404,-0.54
T62I,-4.967127799987793,-0.7809999999999999
T62A,-5.223469257354736,-1.071
T62P,-8.724384307861328,-0.815
T62N,-1.1481990814208984,-0.556
G63V,-10.609557151794434,-1.7919999999999998
G63S,-7.602545261383057,-1.741
G63R,-14.17364501953125,-1.715
G63D,-11.506448745727539,-2.571
G63C,-9.11940860748291,-1.579
G63A,-3.9327123165130615,-0.47
D64A,-4.227299690246582,0.148
D64V,-6.880749225616455,-0.7040000000000001
D64Y,-7.890432357788086,-0.741
D64G,-7.155392646789551,-0.471
D64E,-1.8602371215820312,-0.202
D64H,-4.142078876495361,-0.606
D64N,-5.484822750091553,-0.487
V65I,-2.0876896381378174,-0.143
V65A,-4.935894966125488,-0.703
V65D,-5.440629482269287,-1.5490000000000002
V65F,-7.123592853546143,-0.276
V65G,-6.958654403686523,-0.622
V65L,-4.605696201324463,-0.377
A66V,-7.742801666259766,-2.451
A66T,-5.225742816925049,-0.176
A66S,-4.659555912017822,0.071
A66P,-10.803345680236816,-1.01
A66G,-3.6980628967285156,-0.3670000000000001
A66D,-7.288305759429932,-1.965
T67R,-6.471407890319824,-2.325
T67A,0.9635131359100342,-0.877
T67K,-8.721658706665039,-1.83
T67M,-4.859455585479736,-2.366
T67P,-4.964481830596924,-1.137
T67S,-1.1792805194854736,-0.7929999999999999
D68A,-7.127529144287109,0.0069999999999999
D68E,-4.416348457336426,-0.99
D68H,-8.521685600280762,-0.519
D68N,-6.165088653564453,-0.51
D68V,-9.591527938842773,-2.221
D68Y,-10.793617248535156,-1.422
D68G,-6.011560916900635,-0.6970000000000001
H69Y,-7.896221160888672,-0.939
H69L,-7.754267692565918,-2.772
H69R,-9.546375274658203,-3.1180000000000003
H69Q,-4.009889602661133,-1.858
H69P,-10.251423835754395,-1.484
H69N,-6.215226173400879,-0.917
H69D,-6.809337139129639,-0.6559999999999999
Y70H,-6.275849342346191,-2.648
Y70F,-5.720056533813477,-0.366
Y70D,-8.365839958190918,-1.781
Y70C,-8.950865745544434,-2.249
Y70S,-9.840253829956055,-0.64
Y70N,-9.93014144897461,-2.922
H71Y,-6.932157516479492,-0.6859999999999999
H71Q,-5.983070373535156,-1.074
H71P,-11.05954360961914,-0.743
H71L,-7.909855842590332,-1.771
H71D,-7.2184553146362305,-1.5019999999999998
H71N,-3.885990858078003,-0.487
H71R,-2.851198434829712,-0.7140000000000001
R72C,-7.17286491394043,-0.5760000000000001
R72S,-7.341459274291992,-0.821
R72P,-10.707290649414062,-2.085
R72L,-4.6334733963012695,-0.383
R72H,-4.955786228179932,-0.247
R72G,-6.433931827545166,-0.19
W73S,-8.382340431213379,-0.466
W73R,-8.69375991821289,-1.2009999999999998
W73L,-6.8927459716796875,-0.514
W73G,-7.977070331573486,-1.778
W73C,-7.462292671203613,-0.7290000000000001
R74S,-3.4398438930511475,-0.045
R74P,0.07365064322948456,-0.562
R74L,-6.539183616638184,-0.369
R74H,-3.547380208969116,-0.314
R74G,-5.578348159790039,-0.252
R74C,-6.819124221801758,-0.44
E75V,-9.328197479248047,-0.6679999999999999
E75Q,-3.5233399868011475,-0.317
E75K,-6.282071113586426,-0.555
E75G,-5.136202335357666,-0.672
E75D,-0.9955024123191833,-0.119
E75A,-4.2585129737854,0.002
D76Y,-12.561994552612305,-1.041
D76H,-11.305274963378906,-1.339
D76N,-10.061842918395996,-2.513
D76G,-11.447360038757324,-2.982
D76E,-8.145984649658203,-1.6569999999999998
D76V,-13.191634178161621,-2.944
D76A,-12.66706657409668,-1.065
V77A,-5.543940544128418,-0.599
V77E,-12.371560096740723,-2.533
V77G,-10.530533790588379,-1.122
V77L,-7.623477458953857,-0.5529999999999999
V77M,-9.334620475769043,-0.919
A78S,-3.2121167182922363,-0.3720000000000001
A78V,-6.278229236602783,-0.404
A78E,-1.3390930891036987,-0.424
A78T,-3.892040491104126,-0.417
A78G,-2.9226605892181396,-0.753
A78P,-9.738289833068848,-1.101
L79V,-4.058707237243652,0.005
L79M,-4.953907012939453,-0.269
L79P,-9.894411087036133,-2.799
L79Q,-6.10959005355835,-0.593
L79R,-7.647198677062988,-0.742
M80T,-4.566732883453369,-0.7909999999999999
M80R,-7.149473667144775,-2.336
M80L,-2.718574047088623,-0.404
M80K,-7.292712211608887,-2.763
M80I,-3.517394781112671,-0.43
M80V,-4.295101165771484,-0.534
A81E,-3.3238441944122314,-0.56
A81G,-3.091904401779175,-0.263
A81P,-9.97610855102539,-0.7090000000000001
A81S,-2.845576524734497,-0.198
A81V,-5.894853591918945,-0.426
A81T,-5.027684688568115,-0.507
E82V,-8.441926956176758,-0.579
E82A,-4.662604331970215,0.032
E82D,-1.2131885290145874,-0.238
E82Q,-3.379723310470581,-0.129
E82G,-3.621734857559204,-0.5529999999999999
E82K,-4.484684467315674,-0.309
L83R,-8.601391792297363,-1.779
L83P,-11.978979110717773,-2.717
L83Q,-6.207528591156006,-0.88
L83M,-4.004535675048828,-0.189
L83V,-7.509395599365234,-0.86
G84A,-7.078958988189697,0.066
G84C,-8.837627410888672,-0.157
G84D,-4.889881610870361,-0.5770000000000001
G84R,-4.433620929718018,-0.036
G84S,-5.850592613220215,-0.351
G84V,-10.67171573638916,-0.932
L85P,-11.109890937805176,-1.764
L85Q,-3.703016996383667,-0.6759999999999999
L85R,-8.25710678100586,-2.291
L85V,-3.4386868476867676,0.337
L85M,-2.0904386043548584,-0.454
G86S,-0.9135249257087708,-0.324
G86V,-5.716797351837158,-0.378
G86C,-5.347012519836426,-0.6729999999999999
G86D,-2.3774733543395996,-0.181
G86R,0.8702808618545532,-0.195
G86A,-2.5529496669769287,0.74
A87G,-3.9840633869171143,-1.085
A87P,-8.760924339294434,-1.119
A87S,-2.115722894668579,-0.46
A87T,-3.384760856628418,-1.009
A87V,-4.226786136627197,-0.809
A87E,-8.421745300292969,-1.597
Y88S,-10.077141761779785,-0.397
Y88N,-9.329957962036133,-2.909
Y88H,-4.841469764709473,-2.58
Y88F,-4.502102375030518,-1.664
Y88C,-8.210748672485352,-2.465
Y88D,-9.419198989868164,-2.1
R89S,-9.684111595153809,-1.211
R89P,-11.728609085083008,-1.775
R89L,-12.010918617248535,-1.207
R89H,-10.388188362121582,-2.314
R89G,-10.508098602294922,-1.7
R89C,-11.206047058105469,-2.45
F90S,-10.203994750976562,-2.541
F90L,-5.0810041427612305,-0.87
F90Y,-6.477490425109863,-0.8859999999999999
F90C,-9.390067100524902,-0.8340000000000001
F90V,-7.635924339294434,-1.476
F90I,-6.711311340332031,-2.898
S91C,-9.526647567749023,-2.704
S91G,-6.752201557159424,-1.243
S91I,-13.29559326171875,-1.729
S91N,-8.852092742919922,-2.405
S91R,-11.288488388061523,-2.007
S91T,-7.638579845428467,-1.092
L92V,-1.6687248945236206,-0.758
L92R,-12.225619316101074,-2.427
L92Q,-11.840259552001953,-3.049
L92P,-7.754792213439941,-2.402
L92M,-3.840991973876953,-0.453
A93V,-9.594633102416992,-2.397
A93T,-7.606657981872559,-1.773
A93S,-0.5243669748306274,-0.039
A93P,-6.707116603851318,-0.468
A93D,-7.758512020111084,-1.783
A93G,-5.670953273773193,-0.113
W94S,-11.29897689819336,0.232
W94R,-10.02225399017334,-2.864
W94L,-10.526352882385254,-1.064
W94G,-12.179530143737793,-2.278
W94C,-11.482087135314941,-1.315
P95S,-0.37856027483940125,-0.525
P95T,-2.1063520908355713,-0.523
P95R,-10.088460922241211,-1.372
P95Q,-6.9985737800598145,-1.436
P95A,-2.3927178382873535,-0.625
P95L,-9.6755952835083,-2.276
R96S,-12.065910339355469,-1.902
R96P,-13.656725883483887,-1.801
R96L,-10.80965518951416,-1.841
R96H,-10.299962997436523,-2.605
R96G,-11.484596252441406,-2.138
R96C,-11.982579231262207,-2.6460000000000004
I97V,-3.000002145767212,-0.306
I97N,-12.720904350280762,-1.885
I97M,-6.524433135986328,-0.354
I97T,-8.388057708740234,-1.335
I97L,-2.3501617908477783,0.122
I97F,-8.331094741821289,-0.809
I97S,-11.138554573059082,-1.3769999999999998
Q98K,-5.629476070404053,-0.644
Q98L,-0.33778467774391174,-0.546
Q98P,-10.937200546264648,-0.8440000000000001
Q98R,-2.9592337608337402,-0.604
Q98H,-3.110342025756836,-0.204
Q98E,-7.9843597412109375,-0.346
P99Q,-8.761032104492188,-0.654
P99A,-4.568162441253662,-0.8240000000000001
P99L,-10.027450561523438,-0.841
P99T,-7.860565662384033,-0.946
P99S,-5.742727756500244,-0.258
P99R,-7.679040908813477,-0.63
T100I,-7.4888997077941895,-0.536
T100A,-0.706133246421814,-0.525
T100N,-1.9311714172363281,0.132
T100P,-6.42814826965332,-0.073
T100S,-0.8836683630943298,-0.182
G101A,-6.530759334564209,-0.512
G101C,-11.571426391601562,-0.448
G101D,-10.571518898010254,-0.947
G101R,-12.004996299743652,-0.78
G101S,-8.73167896270752,-0.5920000000000001
G101V,-11.877360343933105,-0.237
R102C,-3.7075624465942383,-0.085
R102S,1.297492504119873,-0.514
R102G,-0.7727022767066956,-0.363
R102H,-0.7704548239707947,-0.318
R102L,-2.738518714904785,-0.314
R102P,-6.2163567543029785,-0.703
G103D,-7.420104503631592,-0.7509999999999999
G103V,-11.711843490600586,-0.101
G103S,-9.221639633178711,-0.593
G103A,-8.546658515930176,-0.112
G103C,-10.918270111083984,-0.146
G103R,-9.089506149291992,-0.414
P104S,-3.5059988498687744,-0.442
P104R,-1.8462371826171875,-0.581
P104Q,-2.5122339725494385,-0.434
P104L,-5.020103454589844,-0.408
P104A,-1.0576186180114746,-0.597
P104T,-2.246887683868408,-0.447
A105E,-7.740120887756348,-0.513
A105G,-5.3370513916015625,-0.5760000000000001
A105P,-3.213289499282837,-1.178
A105S,-5.612394332885742,0.076
A105T,-5.017397880554199,-0.45
A105V,-0.4646994471549988,-0.223
L106R,1.430450439453125,-0.5
L106Q,3.435119867324829,-0.473
L106P,-3.6590864658355713,-0.56
L106V,2.6852903366088867,-0.222
L106M,-0.7196898460388184,-0.44
Q107H,-3.789415121078491,-0.202
Q107R,-1.313735842704773,-0.493
Q107E,-0.3817400336265564,0.484
Q107P,0.3473462462425232,-0.065
Q107L,-4.038149356842041,-0.602
Q107K,-2.989659309387207,-0.551
K108R,0.2774742543697357,-0.431
K108T,-0.5466113686561584,0.076
K108E,-1.3255541324615479,-0.491
K108Q,-0.5208742618560791,0.105
K108I,-4.640567302703857,-0.31
K108N,-2.6641652584075928,-0.41
G109S,-8.47054386138916,-0.6859999999999999
G109R,-12.787317276000977,-0.989
G109D,-12.23792839050293,-2.145
G109C,-11.970571517944336,-0.76
G109A,-5.072617053985596,0.248
G109V,-13.01307201385498,-1.017
L110Q,-8.44532299041748,-1.978
L110P,-7.6917338371276855,-2.658
L110M,-5.8305253982543945,-0.715
L110R,-7.217423439025879,-1.426
L110V,-0.5608463883399963,0.044
D111G,-5.180195331573486,-0.974
D111H,-7.08145809173584,-1.2009999999999998
D111N,-5.620533466339111,-0.4370000000000001
D111V,-7.981377124786377,-1.135
D111Y,-9.046573638916016,-1.26
D111E,-3.5273609161376953,-0.523
D111A,-4.196235179901123,-0.356
F112L,-6.0429301261901855,-1.004
F112C,-9.0156888961792,-1.213
F112V,-8.305949211120605,-0.807
F112Y,-3.716475248336792,-0.6609999999999999
F112I,-9.751030921936035,-1.329
F112S,-7.974667072296143,-2.363
Y113S,-8.621843338012695,-0.552
Y113N,-8.568442344665527,-2.883
Y113H,-5.094672203063965,-2.947
Y113F,-8.017499923706055,-1.972
Y113C,-7.86024284362793,-2.837
Y113D,-9.527180671691895,-1.901
R114C,-3.5317933559417725,-0.301
R114L,-5.3246684074401855,-0.306
R114H,-4.418586730957031,-0.5760000000000001
R114S,-0.5991435050964355,-0.194
R114P,-7.775485038757324,-1.301
R114G,-0.8881425261497498,-1.101
R115C,-4.7808837890625,-0.445
R115S,-1.0434353351593018,-0.436
R115P,-8.21996021270752,-1.114
R115L,-3.6960344314575195,-0.476
R115H,-2.836339235305786,-0.316
R115G,-2.1080267429351807,-0.631
L116V,-5.870590686798096,-0.263
L116R,-9.474468231201172,-2.472
L116Q,-7.193663597106934,-2.485
L116P,-11.127500534057617,-3.023
L116M,-4.575325965881348,-0.412
A117E,-9.995872497558594,-2.008
A117G,-6.812611103057861,-0.056
A117T,-0.05006144195795059,0.037
A117S,-4.094451427459717,-0.394
A117V,0.7316451072692871,-0.195
A117P,-9.748620986938477,-1.232
D118N,-8.115595817565918,-1.069
D118H,-9.748332023620605,-1.416
D118G,-6.785955905914307,-1.425
D118V,-10.374482154846191,-2.5660000000000003
D118Y,-10.524312973022461,-1.409
D118E,-4.021162033081055,-0.544
D118A,-8.122488975524902,-0.7979999999999999
E119K,-6.691215515136719,-0.5760000000000001
E119A,0.2122979462146759,-0.123
E119V,-5.8993377685546875,-0.419
E119D,-2.987858533859253,-0.171
E119Q,-4.977180004119873,-0.18
E119G,-3.6845059394836426,-0.506
L120P,-9.035379409790039,-2.736
L120M,-6.604092597961426,-0.135
L120R,-8.953518867492676,-2.385
L120Q,-9.262174606323242,-1.164
L120V,-8.360434532165527,-0.466
L121Q,-4.345179557800293,-0.447
L121P,-10.276139259338379,-2.48
L121R,-2.8481078147888184,-0.3720000000000001
L121V,-1.5077345371246338,-0.6659999999999999
L121M,-5.7963666915893555,-0.271
A122P,-9.822371482849121,-0.362
A122G,-2.889998435974121,0.048
A122D,-1.5992367267608643,-0.3
A122V,-5.059573173522949,-0.249
A122T,-3.7197840213775635,-0.172
A122S,-1.44654381275177,-0.196
K123R,2.3714356422424316,-0.286
K123Q,-0.1918083131313324,-0.292
K123N,0.4967688322067261,-0.147
K123I,-7.958370208740234,-0.49
K123E,-2.9168825149536133,-0.421
K123T,-2.926602363586426,-0.074
G124A,-8.152420043945312,-0.335
G124V,-10.998956680297852,-0.59
G124S,-6.146036148071289,-0.269
G124D,-3.2957372665405273,-0.263
G124C,-9.661646842956543,-0.5670000000000001
G124R,-5.928475856781006,0.014
I125S,-11.556954383850098,-2.042
I125F,-11.839835166931152,-2.227
I125N,-11.3892822265625,-2.583
I125T,-7.827437877655029,-1.111
I125M,-7.435527801513672,-0.8109999999999999
I125L,-6.278773784637451,-0.022
I125V,-3.172335624694824,-0.46
Q126R,-0.14960138499736786,-0.313
Q126L,-1.8987548351287842,-0.301
Q126K,-2.0439419746398926,-0.394
Q126H,-2.4362540245056152,0.047
Q126E,1.0516984462738037,0.138
Q126P,-7.2866034507751465,-0.703
P127R,-10.926015853881836,-1.461
P127A,-6.828578472137451,-1.085
P127L,-9.045557022094727,-0.979
P127Q,-11.3301362991333,-1.4680000000000002
P127S,-9.749700546264648,-0.809
P127T,-9.817217826843262,-0.8959999999999999
V128D,-7.1460185050964355,-1.6369999999999998
V128A,-3.5735764503479004,-0.5660000000000001
V128L,-1.149183988571167,-0.64
V128I,-0.9706565141677856,-0.16
V128G,-7.043785572052002,-1.233
V128F,1.7455079555511475,-0.212
A129V,-0.0882287472486496,-0.182
A129T,-3.897650957107544,-0.568
A129S,-6.899768352508545,-0.623
A129P,-4.166743278503418,-0.8170000000000001
A129G,-5.607718467712402,-0.537
A129D,-10.920193672180176,-1.63
T130I,-9.697945594787598,-1.889
T130N,-6.357016086578369,-0.882
T130P,-9.891657829284668,-1.164
T130A,-6.528914928436279,-2.5980000000000003
T130S,-6.4769392013549805,-2.289
L131V,-4.194228649139404,-0.586
L131R,-11.872089385986328,-2.044
L131Q,-11.215819358825684,-2.615
L131P,-7.239762783050537,-2.9760000000000004
L131M,-6.409106731414795,-0.413
Y132S,-8.191110610961914,-0.654
Y132N,-8.455450057983398,-2.59
Y132H,-6.694976806640625,-2.256
Y132F,-4.068736553192139,-0.464
Y132D,-10.584083557128906,-1.7519999999999998
Y132C,-8.818867683410645,-1.146
H133P,-10.838229179382324,-1.089
H133Y,-10.255706787109375,-2.301
H133R,-10.04146671295166,-2.642
H133Q,-8.385455131530762,-0.778
H133N,-9.92396068572998,-0.941
H133L,-10.092622756958008,-3.179
W134R,-9.446207046508789,-2.702
W134S,-10.208606719970703,-0.318
W134C,-9.500707626342773,-2.148
W134G,-9.996014595031738,-2.199
W134L,-9.787290573120117,-0.807
D135V,-11.726865768432617,-2.65
D135H,-11.034342765808105,-1.214
D135G,-10.527894020080566,-2.632
D135E,-4.732935428619385,-2.106
D135A,-9.801791191101074,-0.8170000000000001
D135Y,-11.77176570892334,-1.395
D135N,-10.370909690856934,-2.4530000000000003
L136M,-6.984066486358643,-0.5489999999999999
L136V,-7.942509174346924,-0.8420000000000001
L136P,-10.142139434814453,-2.5660000000000003
L136Q,-8.411219596862793,-1.693
L136R,-10.121013641357422,-1.906
P137S,-9.045184135437012,-1.679
P137R,-12.775811195373535,-1.268
P137Q,-10.603771209716797,-1.277
P137L,-10.913606643676758,-2.0380000000000003
P137A,-6.726280689239502,-1.585
P137T,-10.90947437286377,-1.475
Q138H,-6.535518169403076,-0.506
Q138K,-8.765779495239258,-0.974
Q138L,-5.199134826660156,-0.339
Q138P,-9.392760276794434,-0.722
Q138R,-7.808099269866943,-0.708
Q138E,-4.3279242515563965,-0.523
E139V,-2.0051379203796387,-0.569
E139K,-5.185684680938721,-0.631
E139G,-3.4433791637420654,-0.303
E139Q,-2.8685426712036133,0.115
E139D,-1.79136061668396,-0.18
E139A,0.326911985874176,0.192
L140V,-3.974344253540039,-0.101
L140R,-8.689436912536621,-0.611
L140M,-5.580333232879639,-0.166
L140Q,-7.207367897033691,-0.613
L140P,-7.679471492767334,-1.923
E141V,-7.986654758453369,-2.624
E141Q,-1.7008414268493652,-0.015
E141K,-9.254668235778809,-2.527
E141G,-8.887092590332031,-1.452
E141A,-5.8927178382873535,-0.757
E141D,-5.283238887786865,-0.685
N142Y,-4.789383411407471,-0.213
N142S,-1.9387831687927246,-0.255
N142T,-1.508529782295227,-0.219
N142I,-5.172034740447998,-0.216
N142H,-2.618859052658081,-0.334
N142D,3.6487503051757812,-0.254
N142K,-2.952418804168701,-0.428
A143G,-2.4642176628112793,-0.195
A143T,-0.16364149749279022,-0.257
A143V,-0.9741082191467285,-0.324
A143S,-0.7418507933616638,-0.441
A143P,-6.0170464515686035,-0.278
A143E,-0.04092440381646156,-0.276
G144S,-9.90396499633789,-1.097
G144A,-9.687003135681152,-0.36
G144C,-12.06314468383789,-0.812
G144D,-8.720208168029785,-1.347
G144V,-12.801469802856445,-1.725
G144R,-10.217790603637695,-0.5
G145R,-11.524291038513184,-1.128
G145C,-11.29295825958252,-1.531
G145D,-9.948731422424316,-2.276
G145V,-13.324807167053223,-1.476
G145S,-7.753356456756592,-2.162
G145A,-5.746557712554932,-1.394
W146S,-11.152503967285156,0.183
W146C,-10.740213394165039,-1.812
W146G,-11.43979549407959,-1.676
W146R,-10.022422790527344,-3.018
W146L,-6.259618282318115,-1.206
P147T,1.3986163139343262,-0.5760000000000001
P147S,-0.9692302942276001,-0.46
P147R,-1.821600079536438,-0.49
P147Q,-0.10450240224599838,-0.7170000000000001
P147A,0.5372201204299927,-0.057
P147L,-0.6924947500228882,-0.511
E148Q,-2.3428711891174316,-0.378
E148K,-5.262579917907715,-0.3670000000000001
E148G,-4.989694118499756,-0.5579999999999999
E148D,-0.21173761785030365,-0.468
E148A,-2.578132390975952,-0.112
E148V,-2.806687831878662,-0.319
R149S,-9.318312644958496,-1.308
R149P,-6.673218727111816,-1.3730000000000002
R149C,-10.517953872680664,-1.91
R149L,-8.320039749145508,-0.504
R149H,-6.4579315185546875,-1.085
R149G,-9.761512756347656,-1.505
A150V,-2.489140510559082,-0.243
A150G,-1.6053465604782104,-0.061
A150P,-4.694174289703369,-0.575
A150S,-0.6702213883399963,-0.597
A150T,-1.7712628841400146,-0.157
A150D,-0.4074236750602722,0.55
T151A,-6.151069164276123,-0.7240000000000001
T151S,-4.738323211669922,-0.593
T151P,-11.12820053100586,-0.542
T151M,-6.593087196350098,-0.544
T151K,-12.95702075958252,-2.051
A152T,-6.9676079750061035,-0.404
A152E,-11.30313777923584,-1.797
A152V,-3.8719427585601807,-0.61
A152S,-5.262495994567871,-0.322
A152G,-6.316596508026123,0.122
A152P,-8.546346664428711,-0.606
E153G,-4.414902687072754,-0.31
E153A,-3.9151787757873535,-0.267
E153D,-2.232299566268921,-0.399
E153V,-4.633904457092285,-0.455
E153Q,-3.381328821182251,0.042
E153K,-6.491331100463867,-0.631
R154L,-0.4370388686656952,-0.529
R154P,-5.683555603027344,-1.116
R154S,-0.9201903343200684,-0.105
R154H,-1.0020980834960938,-0.211
R154G,-2.477360725402832,0.287
R154C,-1.7057983875274658,-0.266
F155C,-8.866253852844238,-0.8240000000000001
F155Y,-3.3330373764038086,-0.674
F155V,-8.164545059204102,-0.433
F155S,-10.651193618774414,-2.702
F155I,-8.18234634399414,-0.7929999999999999
F155L,-4.506997108459473,-0.493
A156S,-5.220703601837158,-0.502
A156T,-7.277533531188965,-0.675
A156V,-8.253143310546875,-0.612
A156G,-3.7695653438568115,-0.451
A156P,-12.475860595703125,-0.578
A156E,-7.421203136444092,-0.4920000000000001
E157G,-4.322300434112549,-0.485
E157K,-7.53353214263916,-0.816
E157Q,-4.192731857299805,-0.65
E157V,-6.9796271324157715,-0.8009999999999999
E157D,-1.163011074066162,-0.259
E157A,-3.4156713485717773,0.075
Y158S,-9.285242080688477,-0.606
Y158H,-4.570406913757324,-1.579
Y158F,-1.2874605655670166,-0.305
Y158N,-8.853752136230469,-2.833
Y158C,-7.56050443649292,-1.274
Y158D,-10.427986145019531,-1.251
A159V,-5.144553184509277,-0.562
A159S,-4.267881870269775,-1.006
A159P,-11.413079261779785,-1.937
A159G,-6.933858871459961,-0.7
A159T,-4.104664325714111,-0.7490000000000001
A159D,-12.627265930175781,-1.869
A160V,-4.662700653076172,-0.066
A160E,-3.3187196254730225,-0.439
A160G,0.22865326702594757,-0.166
A160P,-9.75603199005127,-1.167
A160T,-3.4513468742370605,-0.382
A160S,-3.0828094482421875,-0.259
I161S,-5.11137056350708,-0.3229999999999999
I161T,-1.4203017950057983,-0.51
I161V,-0.3807390034198761,-0.278
I161M,-2.8196983337402344,-0.176
I161L,1.6302868127822876,-0.295
I161F,-3.8370168209075928,-0.293
I161N,-6.450890064239502,-0.861
A162P,-12.084295272827148,-0.556
A162V,-1.1031017303466797,-0.5329999999999999
A162T,-3.409757375717163,-0.407
A162S,-4.500163555145264,-0.333
A162G,-6.358156204223633,-0.879
A162D,-12.21788215637207,-1.249
A163E,-12.760401725769043,-1.4880000000000002
A163T,-7.597108364105225,-0.479
A163S,-5.634354114532471,-0.355
A163P,-12.370665550231934,-1.592
A163V,-7.4579949378967285,-0.381
A163G,-4.64950704574585,-0.248
D164E,-0.4616456627845764,0.087
D164Y,-7.62841796875,-0.5660000000000001
D164V,-6.526258945465088,-0.507
D164N,-4.903458595275879,-0.063
D164H,-4.896946430206299,-0.216
D164G,-2.4475622177124023,-0.131
D164A,-2.7338099479675293,-0.112
A165D,-9.025174140930176,-0.684
A165G,-4.4462151527404785,-0.598
A165P,-11.38609504699707,-0.334
A165S,-4.612547397613525,-0.47
A165V,-5.0972113609313965,-0.562
A165T,-3.613865613937378,-0.773
L166M,-6.650857925415039,-0.467
L166Q,-12.375825881958008,-2.991
L166P,-11.094944953918457,-2.705
L166R,-12.905652046203613,-1.912
L166V,-6.4516472816467285,-0.7490000000000001
G167A,-4.299821376800537,0.304
G167C,-8.623348236083984,-0.249
G167D,-9.673441886901855,-0.327
G167R,-5.3564252853393555,-0.326
G167S,-5.6432623863220215,-0.136
G167V,-9.439654350280762,-0.391
D168A,-7.318367004394531,-0.612
D168H,-7.214325428009033,-0.768
D168N,-6.344908714294434,-0.486
D168V,-9.98348331451416,-1.5619999999999998
D168Y,-9.245622634887695,-0.617
D168E,-5.829019069671631,-0.5489999999999999
D168G,-5.51143217086792,-0.614
R169C,-5.414233207702637,-0.267
R169G,-8.089821815490723,-0.597
R169P,-9.04819107055664,-1.001
R169S,-3.7072629928588867,-0.196
R169L,-2.741338014602661,-0.488
R169H,-5.9023871421813965,-0.257
V170I,-1.6948678493499756,-0.342
V170A,-9.3460054397583,-1.702
V170L,-7.046020030975342,-0.931
V170D,-12.332112312316895,-2.935
V170G,-12.103533744812012,-1.64
V170F,-10.59133243560791,-0.7959999999999999
K171N,-4.6072492599487305,-0.379
K171T,-1.2393105030059814,-0.33
K171I,-6.372945785522461,-0.7509999999999999
K171E,-6.027247428894043,-0.624
K171R,1.4870359897613525,-0.355
K171Q,-3.2579855918884277,-0.348
T172S,-2.3621935844421387,-0.422
T172A,-2.342881202697754,-0.433
T172I,0.1374986320734024,-0.094
T172N,-3.9236910343170166,-0.266
T172P,-6.179296970367432,-1.153
W173S,-12.081270217895508,-0.536
W173G,-13.473881721496582,-1.713
W173C,-10.522747993469238,-0.589
W173L,-9.370773315429688,-0.997
W173R,-11.61715030670166,-3.012
T174S,-2.4515745639801025,-0.189
T174N,-2.602433204650879,-0.5429999999999999
T174I,4.179272651672363,-0.042
T174A,-0.9115015864372253,-0.351
T174P,-7.237866401672363,-1.56
T175P,-4.455820560455322,-1.648
T175A,-6.666261672973633,-2.684
T175K,-10.66286849975586,-2.146
T175M,-8.135424613952637,-2.672
T175S,-5.9426164627075195,-0.562
L176Q,-4.683248519897461,-0.92
L176R,-9.872601509094238,-2.303
L176V,-1.0638004541397095,-0.116
L176P,-9.168489456176758,-2.753
L176M,-3.138254165649414,-0.247
N177T,-9.061258316040039,-0.949
N177S,-7.326903820037842,-2.748
N177K,-9.930251121520996,-1.656
N177I,-9.9511079788208,-2.918
N177H,-8.04659652709961,-1.247
N177D,-8.366559028625488,-2.759
N177Y,-12.2903470993042,-3.047
E178V,-10.290437698364258,-3.1
E178Q,-6.812098503112793,-1.884
E178A,-9.340446472167969,-0.8340000000000001
E178G,-10.570992469787598,-3.068
E178D,-7.686567783355713,-2.292
E178K,-9.097314834594727,-2.5380000000000003
P179A,-6.8373942375183105,-1.836
P179L,-8.16609001159668,-2.762
P179Q,-8.626383781433105,-1.5119999999999998
P179T,-6.910529613494873,-1.298
P179S,-7.546159267425537,-2.592
P179R,-11.505297660827637,-2.351
W180L,-7.057456016540527,-0.76
W180C,-8.2985200881958,-1.185
W180R,-9.157184600830078,-2.545
W180S,-8.43802547454834,-1.536
W180G,-9.33571720123291,-1.194
C181Y,-10.274561882019043,-1.575
C181W,-11.419379234313965,-1.959
C181R,-10.60312271118164,-2.702
C181G,-7.997313022613525,-1.348
C181F,-10.527198791503906,-1.003
C181S,-5.9166483879089355,-2.629
S182N,-5.4554877281188965,-2.531
S182G,-5.638930320739746,-1.599
S182I,-5.299646377563477,-0.118
S182T,-1.8195880651474,0.268
S182R,-9.18885612487793,-2.452
S182C,-4.361832141876221,-0.348
A183V,-4.6179656982421875,-2.211
A183T,-2.2963337898254395,-1.645
A183S,-0.8973969221115112,-0.7
A183P,-8.161701202392578,-0.506
A183G,-4.510717391967773,-0.907
A183E,-9.704652786254883,-1.891
F184I,-1.9646949768066406,-2.244
F184L,-1.0651535987854004,-1.42
F184S,-3.407822608947754,-1.639
F184V,-1.2299436330795288,-1.525
F184Y,-0.9660996198654175,-0.8640000000000001
F184C,-4.76462984085083,-0.917
L185V,-6.099725723266602,-0.645
L185R,-8.326397895812988,-1.837
L185Q,-5.544708251953125,-0.858
L185P,-9.656721115112305,-1.806
L185M,-5.111510276794434,-0.068
G186V,-9.313322067260742,-1.7819999999999998
G186A,-4.593292713165283,-0.603
G186R,-10.30533504486084,-1.321
G186D,-7.720378398895264,-2.775
G186S,-3.5397019386291504,-1.274
G186C,-7.677548408508301,-2.147
Y187C,-5.600692272186279,-2.604
Y187S,-6.795181751251221,-0.962
Y187N,-4.682562351226807,-3.143
Y187H,-0.6688103079795837,-0.991
Y187D,-6.451907157897949,-1.379
Y187F,-4.52781867980957,-2.046
G188A,-2.088151454925537,-0.484
G188C,-5.557468414306641,-0.296
G188D,-3.307806968688965,-0.929
G188R,-5.90966272354126,-1.617
G188S,-3.8365750312805176,-0.654
G188V,-4.475804328918457,-0.966
S189A,0.21946534514427185,-0.374
S189C,-3.213362693786621,-1.856
S189F,-1.2757693529129028,-1.58
S189P,-4.7349534034729,-2.843
S189T,0.4450426697731018,-0.847
S189Y,-1.7609901428222656,-1.327
G190S,-7.7463788986206055,-2.006
G190A,-4.966563701629639,-0.8740000000000001
G190C,-10.368191719055176,-1.33
G190D,-8.909272193908691,-1.6980000000000002
G190R,-9.257746696472168,-1.969
G190V,-11.527772903442383,-1.71
V191L,-2.0421524047851562,0.644
V191G,-4.320074558258057,-0.449
V191F,-4.263176918029785,-0.486
V191D,-0.8299156427383423,-0.255
V191A,-2.1266565322875977,-0.449
V191I,-1.3670244216918945,-0.457
H192Y,-6.917487621307373,-2.778
H192Q,-6.287084102630615,-0.603
H192P,-12.011950492858887,-1.829
H192N,-7.543434143066406,-0.652
H192L,-7.275882720947266,-1.097
H192D,-9.34703254699707,-1.037
H192R,-9.49747085571289,-2.754
A193V,-7.766944885253906,-2.559
A193T,-7.109365940093994,-2.4330000000000003
A193S,-5.080699920654297,-1.023
A193P,-5.63661003112793,-0.741
A193E,-8.797809600830078,-1.403
A193G,-5.7463908195495605,-0.6559999999999999
P194Q,-10.47371768951416,-1.409
P194A,-8.57479190826416,-1.6269999999999998
P194R,-11.384011268615723,-2.9410000000000003
P194S,-8.951459884643555,-2.854
P194T,-9.45594310760498,-0.674
P194L,-9.631586074829102,-2.6060000000000003
G195S,-6.892828941345215,-2.166
G195V,-10.322442054748535,-1.528
G195R,-9.286331176757812,-2.225
G195D,-6.716178894042969,-1.704
G195C,-9.390510559082031,-1.525
G195A,-4.2176313400268555,-0.675
R196S,-4.483944416046143,-0.684
R196C,-5.8790483474731445,-0.5429999999999999
R196G,-3.855550527572632,-0.511
R196P,-6.138132095336914,-1.7719999999999998
R196L,-0.5414607524871826,-0.562
R196H,-0.5226689577102661,-0.544
T197P,-4.428543567657471,-0.004
T197I,-2.7161965370178223,-0.618
T197A,-2.0223824977874756,-0.274
T197S,-2.106180429458618,-0.542
T197N,-2.091057538986206,-0.361
D198E,-3.122614622116089,-0.339
D198H,-6.9280853271484375,-1.101
D198A,-6.266844749450684,-0.337
D198G,-4.580404758453369,-0.706
D198N,-5.448939800262451,-0.261
D198V,-8.75817584991455,-0.815
D198Y,-9.691217422485352,-0.6890000000000001
P199T,-2.364398717880249,-0.537
P199S,-2.631171464920044,-0.472
P199R,-5.054466247558594,-0.7809999999999999
P199Q,-4.636065483093262,-0.423
P199A,-0.40513351559638977,0.365
P199L,-2.0616960525512695,-0.753
V200A,0.8942626118659973,-0.483
V200D,-0.29608890414237976,-0.362
V200F,-5.031339168548584,-0.468
V200G,-0.9792178869247437,-0.225
V200I,-2.783535957336426,-0.451
V200L,-0.8930953741073608,0.218
A201S,-2.206623077392578,-0.669
A201V,-3.8321168422698975,-0.5870000000000001
A201D,-0.5868142247200012,-0.078
A201G,-2.253206729888916,-0.123
A201P,-4.353275775909424,0.004
A201T,-2.631361246109009,-0.609
A202V,-2.884566068649292,-0.966
A202E,-5.808127403259277,-1.047
A202T,-3.4504408836364746,-0.55
A202S,-2.570202350616455,-0.405
A202G,-1.0974807739257812,-0.998
A202P,-3.6942665576934814,-0.051
L203P,-8.970515251159668,-2.875
L203M,-2.8449063301086426,-0.63
L203Q,-5.852002143859863,-3.372
L203R,-8.13891315460205,-1.758
L203V,-2.6592507362365723,-0.286
R204C,-4.96381139755249,-0.348
R204G,-5.281695365905762,-0.42
R204H,-2.628488063812256,-0.47
R204L,-2.579448699951172,-0.438
R204P,-9.664689064025879,-0.7390000000000001
R204S,-2.8210837841033936,-0.443
A205S,-2.106534481048584,-0.5379999999999999
A205P,-9.818037986755371,-1.146
A205G,-5.226187229156494,-0.958
A205D,-9.133731842041016,-2.003
A205T,-1.4496046304702759,-0.856
A205V,-0.6181831955909729,-1.115
A206S,-3.1697797775268555,-0.486
A206G,-2.314387798309326,0.191
A206E,-8.382583618164062,-0.942
A206P,-9.353957176208496,-1.742
A206V,-2.929382801055908,-0.443
A206T,-3.6159231662750244,-0.996
H207R,-8.587952613830566,-2.955
H207N,-8.330155372619629,-1.7180000000000002
H207Q,-7.412907123565674,-2.536
H207L,-7.449718475341797,-2.887
H207D,-10.602928161621094,-0.053
H207Y,-4.204473972320557,-2.47
H207P,-11.639520645141602,-1.031
H208L,-9.166104316711426,-1.753
H208Q,-6.573244094848633,-1.058
H208P,-10.607080459594727,-0.691
H208R,-8.340071678161621,-2.915
H208Y,-5.874879837036133,-0.514
H208N,-2.9703166484832764,-0.391
H208D,-9.250090599060059,-1.369
L209M,-2.397406578063965,-0.532
L209P,-8.30617904663086,-2.837
L209Q,-0.8935586214065552,-1.505
L209R,-7.6395978927612305,-1.938
L209V,-3.806584596633911,-1.943
N210S,-1.57106351852417,-0.362
N210I,-2.77799391746521,-0.63
N210Y,-7.192828178405762,-3.0860000000000003
N210H,-4.562294960021973,-1.008
N210T,-1.3733292818069458,-0.378
N210D,-5.182692050933838,-1.49
N210K,-10.174735069274902,-2.201
L211Q,-8.259069442749023,-2.251
L211M,-6.193996429443359,-0.041
L211P,-9.453561782836914,-2.986
L211R,-6.288619041442871,-0.47
L211V,-2.056220054626465,-0.313
G212D,-9.690129280090332,-2.227
G212R,-11.950552940368652,-2.068
G212S,-1.6059004068374634,-0.374
G212A,1.2888637781143188,-0.148
G212C,-6.2553887367248535,-0.509
G212V,-8.424560546875,-1.293
H213R,-9.872293472290039,-3.11
H213D,-10.382390022277832,-0.452
H213L,-10.03860855102539,-3.1180000000000003
H213N,-4.673709869384766,-0.659
H213P,-12.090707778930664,-1.4409999999999998
H213Q,-5.008828163146973,-2.584
H213Y,-8.86805248260498,-2.584
G214V,-13.715848922729492,-1.421
G214S,-8.771570205688477,-2.158
G214R,-13.131133079528809,-0.636
G214A,-5.975280284881592,-0.947
G214D,-13.486162185668945,-2.583
G214C,-11.970186233520508,-0.938
L215P,-11.072547912597656,-2.982
L215M,-2.923128843307495,-0.256
L215Q,-7.050434112548828,-0.662
L215V,-7.132157325744629,-0.287
L215R,-5.359310150146484,-0.197
A216S,-4.31425142288208,-0.69
A216P,-13.64177417755127,-1.095
A216V,-7.438395977020264,-0.6559999999999999
A216T,-6.411952018737793,-0.662
A216G,-1.8526901006698608,-0.648
A216E,-12.703303337097168,-1.014
V217A,-2.525420904159546,-0.426
V217F,-4.526681423187256,-0.8
V217G,-6.450109481811523,-0.4270000000000001
V217I,-2.7792105674743652,-0.289
V217L,-2.1971147060394287,-0.445
V217D,-8.972258567810059,-2.119
Q218L,-3.339512825012207,-0.267
Q218K,-0.6757827997207642,-0.441
Q218R,0.3992086946964264,-0.272
Q218H,-3.054999589920044,-0.266
Q218E,-1.6595399379730225,0.295
Q218P,-4.855971336364746,-0.7170000000000001
A219V,-2.779650926589966,-0.128
A219T,-3.718855381011963,-0.014
A219S,-4.289222240447998,-0.053
A219P,-9.659422874450684,-1.685
A219G,-6.2238898277282715,-0.023
A219D,-10.413289070129395,-0.743
L220M,-3.4509546756744385,0.066
L220V,-4.685112953186035,0.322
L220R,-11.834897994995117,-1.456
L220Q,-10.143060684204102,-1.374
L220P,-12.796870231628418,-2.857
R221C,-8.812033653259277,-0.964
R221P,-13.61565113067627,-2.083
R221H,-4.448765754699707,-0.486
R221S,-7.765224933624268,-0.968
R221L,-7.38751745223999,-1.24
R221G,-7.895851135253906,-0.913
D222E,1.4577524662017822,-0.177
D222Y,-6.136834621429443,-0.495
D222V,-4.36739444732666,-0.835
D222H,-2.7226805686950684,-0.48
D222G,-0.8909257054328918,-0.4920000000000001
D222A,1.1122828722000122,-0.203
D222N,-2.2813620567321777,-0.386
R223G,-4.919909477233887,-0.601
R223C,-5.841582775115967,-0.259
R223L,-4.319973468780518,-0.019
R223P,-10.258448600769043,-0.8270000000000001
R223S,-3.3406009674072266,-0.403
R223H,-2.080895185470581,-0.177
L224M,-4.780775547027588,-0.478
L224P,-11.837224960327148,-1.916
L224Q,-6.825340747833252,-1.069
L224R,-8.794045448303223,-0.68
L224V,-2.539581537246704,-0.449
P225T,-6.477376461029053,-0.252
P225R,-6.787934303283691,-0.484
P225A,-3.757408380508423,-0.612
P225L,-8.357441902160645,-0.813
P225Q,-7.987999439239502,-0.579
P225S,-4.509069442749023,-0.3670000000000001
A226V,-4.27851676940918,-0.359
A226S,-2.3571605682373047,-0.325
A226P,-3.2890572547912598,0.19
A226G,-1.812530755996704,-0.381
A226E,-1.759865164756775,-0.04
A226T,-3.433912515640259,-0.333
D227A,-3.7164194583892822,-0.438
D227Y,-8.08465576171875,-0.527
D227H,-5.422740936279297,-0.162
D227E,-2.5498318672180176,-0.555
D227N,-4.840686321258545,-0.376
D227V,-7.6046576499938965,-0.588
D227G,-2.997025489807129,-0.392
A228E,-6.369877338409424,-0.831
A228T,-1.9996167421340942,-0.313
A228G,-2.8763582706451416,-0.328
A228S,-0.3294003903865814,-0.264
A228P,-7.926512718200684,-0.675
A228V,-1.824028491973877,-0.421
Q229P,-5.508744716644287,-0.677
Q229E,0.3961692452430725,-0.336
Q229H,-2.241492748260498,-0.412
Q229K,-2.01424503326416,-0.276
Q229L,-0.4447324872016907,-0.293
Q229R,-0.06674648821353912,-0.313
C230G,-3.1541099548339844,-0.71
C230Y,0.1161624863743782,-0.611
C230F,2.1252336502075195,-0.258
C230W,-3.376326084136963,-0.952
C230S,-1.2190179824829102,-0.755
C230R,-2.4557383060455322,-1.254
S231G,3.0396270751953125,-0.294
S231I,-8.032547950744629,-1.7180000000000002
S231R,-6.749898910522461,-1.501
S231T,-1.0332967042922974,-0.936
S231C,-3.69751238822937,-2.062
S231N,-5.973791599273682,-1.173
V232A,-1.898321509361267,-1.029
V232L,-2.1693294048309326,-0.853
V232I,0.16324907541275024,-0.5
V232G,-5.378450870513916,-1.961
V232F,-5.5430145263671875,-1.83
V232D,-7.473083019256592,-3.14
T233S,-3.901735782623291,-2.017
T233A,-1.846897840499878,-1.584
T233I,-3.6088788509368896,-0.684
T233N,-6.247920036315918,-1.499
T233P,-6.995196342468262,-1.226
L234V,-3.9009780883789062,-1.793
L234P,-4.450514793395996,-2.583
L234M,-3.896707057952881,-0.922
L234Q,-5.279147148132324,-3.076
L234R,-8.022439956665039,-2.108
N235D,-3.6699419021606445,-1.278
N235H,-7.3628621101379395,-0.769
N235I,-9.117971420288086,-1.362
N235K,-9.241406440734863,-1.324
N235P,-8.18068790435791,0.239
N235S,-4.578766822814941,-2.77
N235T,-7.660006999969482,-0.725
N235Y,-8.467188835144043,-1.759
I236M,1.4310002326965332,-0.1689999999999999
I236L,3.951688289642334,0.094
I236F,-0.37038424611091614,-1.011
I236N,-2.3017544746398926,-2.763
I236V,0.7185407280921936,-0.716
I236S,-1.0080788135528564,-1.024
I236T,-0.9370768070220947,-3.052
H237D,0.9626933336257935,-0.248
H237L,-0.5483845472335815,-0.522
H237N,1.4221587181091309,-0.331
H237P,0.866354763507843,-0.642
H237Y,-2.0931921005249023,-2.812
H237R,-0.12071865051984787,-2.826
H237Q,1.6032662391662598,-0.197
H238D,-0.7050179243087769,-0.7120000000000001
H238N,-0.4144231677055359,-0.297
H238P,-0.0957474336028099,-0.608
H238Y,-1.708534836769104,-0.338
H238Q,-0.9675890207290649,0.024
H238R,-2.000901460647583,-0.588
H238L,-1.3880058526992798,-0.403
V239M,-1.7833175659179688,-0.8340000000000001
V239L,-0.384219229221344,-0.302
V239G,-2.4078500270843506,-0.944
V239E,-4.141042709350586,-2.944
V239A,0.5123401880264282,-0.491
R240S,-2.8130249977111816,-0.356
R240P,-8.063924789428711,-2.175
R240L,-1.40781569480896,-0.934
R240H,-3.628784418106079,-0.8059999999999999
R240G,-5.197329998016357,-1.16
R240C,-5.703310012817383,-0.863
P241A,-1.4872673749923706,-0.925
P241R,-5.00156831741333,-0.8029999999999999
P241Q,-5.516443252563477,-0.377
P241T,-5.276636123657227,-0.59
P241S,-3.2699828147888184,-0.61
P241L,-9.759673118591309,-1.785
L242M,-3.262681007385254,-0.426
L242P,-7.949377536773682,-2.175
L242Q,-3.1942038536071777,-0.528
L242R,0.2948799431324005,-0.465
L242V,-2.364147424697876,-1.123
T243R,-2.624215841293335,-0.547
T243P,-9.989863395690918,-1.138
T243M,-8.699951171875,-0.954
T243K,-5.312902927398682,-0.7390000000000001
T243A,-3.6390161514282227,-0.557
T243S,-1.3540130853652954,-0.172
D244N,-3.5472424030303955,-0.132
D244A,-1.5858948230743408,0.012
D244Y,-6.339902400970459,-0.7
D244V,-4.998424530029297,-0.402
D244H,-4.100216388702393,-0.775
D244G,-1.4103280305862427,-0.359
D244E,-1.6255977153778076,-0.116
S245Y,-8.615250587463379,-0.5539999999999999
S245T,-1.3216280937194824,-0.391
S245P,-10.389005661010742,-1.3969999999999998
S245F,-8.644192695617676,-0.895
S245A,-3.1026196479797363,-0.476
S245C,-4.642954349517822,0.532
D246G,-1.0008635520935059,-0.346
D246H,-2.3305463790893555,0.659
D246N,-3.265251636505127,-0.16
D246V,-1.3269091844558716,-0.174
D246Y,-4.7014079093933105,-0.26
D246E,0.5004868507385254,-0.125
D246A,1.8868626356124878,0.048
A247V,-5.144295692443848,-0.106
A247T,-3.035505771636963,-0.204
A247S,-2.974910259246826,-0.45
A247P,-5.075267314910889,-0.005
A247G,-2.0528063774108887,0.452
A247D,-4.030428886413574,-0.364
D248E,-7.652106285095215,-1.505
D248A,-8.605846405029297,-0.281
D248G,-9.38968563079834,-1.194
D248H,-8.416145324707031,-0.1689999999999999
D248N,-5.7817888259887695,-0.7809999999999999
D248V,-11.390768051147461,-1.6909999999999998
D248Y,-12.439125061035156,-1.016
A249V,-2.6824705600738525,-0.315
A249G,-3.3740344047546387,-0.312
A249P,-9.006101608276367,-0.888
A249S,-3.285599946975708,-0.369
A249T,-1.985414981842041,-0.637
A249E,-3.164538860321045,-0.542
D250Y,-4.989030838012695,-0.902
D250V,-1.8080002069473267,-0.846
D250N,-2.738114833831787,-0.327
D250H,-2.0983383655548096,-0.245
D250G,-1.845982313156128,-0.534
D250E,0.6428871154785156,-0.399
D250A,2.1248435974121094,-0.623
A251S,-5.3946943283081055,-0.4
A251D,-10.563722610473633,-1.285
A251V,-5.848380088806152,-0.7959999999999999
A251G,-6.125013828277588,-0.933
A251P,-11.18012809753418,-1.366
A251T,-5.522155284881592,-0.514
V252M,-4.813354969024658,-0.7559999999999999
V252L,-5.49360466003418,-0.593
V252A,2.4614267349243164,-0.201
V252E,-4.615373611450195,-0.784
V252G,-3.4367001056671143,-0.356
R253C,-6.3622283935546875,-1.52
R253G,-4.080172061920166,-1.157
R253P,-9.059293746948242,-2.834
R253H,-2.9057633876800537,-1.715
R253L,-4.465840816497803,-1.479
R253S,-3.8744137287139893,-0.866
R254P,-10.110538482666016,-1.534
R254L,-2.2541303634643555,-0.938
R254H,-3.8342502117156982,-0.568
R254S,-5.000104904174805,-0.545
R254C,-6.094244956970215,-0.491
R254G,-6.376781940460205,-0.911
I255L,1.7122490406036377,-0.58
I255T,0.46639925241470337,-1.021
I255S,-0.8377447128295898,-0.708
I255N,-1.8275210857391357,-2.541
I255F,2.617060422897339,-0.41
I255M,1.5571215152740479,-0.365
I255V,1.7328932285308838,-0.463
D256N,-6.111683368682861,-1.212
D256Y,-7.510810852050781,-1.207
D256H,-5.517898082733154,-0.899
D256G,-7.031508922576904,-1.311
D256E,-4.283566951751709,-0.57
D256A,-7.742466926574707,-0.471
D256V,-9.678044319152832,-2.422
A257P,-9.212717056274414,-2.264
A257E,-4.623326301574707,-1.117
A257G,-0.4150497019290924,-0.578
A257S,-1.3039942979812622,-0.703
A257T,-1.426094651222229,-0.578
A257V,-2.2643017768859863,-0.802
L258V,-1.3994147777557373,-0.454
L258R,-5.04803991317749,-1.052
L258Q,-3.654233932495117,-0.872
L258P,-8.603482246398926,-2.886
L258M,-1.7682615518569946,-0.264
A259G,-2.3296709060668945,-0.532
A259V,0.16183488070964813,-1.171
A259T,0.027446424588561058,-0.657
A259S,-0.2936677932739258,-0.546
A259P,-8.90150260925293,-1.968
A259D,-3.554222822189331,-0.912
N260I,-5.153130531311035,-1.989
N260H,-3.611499071121216,-0.337
N260Y,-3.967024087905884,-3.036
N260T,-2.379922389984131,-0.268
N260S,-3.594613552093506,-1.258
N260K,-7.247329235076904,-1.361
N260D,-6.228397369384766,-1.621
R261C,-7.2322540283203125,-1.232
R261G,0.49764400720596313,0.617
R261H,-1.9108883142471313,-1.374
R261L,-4.267848491668701,-1.367
R261P,-3.594203233718872,-1.281
R261S,-2.8466176986694336,-0.8029999999999999
V262F,-3.570751428604126,0.171
V262G,-4.159872531890869,-0.986
V262I,-1.5580615997314453,0.033
V262L,-0.23420949280261993,-0.698
V262A,-0.30224111676216125,-0.503
V262D,-9.760396003723145,-2.275
F263Y,-2.4724645614624023,-1.197
F263L,-5.572450637817383,-2.859
F263I,-5.960921287536621,-3.447
F263C,-8.556622505187988,-1.4169999999999998
F263V,-6.217775344848633,-0.969
F263S,-8.232015609741211,-3.242
T264A,-2.147494316101074,-0.662
T264I,-2.4080581665039062,-0.411
T264P,-4.6182684898376465,-0.8109999999999999
T264N,-7.636131763458252,-1.578
T264S,-2.271435022354126,-0.735
G265R,-2.6890017986297607,-0.994
G265D,2.065943956375122,-0.782
G265C,-3.297335147857666,-0.957
G265A,0.6137616038322449,-1.064
G265S,-0.8939139246940613,-0.779
G265V,-2.8829941749572754,-0.708
P266S,-6.71791410446167,-2.0380000000000003
P266R,-12.438249588012695,-1.871
P266Q,-9.115434646606445,-1.262
P266L,-7.675646781921387,-2.722
P266T,-6.16328763961792,-1.094
P266A,-4.174226760864258,-0.35
M267L,2.6751511096954346,-0.439
M267K,-7.115576267242432,-2.867
M267R,-7.064815998077393,-1.771
M267T,-2.315424680709839,-1.12
M267V,1.4405187368392944,-1.015
M267I,2.2538163661956787,-0.439
L268V,-5.354902267456055,0.348
L268M,-5.755319118499756,-0.258
L268P,-10.260190963745117,-3.063
L268Q,-6.692838668823242,-1.735
L268R,-9.293733596801758,-2.156
Q269R,-0.378313809633255,-0.254
Q269P,-8.2543306350708,-1.325
Q269L,0.5599208474159241,-0.356
Q269K,-2.093062400817871,-0.19
Q269H,0.5960407853126526,-0.336
Q269E,0.8009727597236633,0.013
G270A,-2.3362789154052734,-0.089
G270C,-9.211694717407227,-0.603
G270D,-6.74268913269043,-2.504
G270R,-8.380223274230957,-0.171
G270S,-6.419233322143555,-0.5660000000000001
G270V,-9.751465797424316,-1.143
A271G,-3.921464204788208,0.118
A271E,-1.7472248077392578,-0.15
A271V,-1.8958524465560913,-0.188
A271T,-1.23554265499115,-0.344
A271S,-1.5003652572631836,-0.511
A271P,-8.990586280822754,-2.241
Y272S,-10.695418357849121,-0.784
Y272N,-10.875284194946289,-2.712
Y272H,-5.901068210601807,-3.033
Y272F,-5.099269390106201,-0.912
Y272D,-9.880661010742188,-1.433
Y272C,-8.71735668182373,-1.834
P273S,-7.843963623046875,-0.55
P273Q,-10.07947063446045,-0.7090000000000001
P273R,-9.819207191467285,-2.917
P273L,-10.2880220413208,-2.55
P273A,-5.134556293487549,-0.221
P273T,-9.93379020690918,-0.918
E274D,0.21791167557239532,-0.251
E274A,-2.0691988468170166,-0.322
E274Q,-1.7831852436065674,-0.077
E274G,-2.9009337425231934,-0.444
E274K,-4.357054233551025,-0.5539999999999999
E274V,-4.185378074645996,-0.495
D275V,-3.499936580657959,-2.428
D275N,-3.8669333457946777,-1.413
D275Y,-5.424441337585449,-1.851
D275G,-3.8629698753356934,-1.652
D275E,0.05605496093630791,-1.56
D275A,-2.6625428199768066,-0.429
L276M,-4.462167739868164,-0.419
L276V,-0.8897700309753418,0.273
L276R,-9.52996826171875,-2.39
L276Q,-8.61568546295166,-2.846
L276P,-9.477556228637695,-2.902
V277G,-5.8713459968566895,-0.895
V277L,1.435807466506958,0.07
V277I,-0.23632313311100006,-0.004
V277F,-2.4376981258392334,-0.424
V277D,-9.085554122924805,-1.971
V277A,-3.175433874130249,-0.562
K278I,-3.9395391941070557,-0.489
K278R,2.77531361579895,-0.144
K278E,0.09846286475658417,-0.255
K278D,-1.0994371175765991,1.255
K278T,-0.21150259673595428,-0.065
K278Q,0.15403936803340912,-0.528
K278N,-1.325351595878601,-0.282
D279Y,-2.6726222038269043,-0.662
D279E,-0.5768629312515259,-0.482
D279N,-3.366870164871216,-0.586
D279H,-1.8574172258377075,-0.393
D279G,-2.571505069732666,-1.399
D279A,1.318112850189209,-1.03
D279V,-1.8857415914535522,-1.3159999999999998
T280A,-3.5942976474761963,-1.162
T280N,-5.6407856941223145,-0.993
T280I,-4.843369007110596,-0.818
T280P,-11.652456283569336,-1.907
T280S,-2.698770046234131,-0.8690000000000001
A281S,-1.8460909128189087,-0.359
A281D,-4.827537536621094,-0.0819999999999999
A281G,-3.559403657913208,0.13
A281P,-5.981079578399658,-2.27
A281V,-4.189087867736816,-0.21
A281T,-4.1406941413879395,-0.355
G282A,0.5082225799560547,-0.039
G282D,0.3106500506401062,-0.274
G282R,-2.2853739261627197,0.119
G282S,-0.984155535697937,-0.081
G282V,-3.545088768005371,0.144
G282C,-5.460940837860107,-0.216
L283R,-1.954415202140808,-0.899
L283Q,-1.1971486806869507,-0.537
L283V,1.0320498943328857,-0.426
L283P,-6.601954460144043,-2.908
L283M,-2.6510753631591797,-0.634
T284R,-8.512102127075195,-2.051
T284M,-4.789928913116455,-1.157
T284S,-2.509746551513672,-0.429
T284K,-11.114479064941406,-2.233
T284A,-1.3555562496185303,-1.013
T284P,-7.519229888916016,-1.607
D285A,-7.90854549407959,-0.264
D285Y,-11.494657516479492,-1.506
D285V,-11.31238079071045,-1.425
D285N,-6.289574146270752,-0.335
D285H,-9.515196800231934,-0.28
D285G,-7.219653129577637,-0.826
D285E,-6.586989402770996,-0.5589999999999999
W286L,-3.972060441970825,-1.253
W286R,-6.952505111694336,-3.159
W286S,-9.200721740722656,-2.126
W286G,-9.288217544555664,-1.621
W286C,-8.865824699401855,-1.76
S287Y,-7.877630233764648,-0.197
S287A,-2.4475531578063965,-0.074
S287C,-7.846377372741699,0.224
S287F,-8.23928165435791,-0.226
S287P,-5.5630364418029785,-0.725
S287T,-3.6016221046447754,-0.435
F288V,-7.3536376953125,-0.574
F288S,-8.110634803771973,-3.417
F288L,-5.687731742858887,-3.238
F288I,-7.50387716293335,-3.057
F288C,-8.024937629699707,-0.294
F288Y,-4.659314155578613,-0.417
V289M,-3.022486448287964,-0.792
V289L,-0.7505555152893066,-0.7929999999999999
V289G,-8.614378929138184,-1.543
V289E,-7.460295677185059,-1.994
V289A,-4.603446960449219,-0.603
R290C,-5.320653438568115,-0.425
R290L,-4.245680809020996,-0.185
R290P,-9.451287269592285,-2.277
R290S,-4.3950724601745605,-0.48
R290G,-3.500649929046631,-0.184
R290H,-3.695317268371582,-0.341
D291V,-6.67430305480957,-0.623
D291G,-4.805607318878174,-0.35
D291E,-0.6341025233268738,-0.327
D291A,-2.74918270111084,-0.089
D291N,-4.638531684875488,-0.404
D291H,-5.001884460449219,0.318
D291Y,-6.901307582855225,-0.626
G292V,-9.378600120544434,-0.187
G292A,-5.856377601623535,-0.06
G292S,-5.720402240753174,-0.38
G292R,-6.87127161026001,-0.283
G292D,-1.6163767576217651,-0.22
G292C,-9.028905868530273,-0.341
D293N,-10.308753967285156,-2.9530000000000003
D293V,-11.536568641662598,-3.2230000000000003
D293Y,-9.870909690856934,-0.978
D293H,-8.116619110107422,-1.025
D293A,-10.201920509338379,-2.162
D293G,-10.128458976745605,-3.43
D293E,-6.429993152618408,-1.736
L294V,-4.376241683959961,0.238
L294R,-6.575528144836426,-0.5329999999999999
L294Q,-5.061835765838623,-0.705
L294P,-4.8044939041137695,-0.449
L294M,-0.6841952800750732,-0.285
R295C,-4.997626781463623,-0.318
R295G,-0.2805178165435791,-0.174
R295L,-2.24385929107666,-0.3670000000000001
R295P,-2.1503005027770996,-0.153
R295S,-0.4548366963863373,-0.414
R295H,-1.4456857442855835,-0.479
L296V,-1.7141518592834473,0.769
L296R,-1.1163907051086426,-0.333
L296Q,-1.1474449634552002,-0.351
L296P,-7.223052024841309,-2.094
L296M,-3.6555933952331543,-0.194
A297E,-7.8025360107421875,-0.99
A297G,-2.194814682006836,0.181
A297P,-8.145549774169922,-0.851
A297S,-2.3405065536499023,-0.335
A297T,-0.8706496357917786,-0.065
A297V,-1.6855487823486328,-0.126
H298P,-7.007622241973877,-0.913
H298Q,-1.1959583759307861,-0.343
H298R,-0.5458070635795593,-0.621
H298N,-1.974490761756897,-0.617
H298D,-4.232200622558594,-0.615
H298Y,-3.84755277633667,-0.369
H298L,-3.8960251808166504,-0.64
Q299H,-2.084918975830078,-0.479
Q299E,-3.668797731399536,-0.349
Q299L,-7.022449970245361,-1.2
Q299P,-3.022120952606201,-0.612
Q299R,-1.1570186614990234,-0.55
Q299K,-4.3703932762146,-0.523
K300N,-1.777317762374878,-0.3670000000000001
K300I,-6.589916229248047,-0.55
K300E,0.4448309540748596,-0.309
K300R,0.8627938032150269,-0.37
K300Q,0.4710531234741211,-0.122
K300T,-0.686843991279602,-0.289
L301M,-5.146487712860107,-0.648
L301V,-2.603384494781494,-0.711
L301R,-9.671571731567383,-1.616
L301Q,-6.771402835845947,-2.632
L301P,-4.018537998199463,-1.6
D302A,-6.58560037612915,-0.326
D302N,-5.849624156951904,-0.565
D302H,-6.87385892868042,-1.409
D302G,-5.894827365875244,-1.362
D302E,-6.603605270385742,-0.555
D302V,-11.780348777770996,-3.313
D302Y,-10.84093189239502,-1.509
F303I,-5.1376729011535645,-0.923
F303S,-6.0832953453063965,-1.083
F303V,-3.9299166202545166,-0.396
F303Y,-1.4557081460952759,-0.693
F303L,-2.1209542751312256,-0.8240000000000001
F303C,-6.136697769165039,-0.175
L304Q,-8.78464126586914,-3.267
L304R,-11.503714561462402,-1.406
L304V,-3.260246515274048,-0.193
L304P,-10.012033462524414,-3.278
L304M,-3.9429521560668945,-0.401
G305V,-13.307984352111816,-1.4680000000000002
G305R,-11.358244895935059,-2.029
G305D,-10.63541316986084,-2.95
G305C,-9.075494766235352,-1.247
G305A,-5.700173854827881,-1.273
G305S,-8.93123722076416,-1.48
V306L,-4.178493499755859,-0.322
V306A,-3.1218953132629395,-1.455
V306D,-10.912593841552734,-3.153
V306F,-7.302613735198975,-0.8029999999999999
V306G,-8.050512313842773,-1.406
V306I,-2.91607928276062,-0.287
N307I,-10.078719139099121,-2.649
N307K,-11.11405086517334,-1.358
N307S,-5.890313625335693,-2.985
N307T,-7.645122528076172,-1.391
N307Y,-10.340428352355957,-3.159
N307D,-8.225741386413574,-2.994
N307H,-8.009963035583496,-2.17
Y308F,-4.574155807495117,-0.508
Y308H,-2.818333864212036,-2.753
Y308N,-6.816108703613281,-2.992
Y308S,-6.606857776641846,-0.963
Y308D,-8.13193416595459,-0.8370000000000001
Y308C,-6.479202747344971,-3.017
Y309D,-10.846306800842285,-1.651
Y309F,-8.512900352478027,-2.319
Y309H,-9.493633270263672,-2.772
Y309S,-9.706246376037598,-1.224
Y309C,-9.607832908630371,-2.685
Y309N,-10.665380477905273,-3.143
S310L,-1.990394949913025,-2.645
S310A,-0.326000452041626,-0.297
S310P,-3.6259498596191406,-3.197
S310T,0.5840917825698853,-0.655
P311A,-2.361143112182617,-1.09
P311T,-2.321033000946045,-0.649
P311S,-2.53226900100708,-1.5319999999999998
P311R,-2.9249112606048584,-1.306
P311Q,-5.0470967292785645,-1.137
P311L,-5.8627424240112305,-2.72
T312N,-1.1892199516296387,-0.4370000000000001
T312I,0.8228595852851868,-2.007
T312A,0.5942935347557068,-1.21
T312S,-0.5958887338638306,-0.442
T312P,-3.1209664344787598,-1.843
L313R,-2.4331188201904297,-0.56
L313V,-0.3412166237831116,0.026
L313Q,-3.1866390705108643,-0.701
L313P,-4.274692535400391,-1.98
L313M,-2.177086353302002,-0.312
V314A,-1.3819423913955688,-1.081
V314E,-10.69641399383545,-3.141
V314G,-6.462430000305176,-1.344
V314L,-4.340935230255127,-1.3
V314M,-6.334752559661865,-2.464
S315A,-0.9275900721549988,-0.282
S315W,-9.548685073852539,-0.299
S315L,-7.659487724304199,-1.487
S315P,-11.380633354187012,-2.997
S315T,-2.3956868648529053,-0.605
E316V,-0.7230761051177979,-0.38
E316G,0.27305516600608826,-0.25
E316D,1.1548577547073364,-0.179
E316Q,-1.0082370042800903,-0.18
E316A,4.085948467254639,0.256
E316K,-1.5585476160049438,0.086
A317G,-0.8703229427337646,-0.347
A317E,-4.097350597381592,-0.6809999999999999
A317V,-3.062798023223877,-0.418
A317T,-0.8415112495422363,-0.214
A317S,0.1667679399251938,-0.209
A317P,-6.15138578414917,-0.968
D318V,-3.208716869354248,-0.529
D318N,-2.8091557025909424,-0.187
D318Y,-5.651744842529297,-0.484
D318H,-2.9306154251098633,0.184
D318G,-1.3855756521224976,-0.382
D318E,-0.26740148663520813,-0.487
D318A,0.06239061430096626,-0.08
G319V,-4.0493974685668945,-0.239
G319S,-2.3119847774505615,-0.252
G319C,-6.956171035766602,-0.444
G319D,-3.1144943237304688,-0.319
G319A,-2.135796546936035,-0.508
G319R,-2.2891581058502197,-0.387
S320C,-3.6396946907043457,-0.403
S320I,-3.0456371307373047,-0.451
S320N,-1.6112922430038452,-0.237
S320R,-1.2378655672073364,-0.229
S320T,-0.1861051321029663,-0.6759999999999999
S320G,1.6137535572052002,-0.447
G321D,-2.114684820175171,-0.287
G321C,-5.914342880249023,-0.283
G321R,-2.461716890335083,-0.072
G321A,-0.9742000102996826,0.59
G321S,-1.9550565481185913,-0.284
G321V,-2.9450104236602783,-0.529
T322A,0.6474143266677856,-0.287
T322K,-2.661532163619995,-0.445
T322M,-2.385136127471924,-0.462
T322P,-0.7355415225028992,-0.228
T322R,-1.032470464706421,-0.551
T322S,1.3663408756256104,-0.254
H323D,2.0742805004119873,-0.201
H323Y,-0.4648776352405548,-0.362
H323L,1.2797998189926147,-0.634
H323N,-0.27255043387413025,-0.385
H323Q,0.17898891866207123,-0.287
H323P,2.311140775680542,-0.025
H323R,0.6991404294967651,-0.478
N324T,0.4227454960346222,-0.034
N324S,0.18685932457447052,-0.396
N324K,-1.9529982805252075,-0.33
N324I,0.09111641347408295,-0.422
N324H,0.49383464455604553,-0.279
N324D,1.2791668176651,-0.196
N324Y,0.5515372157096863,-0.443
S325T,-0.08198975771665573,-0.49
S325Y,-1.482691764831543,-0.339
S325P,2.5365095138549805,-0.37
S325F,-0.7856160998344421,-0.352
S325C,-4.030179500579834,-0.013
S325A,1.9071180820465088,-0.454
D326Y,-2.4029791355133057,-0.546
D326A,1.0129292011260986,-0.4920000000000001
D326H,-0.8222470879554749,-0.106
D326N,-1.832021713256836,-0.336
D326V,-1.219156265258789,-0.622
D326E,0.03730691224336624,-0.111
D326G,0.030556855723261833,-0.49
G327R,0.6569151282310486,-0.213
G327D,-0.9790793657302856,-0.317
G327C,-3.3478686809539795,-0.203
G327A,0.9493734836578369,2.12
G327V,0.24080699682235718,-0.239
G327S,0.06017056852579117,-0.4370000000000001
H328D,-2.3324687480926514,0.106
H328Y,1.23314368724823,-0.301
H328P,-3.273603677749634,-0.62
H328Q,-0.3079940676689148,-0.629
H328R,-0.8438671827316284,-0.326
H328L,2.4292166233062744,-0.701
H328N,-1.4183056354522705,-0.522
G329S,-2.3254151344299316,-0.475
G329V,-1.198925495147705,-0.484
G329R,-2.0071120262145996,0.573
G329A,-1.1000664234161377,-0.6659999999999999
G329D,-2.6661767959594727,-0.093
G329C,-5.369603633880615,-0.5579999999999999
R330H,-0.5290594696998596,-0.353
R330P,2.0517795085906982,0.404
R330L,-1.448795199394226,-0.394
R330G,0.09488507360219955,-0.334
R330C,-4.762715816497803,-0.209
R330S,-0.16517911851406097,-0.449
S331I,-1.1657401323318481,-0.5760000000000001
S331N,-2.2781217098236084,-0.7859999999999999
S331R,-1.7629778385162354,-0.665
S331T,0.46402907371520996,-0.883
S331C,-3.2147741317749023,-0.451
S331G,-0.45112407207489014,-0.479
A332S,-1.8197033405303955,-0.805
A332E,0.15729577839374542,-0.165
A332G,-1.5126832723617554,-0.262
A332T,-1.710981845855713,-0.396
A332P,-0.7360167503356934,-0.463
A332V,-2.598310947418213,-0.381
H333P,-2.4866549968719482,-0.555
H333N,-1.4720172882080078,-0.408
H333L,-0.5885404944419861,-0.294
H333D,0.277381032705307,-0.045
H333Y,-1.9495149850845337,-0.235
H333R,0.03930538147687912,-0.364
H333Q,-0.13520675897598267,-0.125
S334C,-3.6329665184020996,-0.215
S334A,-1.233177661895752,-0.515
S334F,-3.52362322807312,-1.167
S334T,-1.0412265062332153,-0.495
S334P,-0.6656236052513123,-0.701
S334Y,-3.5400466918945312,-0.967
P335T,-2.0342512130737305,-0.283
P335A,-0.3143327534198761,0.879
P335L,-0.857204020023346,-1.199
P335Q,-3.5366063117980957,-0.081
P335R,-3.7426328659057617,1.227
P335S,-1.9702212810516357,-0.501
W336G,-1.0346617698669434,-1.144
W336L,2.4204816818237305,-0.746
W336R,-3.771435260772705,-2.553
W336S,-2.7657673358917236,-0.8
W336C,-2.3985626697540283,-1.393
P337S,-3.5327415466308594,-0.6890000000000001
P337T,-3.6366050243377686,-0.516
P337R,-4.012313365936279,-1.492
P337Q,-3.858370304107666,-0.969
P337L,-3.9101662635803223,-0.584
P337A,-2.1119136810302734,-0.359
G338C,-3.9066905975341797,-0.32
G338S,-1.6578269004821777,-0.466
G338R,-3.5478920936584473,-0.775
G338D,-0.6932641863822937,-0.7390000000000001
G338A,1.2962851524353027,-0.113
G338V,-0.5212149024009705,-0.206
A339E,-4.697093963623047,-0.954
A339P,-7.5407586097717285,-1.232
A339S,-2.1685361862182617,-0.562
A339T,-1.9755661487579346,-0.652
A339V,-1.5278733968734741,-0.521
A339G,-1.8722443580627441,-0.716
D340A,-2.238473653793335,-0.102
D340Y,-5.687986850738525,-0.5429999999999999
D340V,-5.240574359893799,-0.6859999999999999
D340N,-3.6075756549835205,-0.152
D340H,-3.7791714668273926,-0.979
D340G,-2.369861602783203,-0.32
D340E,-0.5133703947067261,-0.184
R341H,-1.9670120477676392,-0.195
R341L,-5.013457298278809,-0.248
R341G,-1.3558571338653564,0.043
R341P,-4.435874938964844,-0.609
R341C,-5.862923622131348,-0.483
R341S,-2.5815412998199463,-0.226
V342F,-2.2053849697113037,-0.89
V342I,-0.3150217831134796,-0.072
V342D,-8.591166496276855,-2.7910000000000004
V342A,-2.1346921920776367,-1.092
V342L,-0.4496919512748718,-0.02
V342G,-7.2823591232299805,-1.116
A343V,-3.933664560317993,-0.218
A343T,-2.59049654006958,-0.216
A343S,-2.3718109130859375,-0.299
A343G,-1.4400285482406616,-0.256
A343E,-2.223435640335083,-0.389
A343P,-10.607505798339844,-1.221
F344C,-4.722934246063232,-0.768
F344G,-3.3878018856048584,-0.098
F344I,-1.6630278825759888,-0.677
F344L,-0.9463455080986023,-0.6
F344S,-2.792569398880005,-1.128
F344V,-1.250319004058838,-0.416
F344Y,-1.1874765157699585,-0.754
H345Y,-5.521501541137695,-0.412
H345P,-2.3623709678649902,-0.535
H345N,-3.6611156463623047,-0.602
H345L,-3.354555606842041,-0.402
H345Q,-3.5733070373535156,-0.63
H345R,-2.718817949295044,-0.529
H345D,-4.366389274597168,-0.451
Q346R,0.19470790028572083,-0.328
Q346L,-1.442000150680542,-0.531
Q346K,-1.3678723573684692,0.012
Q346H,-0.7480279207229614,-0.484
Q346E,-0.10323029011487961,0.21
Q346P,-0.6400402188301086,-0.483
P347S,-2.868279218673706,-0.301
P347T,-2.8226282596588135,-0.386
P347R,-1.460886001586914,-0.201
P347Q,-1.9907668828964233,-0.6
P347L,-1.3148472309112549,-0.6920000000000001
P347A,-0.2291659116744995,-0.42
P348T,-1.3550585508346558,-0.395
P348S,-1.6185798645019531,-0.519
P348R,-1.844591498374939,0.091
P348A,-0.5700817108154297,-0.393
P348Q,-1.0603808164596558,-0.352
P348L,-3.6521925926208496,-0.38
G349V,-6.789764404296875,-0.598
G349S,-5.271040439605713,-0.856
G349R,-6.767538070678711,0.116
G349D,-8.119796752929688,-0.653
G349C,-7.407016754150391,-0.655
G349A,-3.4348363876342773,-0.068
E350K,-1.119874119758606,-0.226
E350A,-0.27642807364463806,-0.192
E350D,-1.4580872058868408,-0.267
E350G,-3.54761004447937,-0.436
E350Q,-1.523598551750183,-0.438
E350V,-1.9635531902313232,-0.359
T351P,-4.835197925567627,-0.365
T351N,-4.657425880432129,-1.131
T351I,-5.184621810913086,-0.235
T351S,-2.1138930320739746,-0.422
T351A,-2.3298354148864746,-0.442
T352P,-9.472305297851562,-1.959
T352S,-4.345464706420898,-0.396
T352R,-11.366434097290039,-1.796
T352K,-12.48263168334961,-1.896
T352A,-8.016249656677246,-1.7819999999999998
T352M,-9.52554988861084,-1.776
A353E,-0.7417120933532715,-0.228
A353G,-3.2499639987945557,-0.396
A353P,-6.342557907104492,-1.019
A353V,-3.4674484729766846,-0.888
A353T,-4.1595330238342285,-0.888
A353S,-3.2608985900878906,-0.539
M354I,-3.682178020477295,-0.626
M354R,-9.497323036193848,-1.619
M354T,-6.956658363342285,-0.499
M354V,-6.089694976806641,-1.27
M354K,-9.723247528076172,-3.003
M354L,-3.0217666625976562,-0.409
G355D,-2.493875741958618,-0.374
G355S,-5.2915191650390625,-0.718
G355R,-6.196207523345947,-0.7040000000000001
G355C,-8.879401206970215,-0.47
G355V,-8.212174415588379,-0.968
G355A,-5.292870044708252,-0.6709999999999999
W356C,-9.172468185424805,-1.1
W356G,-8.471380233764648,-0.8909999999999999
W356L,-7.504200458526611,-0.33
W356S,-7.9196553230285645,-1.844
W356R,-7.188776969909668,-1.736
A357P,0.9432419538497925,-1.3
A357V,-0.8315185308456421,-0.3229999999999999
A357G,-1.2793108224868774,-0.7509999999999999
A357D,-5.5678391456604,-1.008
A357S,-1.009569525718689,-0.618
A357T,0.28265151381492615,-0.096
V358D,-8.199872016906738,-0.905
V358F,-7.29850959777832,-0.542
V358I,-0.12664733827114105,-0.132
V358G,-8.618675231933594,-0.506
V358L,-3.071049213409424,-0.6459999999999999
V358A,-5.416858196258545,-0.54
D359V,-1.8698303699493408,-1.116
D359G,-5.760504722595215,-1.4369999999999998
D359H,-1.9374194145202637,-1.843
D359N,-2.835378408432007,-0.591
D359Y,-3.1317007541656494,-0.91
D359A,-2.077420949935913,-0.386
D359E,-1.514146327972412,-0.722
P360L,-10.519681930541992,-1.882
P360T,-5.384664535522461,-0.223
P360S,-3.738400936126709,-0.526
P360R,-6.5331196784973145,-1.225
P360Q,-7.192500591278076,-0.531
P360A,-1.9361741542816162,0.04
S361T,-0.06748054176568985,-0.118
S361R,-0.5044236183166504,-0.278
S361N,-0.43391111493110657,-0.318
S361I,-2.462229013442993,-0.597
S361G,0.35862913727760315,-0.278
S361C,-4.482319355010986,-0.408
G362A,-3.796741247177124,-0.451
G362C,-7.750627517700195,-0.398
G362D,-7.41644811630249,-1.948
G362R,-9.95609188079834,-0.503
G362V,-8.763982772827148,-1.16
G362S,-4.7531328201293945,-0.409
L363M,-3.4091038703918457,-0.441
L363P,-9.387779235839844,-3.272
L363Q,-4.572858810424805,-2.299
L363R,-8.866668701171875,-1.933
L363V,-4.809360027313232,-0.726
Y364S,-4.498157501220703,-0.1669999999999999
Y364N,-5.59281063079834,-1.186
Y364H,-1.5480960607528687,-0.813
Y364F,-3.368130922317505,-0.818
Y364D,-4.06334114074707,-0.7959999999999999
Y364C,-6.306030750274658,-0.969
E365A,-0.1175486296415329,-0.465
E365K,-4.434279441833496,-0.47
E365Q,-1.7741546630859375,0.8220000000000001
E365V,-4.213857173919678,-0.775
E365D,0.6596699357032776,-0.648
E365G,-0.8580749034881592,-0.6779999999999999
L366V,1.8013440370559692,-0.645
L366Q,-1.2974218130111694,-1.554
L366M,-1.048225998878479,-0.495
L366R,-4.024810791015625,-1.958
L366P,-6.653326988220215,-3.256
L367M,-4.643206596374512,-0.88
L367P,-12.199353218078613,-3.261
L367Q,-9.272046089172363,-3.149
L367R,-10.638843536376953,-2.261
L367V,-4.961382865905762,-0.197
R368C,-3.5247855186462402,-0.483
R368H,-1.678882122039795,-0.457
R368L,-2.2749671936035156,-0.544
R368P,-9.235956192016602,-2.131
R368S,-2.420581817626953,-0.514
R368G,-0.997101902961731,-0.8240000000000001
R369H,-3.3286514282226562,-0.487
R369C,-5.452167510986328,-0.484
R369G,-1.623718500137329,-0.688
R369S,-1.7446902990341187,-0.444
R369P,-9.88059139251709,-1.832
R369L,-3.3787729740142822,-1.015
L370V,-1.8956531286239624,-0.267
L370R,-5.922750473022461,-2.196
L370Q,-4.808459758758545,-1.435
L370M,-2.0031557083129883,-0.591
L370P,-7.50328254699707,-2.927
S371G,0.21289269626140594,-0.6609999999999999
S371C,-4.968149185180664,-0.727
S371T,-1.5926587581634521,-0.313
S371I,-8.047656059265137,-1.923
S371N,-0.24035152792930603,-0.455
S371R,1.0267376899719238,-0.8190000000000001
S372A,2.065253496170044,0.014
S372C,-3.115879774093628,0.263
S372F,-2.798177480697632,-0.337
S372P,-6.594100475311279,-2.604
S372T,1.1868077516555786,-0.365
S372Y,-2.4945688247680664,-0.716
D373Y,-7.32595157623291,-0.767
D373N,-4.980109691619873,-0.296
D373V,-5.781230926513672,-0.705
D373G,-3.4506850242614746,-0.701
D373E,0.5376611948013306,-0.035
D373A,-2.131056308746338,-0.283
D373H,-4.901944160461426,-0.436
F374Y,1.4350793361663818,-0.256
F374V,-5.932966709136963,-0.465
F374S,-5.172974109649658,-1.293
F374L,-3.1318655014038086,-0.929
F374I,-6.567985534667969,-1.088
F374C,-4.675991058349609,-0.579
P375S,-5.782721996307373,-0.924
P375R,-7.248868465423584,-0.093
P375Q,-8.76828384399414,-0.648
P375L,-9.680573463439941,-1.205
P375A,-5.595536708831787,-0.296
P375T,-7.481817722320557,-0.602
A376E,2.0612263679504395,-0.1689999999999999
A376G,-0.1501375138759613,0.208
A376V,-3.8845107555389404,-0.475
A376T,-0.5622642040252686,0.051
A376S,0.07144227623939514,-0.268
A376P,-6.910336017608643,-1.38
L377M,-2.229949474334717,-0.546
L377V,-0.9719088077545166,0.202
L377R,-7.080095291137695,-1.3119999999999998
L377Q,-1.9292795658111572,-0.628
L377P,-7.857155799865723,-2.193
P378R,-5.965104103088379,-0.5660000000000001
P378Q,-6.880756855010986,-0.746
P378L,-10.226463317871094,-2.181
P378A,-5.94866418838501,-0.547
P378S,-5.783481121063232,-0.7290000000000001
P378T,-6.214561939239502,-0.62
L379M,-0.6256188154220581,-0.407
L379V,-2.6676695346832275,-0.087
L379R,-3.289469003677368,-1.713
L379Q,-3.0419716835021973,-1.089
L379P,-9.761826515197754,-1.34
V380M,0.6754947304725647,-0.146
V380L,0.22216269373893738,-0.328
V380G,-7.096540451049805,-1.2919999999999998
V380E,-5.965595245361328,-1.694
V380A,-3.9906256198883057,-0.785
I381L,-2.19661283493042,-0.557
I381F,-7.705197811126709,-3.11
I381M,-6.231690883636475,-0.177
I381N,-10.546321868896484,-2.568
I381S,-10.242704391479492,-0.899
I381T,-8.221376419067383,-2.617
I381V,-0.993681788444519,-0.7070000000000001
T382P,-5.4753193855285645,-1.104
T382S,-2.170938730239868,-1.4509999999999998
T382A,-2.958737850189209,-2.319
T382I,-8.750187873840332,-2.712
T382N,-6.8578715324401855,-1.54
E383A,-9.25320053100586,-1.431
E383G,-9.961726188659668,-3.2310000000000003
E383K,-11.732680320739746,-2.835
E383Q,-10.213041305541992,-2.0980000000000003
E383V,-12.695036888122559,-3.304
E383D,-10.75068187713623,-2.589
N384K,-11.195515632629395,-2.878
N384H,-6.6564764976501465,-1.359
N384D,-7.663804054260254,-3.034
N384T,-6.550380229949951,-1.015
N384Y,-10.61722183227539,-3.102
N384I,-10.350112915039062,-3.087
N384S,-5.771045684814453,-0.8909999999999999
G385S,-11.415569305419922,-2.765
G385V,-14.523082733154297,-1.365
G385C,-12.93797492980957,-0.862
G385D,-12.526230812072754,-2.804
G385A,-10.113027572631836,-1.43
G385R,-13.303400993347168,-2.211
A386P,-9.897543907165527,-1.938
A386S,-2.8368332386016846,-0.7140000000000001
A386T,-3.4976634979248047,-1.111
A386V,-4.730857849121094,-0.579
A386D,-9.47616958618164,-1.969
A386G,-4.717085838317871,0.13
A387E,-11.254344940185547,-1.4680000000000002
A387P,-4.840602874755859,-1.022
A387G,-4.379310607910156,-1.194
A387V,-6.947370529174805,-1.605
A387S,-2.980782985687256,-0.624
A387T,-7.556412696838379,-1.339
F388Y,-0.911025881767273,-0.119
F388V,-5.3676838874816895,-0.39
F388C,-6.377684593200684,-0.146
F388L,-3.4363675117492676,-0.7859999999999999
F388I,-5.935019016265869,-0.916
F388S,-7.068839073181152,-0.763
H389Y,-1.803794264793396,-0.506
H389P,1.5559524297714233,-0.18
H389N,0.589536190032959,-0.496
H389Q,-1.516727328300476,-0.623
H389L,-1.6819778680801392,-1.56
H389D,3.2509961128234863,0.418
H389R,-1.4037710428237915,-2.642
D390V,-10.88552474975586,-3.107
D390G,-8.426379203796387,-2.9560000000000004
D390E,-3.532740831375122,-2.177
D390A,-8.33441162109375,-1.198
D390N,-8.257213592529297,-2.5540000000000003
D390Y,-13.002096176147461,-0.993
Y391F,-0.085713230073452,-3.623
Y391E,3.999743700027466,0.901
Y391D,1.0476540327072144,-1.117
Y391C,-0.5165308713912964,-2.892
Y391S,2.766540050506592,-1.058
Y391H,2.9909958839416504,-3.111
Y391N,-0.060481440275907516,-3.114
A392P,0.8180809020996094,0.209
A392S,-4.34047794342041,-0.213
A392T,-2.877138376235962,-0.258
A392V,0.8552062511444092,0.006
A392G,-6.522337436676025,-0.51
A392D,-7.4524455070495605,-2.016
D393E,-4.193379878997803,-1.6869999999999998
D393A,-5.116125106811523,-0.976
D393Y,-8.08210277557373,-1.3159999999999998
D393V,-8.198687553405762,-1.304
D393N,-4.098496437072754,-0.236
D393H,-6.60432243347168,-2.031
D393G,-1.1532012224197388,-1.334
P394A,2.088672637939453,-0.535
P394L,-1.0871500968933105,-2.546
P394Q,-0.8166577816009521,-1.182
P394R,0.09314105659723282,-2.674
P394T,-0.10767734050750732,-0.816
P394S,0.6894473433494568,-2.841
E395V,-3.5849428176879883,-0.629
E395Q,-0.3078402578830719,-0.991
E395K,-2.1318647861480713,-0.518
E395G,-0.9296451210975647,-0.6809999999999999
E395D,1.2882064580917358,-0.186
E395A,0.4352978467941284,-0.285
G396V,-8.500537872314453,-0.912
G396R,-4.106847286224365,-0.397
G396S,-5.38887357711792,-0.255
G396A,-5.959157943725586,-0.51
G396D,-5.468964576721191,-2.521
G396C,-7.193705081939697,-0.245
N397C,-3.234114646911621,-0.51
N397D,-2.0857081413269043,-0.378
N397H,-0.42938917875289917,-0.417
N397I,-1.6937106847763062,-0.5670000000000001
N397K,-0.23712007701396942,-0.46
N397T,0.3997337520122528,-0.409
N397Y,-3.53246808052063,-0.293
N397S,-0.9301375150680542,-0.409
V398F,-10.613161087036133,-2.166
V398L,-6.846865653991699,-2.079
V398I,-2.4338486194610596,-0.185
V398D,-11.870943069458008,-3.289
V398G,-10.961835861206055,-0.976
V398A,-7.575774669647217,-1.495
N399H,1.5267438888549805,-0.246
N399Y,-1.6737773418426514,-0.382
N399T,0.4570738971233368,-0.376
N399S,-0.025488298386335373,-0.605
N399K,-2.6008505821228027,-0.187
N399I,-1.8911465406417847,-0.428
N399D,2.187619924545288,-1.431
D400E,-5.541810989379883,-2.125
D400H,-7.98699426651001,-1.505
D400N,-7.805323123931885,-2.722
D400V,-9.96337604522705,-2.891
D400Y,-10.039568901062012,-1.876
D400G,-8.540249824523926,-2.94
D400A,-6.44392728805542,-1.564
P401A,-4.034465312957764,-0.753
P401S,-4.765540599822998,-0.378
P401T,-4.322425365447998,-0.604
P401L,-5.137702465057373,-0.409
P401R,-5.400148868560791,-0.8
P401Q,-5.36032772064209,-0.393
E402V,-3.1775646209716797,-1.391
E402K,-2.444338321685791,-0.2
E402A,-0.6072381734848022,-0.47
E402D,-0.7695553302764893,-0.377
E402G,-1.5449472665786743,-0.677
E402Q,-0.3760753273963928,-0.189
R403P,-11.802667617797852,-2.937
R403C,-9.329026222229004,-2.998
R403G,-9.7639741897583,-1.624
R403H,-8.20481014251709,-2.929
R403L,-10.011259078979492,-2.0580000000000003
R403S,-9.95689582824707,-1.793
I404L,-1.3831931352615356,-0.541
I404N,-7.097400665283203,-2.435
I404S,-5.427987575531006,-0.247
I404F,-5.181036949157715,-1.557
I404V,-0.7315232753753662,-0.375
I404M,-4.238013744354248,-0.604
I404T,-1.6818779706954956,-0.7829999999999999
A405E,-2.904026985168457,-0.324
A405G,-1.9591995477676392,-0.389
A405P,-9.243746757507324,-1.3130000000000002
A405S,-2.4783942699432373,0.045
A405T,-1.7382755279541016,-0.305
A405V,-3.7834675312042236,-0.245
Y406H,-4.795698642730713,-2.149
Y406D,-9.247098922729492,-0.982
Y406S,-8.17025375366211,-1.348
Y406N,-8.4710693359375,-2.766
Y406C,-7.50896692276001,-1.3530000000000002
Y406F,-1.773571491241455,-0.27
V407F,-2.700794219970703,-0.921
V407L,1.8703267574310303,0.37
V407I,0.20297735929489136,-0.216
V407G,-6.641791820526123,-1.546
V407D,-7.139080047607422,-2.96
V407A,-3.461087465286255,-1.151
R408L,-8.74810791015625,-0.701
R408S,-5.126292705535889,-0.7
R408P,-11.347867012023926,-2.362
R408G,-5.86016321182251,0.295
R408C,-7.173983573913574,-0.569
R408H,-1.6602416038513184,-0.269
D409G,-1.8612440824508667,-0.345
D409H,-4.53918981552124,-0.235
D409A,-1.2890276908874512,-0.141
D409N,-3.399416208267212,-0.34
D409E,-1.3409639596939087,-0.066
D409Y,-7.691466808319092,-0.515
D409V,-7.28621768951416,-0.718
H410P,-11.731663703918457,-2.271
H410N,-6.556048393249512,-0.962
H410Q,-7.7306036949157715,-0.856
H410R,-9.453496932983398,-2.984
H410D,-10.300729751586914,-2.191
H410Y,-7.593523025512695,-1.95
H410L,-11.425235748291016,-3.252
L411M,-5.11241340637207,-0.813
L411P,-9.751935958862305,-3.1260000000000003
L411Q,-10.050185203552246,-3.383
L411V,-4.690877914428711,-0.216
L411R,-10.54634952545166,-2.071
A412T,-1.934472918510437,-0.125
A412V,-3.1104378700256348,-0.261
A412S,-2.0283286571502686,-0.249
A412P,-9.736337661743164,-2.265
A412E,-2.5031790733337402,-0.019
A412G,-2.656898260116577,-0.299
A413V,-4.58040714263916,-0.782
A413T,-4.908907890319824,-1.005
A413S,-3.208191394805908,-0.495
A413P,-7.899750709533691,-1.546
A413G,-5.107336044311523,-0.883
A413E,-1.0410336256027222,-0.66
V414I,-3.3436708450317383,0.015
V414F,-9.646000862121582,-2.401
V414L,-2.109330892562866,0.202
V414D,-11.189492225646973,-3.189
V414A,-3.7693865299224854,-0.616
V414G,-8.377857208251953,-1.778
H415N,-6.083735466003418,-0.746
H415D,-6.768650054931641,-0.79
H415R,-5.674875259399414,-0.918
H415P,-12.599117279052734,-2.109
H415Q,-4.553267955780029,-0.6809999999999999
H415Y,-4.265368938446045,-0.259
H415L,-5.87706184387207,-0.384
R416P,-9.903190612792969,-1.568
R416C,-5.380043983459473,-0.7040000000000001
R416G,-4.352585792541504,-0.46
R416H,-3.8327503204345703,-0.192
R416L,-4.303012371063232,-0.625
R416S,-3.2642698287963867,-0.504
A417P,-11.893056869506836,-1.776
A417S,-2.9641499519348145,-0.564
A417E,-11.633984565734863,-1.453
A417G,-5.789490699768066,-0.735
A417V,-9.239435195922852,-1.389
A417T,-7.588796615600586,-1.334
I418V,-0.05704699456691742,-0.732
I418T,-4.244603633880615,-1.148
I418S,-6.5819902420043945,-0.7440000000000001
I418N,-7.9238176345825195,-1.39
I418M,-2.9148685932159424,-0.254
I418L,-1.1469098329544067,-0.194
I418F,-6.98464822769165,-0.758
K419T,1.942862868309021,-0.064
K419N,-0.8812422156333923,-0.484
K419I,-2.3000619411468506,-0.35
K419E,0.42675089836120605,-0.318
K419R,2.2362356185913086,-0.464
K419Q,1.4841338396072388,-0.201
D420Y,-6.232585430145264,-0.569
D420V,-6.32380485534668,-0.747
D420N,-2.534221887588501,-0.535
D420H,-3.382723808288574,-0.314
D420G,-3.5799498558044434,-0.594
D420E,-0.18298806250095367,-0.13
D420A,-2.480410575866699,0.152
G421V,-10.533634185791016,-1.214
G421S,-8.203134536743164,-1.31
G421R,-7.3028130531311035,-1.159
G421D,-8.04625129699707,-0.906
G421C,-9.962302207946777,-0.499
G421A,-8.489092826843262,-1.5719999999999998
S422T,0.1520301252603531,-0.386
S422P,-2.64143967628479,-2.842
S422A,4.420372486114502,-0.245
S422L,-4.334924221038818,-0.993
D423V,-6.35820198059082,-0.732
D423A,-3.983865737915039,-0.767
D423E,-4.757390022277832,-0.464
D423G,-6.09813117980957,-1.136
D423Y,-8.222040176391602,-0.623
D423N,-3.2143259048461914,0.036
V424M,-6.429635047912598,-2.053
V424L,-3.5237784385681152,-1.273
V424G,-12.653257369995117,-1.73
V424E,-13.705221176147461,-3.472
V424A,-7.086529731750488,-1.7480000000000002
R425H,-4.862716197967529,-0.755
R425G,-7.605017185211182,-0.633
R425S,-6.608893394470215,-0.769
R425P,-10.251850128173828,-1.888
R425C,-7.064399242401123,-0.8859999999999999
R425L,-8.96116828918457,-0.74
G426D,-11.647289276123047,-2.93
G426V,-11.952467918395996,-1.198
G426A,-4.744262218475342,-0.72
G426C,-10.789069175720215,-1.599
G426S,-7.587234020233154,-2.291
G426R,-10.13358211517334,-1.286
Y427N,-10.043061256408691,-3.077
Y427H,-7.208396911621094,-1.3869999999999998
Y427F,-4.846742630004883,-0.463
Y427S,-10.029192924499512,-0.939
Y427C,-7.194605350494385,-3.195
Y427D,-10.208259582519531,-1.416
F428V,-6.826437473297119,-0.939
F428Y,-1.7444744110107422,-0.8009999999999999
F428L,-1.9655228853225708,-1.617
F428I,-6.859720706939697,-1.3530000000000002
F428C,-5.254236698150635,-0.647
F428S,-7.916846752166748,-3.1910000000000003
L429Q,-1.9499108791351318,-1.097
L429M,-2.01120662689209,-0.542
L429V,-1.565423607826233,-0.56
L429P,-7.256560325622559,-3.181
L429R,-5.873248100280762,-1.755
W430G,-11.796074867248535,-1.556
W430S,-11.90449047088623,-1.912
W430C,-10.301469802856445,-1.284
W430R,-10.346426963806152,-3.125
W430L,-11.7810640335083,-1.159
S431A,-4.278932094573975,-0.08
S431L,-10.518545150756836,-2.614
S431P,-8.928603172302246,-3.244
S431T,-3.599301815032959,-0.483
S431W,-13.137504577636719,-0.81
L432M,-3.9436213970184326,-0.494
L432P,-10.488322257995605,-3.254
L432Q,-7.343589782714844,-1.044
L432R,-10.953263282775879,-1.98
L432V,-6.992007732391357,-0.94
L433M,-2.349299192428589,-0.637
L433V,-5.511235237121582,-0.493
L433R,-8.744874954223633,-1.965
L433P,-10.21664047241211,-2.99
L433Q,-7.21607780456543,-2.313
D434V,-14.689557075500488,-2.928
D434Y,-14.052440643310547,-1.945
D434H,-12.370614051818848,-2.527
D434A,-12.100305557250977,-1.364
D434G,-12.154644966125488,-2.766
D434E,-9.03747844696045,-2.362
D434N,-10.228449821472168,-2.594
N435S,-6.000951766967773,-2.6710000000000003
N435Y,-11.596840858459473,-3.684
N435D,-5.440786361694336,-2.748
N435T,-6.473833084106445,-0.292
N435H,-8.249229431152344,-1.495
N435I,-8.267924308776855,-3.238
N435K,-10.081445693969727,-2.3040000000000003
F436Y,-3.809480905532837,-0.348
F436V,-5.963592529296875,-0.945
F436L,-4.840806007385254,-0.933
F436C,-8.000447273254395,-1.479
F436I,-7.580820083618164,-3.458
F436S,-8.840133666992188,-3.214
E437D,-9.117379188537598,-1.902
E437A,-10.147100448608398,-1.865
E437Q,-10.001604080200195,-2.299
E437V,-11.732539176940918,-3.0210000000000004
E437K,-10.056736946105957,-2.777
E437G,-11.076388359069824,-2.86
W438S,-11.395578384399414,-2.354
W438L,-10.518723487854004,-0.999
W438C,-10.654677391052246,-1.564
W438G,-10.487992286682129,-0.946
W438R,-9.898897171020508,-3.279
A439E,-2.760819911956787,-0.636
A439G,-4.044012069702148,0.079
A439V,-4.1143598556518555,-0.262
A439T,-3.871391773223877,-0.547
A439S,-2.95159912109375,-0.193
A439P,-8.27668285369873,-1.4280000000000002
H440Q,-1.54145348072052,-0.455
H440P,-6.919912815093994,-1.614
H440N,-2.6366536617279053,-0.461
H440L,0.6024330854415894,-0.67
H440D,-0.6009334325790405,0.262
H440Y,1.129887342453003,-0.501
H440R,-3.948687791824341,-1.518
G441V,-15.00020980834961,-1.954
G441A,-8.09367561340332,-2.968
G441C,-11.95816421508789,-0.868
G441D,-11.46869945526123,-3.08
G441R,-12.668939590454102,-2.999
G441S,-10.568113327026367,-3.037
Y442F,-3.0113470554351807,-0.39
Y442S,-8.752766609191895,-1.4780000000000002
Y442H,-6.253457069396973,-3.063
Y442N,-8.798285484313965,-3.49
Y442D,-9.076910972595215,-0.439
Y442C,-8.339466094970703,-3.22
S443I,-6.711345195770264,-1.959
S443R,-3.567204713821411,-2.07
S443T,-0.8655716180801392,-1.958
S443G,-2.609523296356201,-0.736
S443C,-6.7316975593566895,-1.5759999999999998
S443N,-4.4046125411987305,-1.779
K444I,-7.061523914337158,-0.8320000000000001
K444T,-4.734478950500488,-0.128
K444R,-3.057713031768799,-0.417
K444Q,-2.336358070373535,-0.343
K444N,-5.887500762939453,-0.966
K444E,-3.249377727508545,-0.7959999999999999
R445C,-7.885969161987305,-2.962
R445G,-9.105690956115723,-1.882
R445H,-5.995458126068115,-2.883
R445S,-8.026565551757812,-2.064
R445L,-8.702343940734863,-2.282
F446I,-9.96395206451416,-3.237
F446Y,-6.784773349761963,-0.391
F446V,-10.70460033416748,-0.77
F446S,-9.592348098754883,-3.059
F446C,-10.303228378295898,-1.45
F446L,-7.657444953918457,-1.711
G447V,-18.37801170349121,-2.122
G447A,-11.546876907348633,-1.816
G447C,-13.781672477722168,-1.831
G447D,-13.846939086914062,-2.78
G447R,-14.741724014282227,-1.979
G447S,-13.231656074523926,-2.456
A448D,-5.449440002441406,-2.239
A448G,-3.57116961479187,-0.991
A448P,-4.254140853881836,-1.457
A448S,-3.6638033390045166,-0.327
A448T,-1.1054835319519043,-0.015
A448V,2.7655029296875,-0.093
V449E,-10.765398025512695,-2.732
V449G,-9.890185356140137,-1.252
V449L,-7.752954483032227,-0.7140000000000001
V449M,-8.988557815551758,-0.5870000000000001
V449A,-5.933520793914795,-0.928
Y450D,-8.617701530456543,-1.4069999999999998
Y450F,-1.6689512729644775,-0.356
Y450S,-7.3497209548950195,-1.102
Y450H,-1.7327531576156616,-1.894
Y450N,-8.584688186645508,-2.642
Y450C,-6.20194149017334,-3.181
V451G,-9.088048934936523,-2.228
V451A,-5.136319637298584,-3.14
V451D,-9.563800811767578,-3.403
V451F,-7.28920316696167,-1.824
V451I,-3.8680567741394043,-0.241
V451L,-4.239785194396973,-1.415
D452Y,-8.315176963806152,-0.378
D452V,-9.144193649291992,-0.875
D452N,-5.324812889099121,-0.75
D452H,-4.656896114349365,0.037
D452G,-8.534218788146973,-2.339
D452E,-5.35425329208374,-0.517
D452A,-8.537402153015137,-1.12
Y453H,-4.250643253326416,-2.027
Y453S,-8.743012428283691,-1.318
Y453N,-8.2672758102417,-3.594
Y453F,-1.6212236881256104,-0.251
Y453D,-8.877129554748535,-1.977
Y453C,-9.339509963989258,-3.094
P454A,0.22429749369621277,-1.414
P454Q,-2.4372076988220215,-1.233
P454L,-4.880997180938721,-0.919
P454S,-2.5259199142456055,-1.492
P454R,-1.5627354383468628,-0.955
P454T,-1.795354962348938,-1.162
T455A,-3.817399501800537,-1.244
T455I,-7.434917449951172,-0.757
T455N,-4.495771408081055,-0.857
T455P,-8.39958381652832,-1.7719999999999998
T455S,-0.9454879760742188,-0.483
G456C,-1.1681745052337646,-0.6990000000000001
G456D,-5.034190654754639,-2.881
G456R,0.7965783476829529,-0.387
G456S,-1.8587443828582764,-0.402
G456V,-3.0165464878082275,-1.93
G456A,-1.2726693153381348,0.014
T457A,0.09448167681694031,-0.297
T457K,1.5366157293319702,-0.133
T457M,-4.014028549194336,-0.605
T457R,2.60040020942688,-0.736
T457S,-2.355708122253418,-0.523
T457P,-8.418636322021484,-2.205
R458S,-10.979401588439941,-2.41
R458P,-9.391082763671875,-2.331
R458L,-9.698335647583008,-2.0
R458H,-9.334461212158203,-2.396
R458C,-9.517341613769531,-3.067
R458G,-10.488314628601074,-2.552
I459F,-5.355013847351074,-0.5489999999999999
I459L,-3.245967388153076,-0.815
I459M,-5.367797374725342,0.295
I459N,-7.249776840209961,-2.236
I459S,-5.852714538574219,-1.009
I459T,0.1649082601070404,-0.341
I459V,-1.2136636972427368,-0.498
P460Q,-9.058077812194824,-0.429
P460A,-3.9347081184387207,-1.405
P460L,-8.3548583984375,-0.508
P460T,-7.535565376281738,-0.7140000000000001
P460R,-7.5357666015625,-1.014
P460S,-7.799946308135986,-0.92
K461N,-9.531269073486328,-3.137
K461I,-12.212372779846191,-3.214
K461E,-10.433416366577148,-3.234
K461R,-6.656184673309326,-3.31
K461T,-8.903848648071289,-1.337
K461Q,-10.34631061553955,-2.049
A462T,-1.8933637142181396,-0.176
A462V,-5.569994926452637,-0.474
A462D,0.9758502244949341,-0.439
A462G,-4.041931629180908,-0.607
A462P,-5.7864603996276855,-1.42
A462S,-1.92205011844635,-0.383
S463T,-6.547132968902588,-0.655
S463R,-12.145899772644043,-2.903
S463N,-9.81716537475586,-3.36
S463I,-10.227986335754395,-0.7609999999999999
S463C,-8.54954719543457,-0.8290000000000001
S463G,-6.17501974105835,-1.5830000000000002
A464V,-7.9350738525390625,-0.956
A464D,-10.962177276611328,-2.127
A464T,-6.572158336639404,-1.31
A464S,-4.28957986831665,-0.753
A464P,-10.47610855102539,-1.774
A464G,-2.8361384868621826,-0.71
R465C,-7.480590343475342,-0.507
R465P,-10.148087501525879,-1.992
R465L,-4.236419677734375,-0.295
R465H,-1.7972363233566284,-0.189
R465G,-5.976078987121582,-0.608
R465S,-6.418122291564941,-0.619
W466S,-7.695528507232666,-1.477
W466R,-6.15041446685791,-2.715
W466C,-9.400680541992188,-0.603
W466G,-9.537747383117676,-1.826
W466L,-4.917548179626465,-0.626
Y467N,-8.615089416503906,-3.148
Y467C,-5.6964945793151855,-2.112
Y467D,-10.61667537689209,-1.384
Y467S,-7.168821811676025,-2.0540000000000003
Y467F,-0.5034265518188477,-0.377
Y467H,-4.897602081298828,-3.1860000000000004
A468S,-1.9203922748565674,-0.219
A468T,-4.9547882080078125,-0.5
A468G,-1.0076409578323364,0.143
A468D,-9.008828163146973,-2.2
A468V,-9.02137279510498,-1.385
A468P,-10.121671676635742,-1.97
E469A,-3.5732901096343994,-0.306
E469D,-0.8621500134468079,-0.197
E469G,-2.1039211750030518,-0.276
E469K,-3.839874744415283,-0.041
E469Q,-1.6458325386047363,-0.2
E469V,-8.132162094116211,-0.416
V470D,-14.162168502807617,-3.666
V470A,-4.8177170753479,-1.163
V470L,-1.3124110698699951,0.159
V470I,-2.905142307281494,-0.159
V470G,-10.818387985229492,-1.466
V470F,-6.513900279998779,-0.818
A471S,-2.5018563270568848,-0.654
A471P,-7.661471366882324,-1.125
A471G,-4.06554651260376,-1.218
A471D,-7.288018703460693,-2.169
A471T,-0.9263590574264526,-0.335
A471V,0.6840130090713501,-0.274
R472C,-7.735395908355713,-0.539
R472P,-10.302241325378418,-2.5980000000000003
R472G,-4.6765217781066895,-0.544
R472H,-4.928164482116699,-0.464
R472L,-7.322360992431641,-0.594
R472S,-4.195562839508057,-0.562
T473A,-4.790014743804932,-0.615
T473K,-5.37946081161499,-0.401
T473M,-9.40529727935791,-0.63
T473P,-10.731916427612305,-1.814
T473R,-4.513980388641357,-0.4270000000000001
T473S,-1.31749427318573,-0.386
G474R,-3.581618309020996,-0.537
G474D,-6.73275899887085,-0.628
G474C,-7.682608127593994,-0.366
G474A,-4.132132053375244,-0.767
G474S,-3.9568638801574707,-0.408
G474V,-10.490930557250977,-1.354
V475D,-8.079907417297363,-0.8009999999999999
V475F,-6.558419704437256,-0.434
V475G,-7.045030117034912,0.01
V475I,-1.4642748832702637,-0.419
V475L,-3.4902632236480713,-0.531
V475A,-4.503968238830566,-0.423
L476R,-10.262767791748047,-1.4340000000000002
L476Q,-9.712640762329102,-1.408
L476V,-2.0137863159179688,-0.265
L476M,-6.895707607269287,-0.393
L476P,-11.484471321105957,-1.154
P477T,-2.8340113162994385,-0.363
P477A,-1.6167830228805542,-0.366
P477R,-1.8136786222457886,-0.54
P477S,-2.976593017578125,-0.289
P477Q,-3.2093281745910645,-0.495
P477L,-4.405844211578369,-0.536
T478A,0.11499803513288498,-0.109
T478I,-0.27769705653190613,-0.032
T478S,-1.763504981994629,-0.06
T478N,-3.3891122341156006,-0.5670000000000001
T478P,-2.746005058288574,-0.387
A479P,-0.6718438863754272,-0.035
A479G,0.023691195994615555,-0.222
A479D,-0.20618277788162231,-0.152
A479V,-1.6784734725952148,-0.611
A479T,-0.5086827874183655,-0.322
A479S,-0.49959421157836914,-0.185
G480A,1.0581555366516113,-0.6709999999999999
G480W,-3.771806240081787,-0.36
G480V,-0.6143866777420044,-0.251
G480R,-0.9206470251083374,-0.116
G480E,-0.20830929279327393,-0.301
D481E,0.22526037693023682,-0.162
D481A,1.1494320631027222,0.162
D481N,-0.4929431080818176,0.123
D481V,-0.16300995647907257,-0.266
D481Y,-2.431722640991211,-0.043
D481G,0.45130887627601624,-0.278
D481H,-0.23886629939079285,-0.043
P482A,0.6837071180343628,0.15
P482T,0.3567812740802765,-0.208
P482S,0.5917891263961792,-0.348
P482R,0.5185733437538147,-0.231
P482Q,-0.10333431512117386,-0.136
P482L,-0.5691613554954529,-0.408
N483I,0.626367449760437,-0.305
N483Y,-0.19847194850444794,-0.161
N483T,2.0428900718688965,-0.258
N483S,2.455465793609619,-0.337
N483K,0.30823656916618347,-0.151
N483H,1.3917664289474487,-0.277
N483D,1.863863468170166,-0.19
S484W,-2.6740822792053223,-0.747
S484T,0.1281244307756424,-0.257
S484P,0.49165433645248413,-0.381
S484A,0.6532687544822693,0.079
S484L,-0.3846307098865509,-0.185
S485T,-0.08425089716911316,0.047
S485R,-0.30131179094314575,0.027
S485N,-1.4097167253494263,-0.458
S485I,-1.2342135906219482,0.184
S485G,0.17829565703868866,-0.184
S485C,-2.90838885307312,-0.194
S486C,-3.2385854721069336,0.206
S486Y,-2.073279619216919,-0.231
S486T,0.14862188696861267,-0.16
S486P,0.6602237820625305,-0.07
S486F,-1.3454240560531616,-0.278
S486A,0.7442366480827332,0.104
V487F,-1.2005141973495483,-0.118
V487I,-0.7757972478866577,0.016
V487L,0.31976011395454407,-0.146
V487D,0.49109938740730286,-0.239
V487A,1.6079859733581543,-0.171
V487G,0.7670609951019287,-0.075
D488E,0.32427385449409485,-0.156
D488V,-1.0445270538330078,-0.153
D488Y,-3.130671262741089,-0.407
D488A,0.4228704571723938,-0.145
D488G,0.11818000674247742,-0.357
D488H,-0.6853883266448975,-0.102
D488N,-1.1376460790634155,-0.145
K489E,2.010528087615967,-0.371
K489T,1.8413857221603394,-0.197
K489R,1.9758108854293823,-0.313
K489N,0.5973653793334961,-0.215
K489M,-0.5871412754058838,-0.379
K489Q,1.2799032926559448,-0.195
L490V,0.08381196111440659,-0.665
L490H,-0.04583239555358887,-0.283
L490I,-0.9774867296218872,-0.294
L490P,1.489862322807312,-0.302
L490R,0.2583439350128174,-0.075
L490F,-1.90336275100708,-0.071
A491P,-0.2786208391189575,0.379
A491S,-0.502285361289978,-0.677
A491E,-1.2914427518844604,-0.259
A491T,-0.4686608910560608,-0.406
A491V,-1.2887117862701416,-0.383
A491G,-1.0644111633300781,0.541
A492D,-0.8601189255714417,-0.248
A492S,-0.6980670094490051,-0.073
A492P,-0.6290309429168701,0.163
A492G,-0.9007578492164612,-0.206
A492V,-2.040219306945801,-0.113
A492T,-0.9236947894096375,-0.189
A493T,-0.9926988482475281,-0.194
A493V,-1.2756608724594116,-0.34
A493S,-0.7020704746246338,-0.266
A493P,-0.6458377242088318,-0.103
A493G,-0.7607662081718445,-0.147
A493E,-0.7010440230369568,-0.041
L494F,-1.7676653861999512,-0.183
L494H,1.1488462686538696,-0.077
L494I,-1.3298519849777222,-0.365
L494P,0.9931678175926208,-0.07
L494R,0.404253751039505,0.054
L494V,-0.09951870143413544,-0.057
E495V,-0.8752760291099548,-0.1669999999999999
E495D,0.890693724155426,-0.246
E495G,0.9719539284706116,-0.117
E495K,-1.0590617656707764,-0.206
E495Q,0.03741956874728203,-0.146
E495A,1.0816054344177246,-0.371
H496D,-0.8507875204086304,-0.192
H496L,-1.8153921365737915,-0.198
H496N,-1.2799159288406372,-0.589
H496P,-0.8263914585113525,-0.237
H496Q,-1.0209929943084717,-0.008
H496R,-0.8245407342910767,-0.268
H496Y,-3.0940966606140137,-0.489
H497N,-2.1449904441833496,-0.5660000000000001
H497L,-1.060354232788086,-0.428
H497P,-0.9632023572921753,-0.1369999999999999
H497Q,-1.4186681509017944,-0.512
H497R,-1.093141794204712,-0.507
H497Y,-3.3005402088165283,-0.109
H497D,-1.1122496128082275,0.21
H498R,-1.0914459228515625,-0.258
H498Q,-1.5965824127197266,-0.388
H498D,-1.416354775428772,-0.141
H498T,-1.8715704679489136,-1.247
H498P,-1.127100944519043,-0.77
H498Y,-3.5429534912109375,-0.338
H498L,-1.7689929008483887,-0.403
H498N,-2.4448094367980957,-0.312
H499L,-1.9365826845169067,-0.42
H499D,-1.5938138961791992,-0.14
H499P,-1.4631669521331787,-0.395
H499Q,-1.808870553970337,-0.414
H499R,-1.498302698135376,-0.341
H499T,-2.001628875732422,0.185
H499Y,-3.7856321334838867,-0.255
H499N,-2.7167248725891113,-0.486
H500Y,-3.8034427165985107,-0.353
H500T,-2.015829086303711,-0.823
H500R,-1.1364678144454956,-0.332
H500Q,-1.4646430015563965,-0.1669999999999999
H500N,-2.595946788787842,-0.317
H500D,-1.7769993543624878,-0.431
H500P,-1.5953989028930664,-0.103
H500L,-1.8622431755065918,-0.194
H501D,-1.4143205881118774,-0.23
H501L,-1.5916703939437866,-0.336
H501N,-2.5321269035339355,-0.456
H501P,-1.4028496742248535,-0.613
H501Q,-1.6114444732666016,-0.31
H501R,-0.538582980632782,-0.199
H501Y,-3.3792474269866943,-0.3670000000000001
