mutant,carp_640M_score,DMS_score
S195A,-9.508540153503418,0.008
G193A,-1.4456992149353027,1.635
T92P,-3.8935317993164062,1.214
R289G,2.8421058654785156,0.884
L53P,3.6832387447357178,0.524
L435A,1.579939842224121,0.81
R289N,1.0599238872528076,1.069
I313V,-0.06646585464477539,1.216
I368T,3.0246925354003906,0.294
L435P,0.8942546844482422,0.322
R289E,1.7090702056884766,0.429
I484Y,2.0045697689056396,1.033
Y373L,-0.2570915222167969,0.249
D343G,5.878098964691162,1.116
I368S,1.268383502960205,1.019
S454A,1.3518942594528198,0.984
T309A,4.435609340667725,0.64
N45E,-0.6614453792572021,0.945
L53E,2.3806138038635254,0.866
V270T,2.3406009674072266,1.014
D308K,0.5448863506317139,0.889
S168A,2.5586109161376953,0.807
L435S,0.8644225597381592,1.033
S454C,-1.8497519493103027,0.855
R289T,0.7063827514648438,1.026
N83A,5.193157196044922,1.243
M1M,0.0,1.0
