mutant,mifst_score,DMS_score
S3D,-4.894129753112793,1.05498642486572
S3H,-6.654241561889648,1.03527797873658
S3W,-6.630038261413574,0.967105249371222
S3V,-4.744485378265381,1.2011165927666398
S3G,-6.169398784637451,0.9605816582004107
S3R,-4.281527042388916,0.9881382811122728
S3P,-3.571201801300049,0.45013840021982
S3E,-5.727701663970947,1.08041147422614
S3L,-3.5192322731018066,0.834726365767145
W5V,-1.6850659847259521,1.02826257339817
W5Q,-3.608717679977417,0.9911562161537992
W5P,-10.761794090270996,0.940425685513764
W5I,-3.1541738510131836,1.0403538716493
W5H,-4.284785270690918,0.0772662460990912
W5G,-4.251762390136719,1.05885135931986
W5S,-3.6789443492889404,1.1803696009193
G6C,-5.157347679138184,1.0803283356752
G6I,-7.946547508239746,1.03562873362323
G6Y,-8.4757080078125,1.00759239889757
G6L,-6.704012870788574,0.887847609689443
G6S,-4.034366130828857,0.6596386134975
G6W,-6.817958831787109,0.827388086586979
S7Y,-4.323533058166504,1.17729136334021
S7G,-4.479893207550049,0.875241925321463
S7L,-3.48007869720459,1.1234157194341
S7N,-5.080883026123047,1.22514614080754
S7R,-4.226691722869873,0.5336616858893329
S7A,-2.92403507232666,0.28649585924849
P8K,-8.84010124206543,0.931222666736325
P8N,-8.140892028808594,1.17729136334021
P8S,-4.759827136993408,1.07632152836417
P8C,-6.572846412658691,0.915580991176412
G9P,-15.496649742126465,1.08659209490133
G9L,-10.320894241333008,1.21518524204906
G9V,-11.972586631774902,1.06533388331458
G9T,-9.261017799377441,1.06849016991518
G9S,-8.674393653869629,0.961064544821458
W10G,-2.3972764015197754,0.864617274626298
W10L,-0.8078408241271973,0.56762498295438
W10V,-2.120771884918213,1.19104149095921
W10M,-3.492269992828369,1.28864589442178
V11E,-5.229612350463867,0.546152254035682
V11G,-7.82832670211792,1.13273999239393
V11R,-3.2597239017486572,1.11230687773823
V11T,-4.890111446380615,0.82072801267122
R12D,-11.075915336608887,0.205392799512102
R12M,-9.769389152526855,1.04303986908382
R12A,-7.676332950592041,1.0855058123866
L13R,-3.1652562618255615,0.81395852508544
L13C,-5.968533992767334,0.9753932603691752
L13I,-7.344715595245361,1.08340941691339
L13N,-6.490894794464111,1.17217897822095
L13S,-4.069054126739502,1.02174202871798
A14P,-11.44853401184082,0.8271808443129199
A14I,-7.502860069274902,1.17217897822095
A14M,-8.273499488830566,1.03742170308557
L15V,-14.813623428344727,1.17217897822095
L15G,-11.66717529296875,1.07440653953605
L15K,-11.649965286254883,-0.365172189200337
L15N,-12.290401458740234,1.16157067890421
L15R,-11.195293426513672,0.173512551137332
C16M,-14.7349853515625,1.03165305139972
C16I,-16.502511978149414,0.731567849315283
C16F,-14.262475967407227,0.95212540650616
C16S,-7.138137340545654,0.969505831658278
C16P,-11.638216972351074,1.27415128035202
C16Y,-13.763219833374023,-0.536412222294354
C16R,-12.176443099975586,0.945181275205656
L17T,-8.251625061035156,1.28864589442178
L17A,-5.9745354652404785,-0.260710961262134
L17Q,-7.667221546173096,1.07611462080741
T18I,-10.721099853515625,0.969536717351824
T18L,-5.457595348358154,0.9636208613052808
L20R,-8.857335090637207,0.229834198071224
L20G,-7.899019718170166,1.11487983896791
L20S,-6.577114582061768,1.1071116955086
V21Y,-8.639626502990723,1.11130279514087
V21G,-4.518121719360352,0.9032849783111758
V21I,-5.293834686279297,0.964391942743834
L22G,-12.675048828125,0.45581232093645
L22R,-11.737578392028809,-0.128908823465518
S23A,-9.310794830322266,1.0729065357871002
S23P,-14.914957046508789,-0.6044262238900461
L24T,-8.526391983032227,0.373109375068186
L24N,-9.735267639160156,0.87941502649472
L24E,-9.46950912475586,1.16383364801108
A26K,-15.397385597229004,-0.283230568263102
A26R,-14.142118453979492,0.1073901861107749
A26G,-9.383171081542969,0.8875283519878531
L27E,-8.324874877929688,1.37522898439904
H28Y,-5.371147632598877,1.09964268085088
H28D,-6.132453918457031,1.33044269057626
V29H,-15.950538635253906,0.6036932861668179
V29Q,-12.384682655334473,0.52602142209477
V29R,-13.908560752868652,-0.291978480279098
V29F,-16.416587829589844,0.20764457556775
V29C,-11.86600112915039,1.08425533674272
V29G,-14.303916931152344,0.805496260212664
A31Q,-5.295456409454346,1.0027042968579
A31S,-3.8145875930786133,1.1705645098848998
A32T,-7.908900737762451,1.12304575572661
R33H,-7.086489677429199,1.06716933421558
R33C,-7.194511413574219,1.27415128035202
A34L,-6.382483959197998,1.08778830263431
D36Q,-8.906231880187988,1.31852972064535
R37T,-5.03828763961792,1.32435779427101
R37G,-7.040456771850586,0.908023376051714
R37Y,-9.761228561401367,1.17217897822095
D38N,-4.553591728210449,1.37522898439904
Y39E,-10.646142959594727,0.954873971544492
Y39G,-14.49294662475586,1.09654558645494
Y39Q,-12.330907821655273,1.00116069009424
Y39R,-14.592391967773438,0.712557261146901
R40I,-10.646363258361816,1.26575475246611
R40G,-10.324380874633789,0.7751528027279421
R40W,-11.503520965576172,1.18726890920653
R40V,-7.583083629608154,0.914993724611583
R40T,-10.130126953125,0.9006492081441451
R40S,-8.66794490814209,1.1190933932959
R40D,-12.058775901794434,1.28864589442178
A41L,-15.958009719848633,0.6889658149837479
L42S,-8.004511833190918,0.7938668259334309
L42A,-6.544564247131348,0.919934643363294
C43I,-18.402454376220703,0.0300289016085673
D44I,-18.147716522216797,0.273873375296673
D44P,-14.383085250854492,0.0702438244899012
D44H,-13.50345516204834,0.028898124948079
D44R,-14.903509140014648,0.847398048119917
D44K,-15.460542678833008,0.265054133794355
V45S,-8.354330062866211,-0.0372533768231569
G46A,-8.321041107177734,0.979375049569817
T47C,-8.245670318603516,0.959562935105775
T47F,-7.101929187774658,0.703067021204138
T47I,-6.8283915519714355,0.8952904727447409
T47Q,-0.7821108102798462,1.08160125748259
T47S,-1.8400999307632446,1.19772953422247
A48R,-1.318047285079956,0.319509177686874
A48S,-3.0184903144836426,1.18387053595321
I49L,-4.617672443389893,0.0457679769523064
I49H,-8.42426586151123,1.02393803025298
I49S,-6.460220813751221,0.6621049882253199
S50F,-12.398686408996582,1.22052150370608
S50A,-6.446287631988525,1.00626550424484
S50T,-10.228290557861328,0.9284750701735872
C51V,-13.324933052062988,0.681002514496987
C51Q,-13.23969554901123,0.87640763560663
C51M,-14.221551895141602,0.668898681956184
C51E,-11.238937377929688,0.549307993503824
C51Y,-15.226362228393555,0.538925746938142
C51R,-13.343120574951172,0.586717032216877
S52D,-11.026642799377441,0.4668510833459579
S52F,-16.737945556640625,0.930830973546548
S52I,-16.552608489990234,0.574136996178825
S52P,-13.833250045776367,0.898341256166864
S52K,-13.94658374786377,0.5259901493321439
R53H,-8.593002319335938,1.17624623130183
R53I,-9.901192665100098,0.906245398893013
R53M,-8.871423721313477,0.9984367928294692
V54R,-12.542619705200195,-0.201711878557214
V54W,-13.933877944946289,0.50555058148831
V54Y,-12.326159477233887,0.15336208178241
F55C,-13.157995223999023,0.495187326873425
F55G,-12.941192626953125,-0.1872890762318149
F55I,-9.381145477294922,0.39493194764776
F55T,-10.718257904052734,0.8535331468785459
S56A,-3.6671886444091797,0.952885863810923
S56L,-6.031124114990234,1.17326974930963
S56T,-5.133366584777832,0.9124695346864532
S56C,-8.378174781799316,0.6807534097430129
S57P,-14.823591232299805,0.203259108850731
S57Q,-13.207111358642578,0.8946592176014609
S57T,-12.638185501098633,0.8483034805713909
S57V,-19.578983306884766,1.24652684787409
S57A,-9.766206741333008,0.84855347207487
S57L,-16.102983474731445,0.6338271375539449
R58T,-8.837541580200195,0.9735996862031228
R58M,-9.915801048278809,-0.211719606086416
R58L,-8.076175689697266,0.939666818627412
R58I,-11.42721176147461,0.887589512324286
R58G,-8.070043563842773,0.8805695628926692
R58D,-7.659512996673584,0.893661903187899
W59A,-10.061188697814941,0.220105153606249
W59L,-14.227922439575195,0.847069403193266
W59V,-13.885610580444336,0.98879422912197
W59I,-15.557945251464844,1.11105997528039
W59Q,-11.064228057861328,0.807685505044238
W59T,-12.888961791992188,0.713361575365558
G60K,-17.995622634887695,0.473228682384978
G60L,-17.538816452026367,0.063921955287095
G60M,-16.010385513305664,0.301021486662372
G60Y,-19.274816513061523,0.287485680426788
G60W,-20.329120635986328,-0.520236125778272
G60T,-18.415382385253906,1.12979748285763
G60N,-17.232097625732422,0.7639376190803181
R61S,-7.778868675231934,0.851780704737167
R61P,-14.74754810333252,0.401028048184408
R61I,-11.9240140914917,0.666990608182662
R61N,-9.331480979919434,0.6775150867771711
G62L,-16.467554092407227,0.652743524664386
G62Q,-18.379308700561523,0.351799439528924
G62V,-19.431241989135742,0.8417234310974591
G62R,-15.715006828308105,0.0621946176755412
G62F,-21.38602638244629,0.982198055570905
G62A,-14.269573211669922,1.24826838624598
F63V,-11.059234619140625,1.16390765255188
F63S,-10.15263557434082,0.434014680474168
F63P,-12.821342468261719,-0.0986085502002054
F63N,-14.034653663635254,1.08412611740954
F63M,-9.946741104125977,0.35112910359621
G64L,-16.43918228149414,0.936788287442345
L65Q,-11.147132873535156,1.17729136334021
L65S,-11.15146255493164,1.2239957787304
L65T,-9.83765983581543,0.7656598378427191
L65V,-3.8841543197631836,0.870195300972274
L65P,-15.986798286437988,0.189058766251749
L65N,-13.419820785522461,0.1478110063785799
V66M,-7.208442687988281,1.2239957787304
V66E,-9.76041316986084,1.06928164331762
V66D,-11.496570587158203,0.674711482337989
E67G,-7.320417881011963,1.1529299808153
E67R,-9.995028495788574,0.979795672880922
E67V,-11.235573768615723,0.989628857696222
E67Y,-12.327802658081055,1.1372937496431
E67C,-13.561040878295898,0.897243290550081
E67H,-9.771842002868652,0.991968466029744
H68S,-2.760080337524414,1.14637259867532
H68R,-1.36509370803833,1.06792349923369
H68P,-7.000214576721191,1.22514614080754
H68T,-4.815444469451904,1.37522898439904
H68G,-5.195657253265381,0.321232727205465
H68D,-3.089780330657959,0.521524643844445
H68K,-2.9094700813293457,-0.0872871866538664
H68L,-3.1936397552490234,1.22514614080754
V69C,-10.446476936340332,0.977117357974564
V69F,-5.676336765289307,-0.280388426208422
V69I,-2.848621368408203,1.2052281761756498
L70M,-7.52371883392334,0.9695893726491172
L70P,-15.418572425842285,1.18831994367768
L70A,-6.436361312866211,1.00407778143463
L70Q,-11.415626525878906,0.840700949954323
G71A,-13.734932899475098,0.661588510390741
G71M,-15.720413208007812,1.058826585141
G71P,-16.4017333984375,1.04415796555964
G71D,-13.146660804748535,1.10923643554009
Q72V,-6.422670841217041,1.02113173425658
Q72G,-7.8793840408325195,0.291856677218409
D73M,-11.686101913452148,0.6629177046813821
D73G,-9.029248237609863,0.93966963319612
D73P,-9.875663757324219,0.887589512324286
D73N,-6.644262313842773,1.15106732290549
D73T,-8.722960472106934,0.221613101044453
D73V,-12.387015342712402,0.8733301939604542
S74W,-17.88667106628418,0.180595521747351
S74Q,-15.45535945892334,0.3990245877466529
S74V,-18.96719741821289,0.963125266715374
S74D,-8.77664566040039,0.960741564985657
S74G,-13.164319038391113,0.142840003392574
I75G,-9.194015502929688,1.10900581950777
I75K,-8.669328689575195,1.12835015978205
I75P,-4.003317832946777,1.15400668237338
I75W,-6.840071201324463,0.986026136653961
L76R,-9.111927032470703,-0.195987154421254
L76Q,-9.362409591674805,1.05882647471531
L76Y,-9.581954956054688,1.14196513072031
L76K,-10.965594291687012,0.391155942516627
L76H,-10.085519790649414,0.197413329245305
L76G,-9.285381317138672,0.8413106547244351
L76D,-13.60859489440918,0.19561711851419
L76T,-13.434904098510742,1.05431920830051
N77L,-13.869709014892578,0.956828573433786
N77V,-14.885493278503418,1.2060265443527298
N77S,-10.150717735290527,1.06825670383616
N77I,-15.902331352233887,1.08752920331429
N77A,-11.197184562683105,-0.219790577842484
Q78S,-9.92471981048584,1.16174655641187
Q78T,-9.491654396057129,1.23444517923706
Q78H,-9.383211135864258,0.673119983623451
Q78G,-11.159463882446289,0.0128070439796861
Q78E,-7.304880142211914,1.09033579750768
Q78Y,-13.604783058166504,1.02133117212075
Q78R,-7.552695274353027,1.16168912825629
Q78L,-10.109352111816406,0.397014973559608
S79G,-7.646258354187012,0.883255112474771
S79T,-6.002138137817383,0.468523935125516
N80T,-10.470491409301758,0.8852245531867421
N80R,-15.982930183410645,0.4112997108763611
N80P,-12.731260299682617,0.0380979390759407
N80W,-15.387187004089355,-0.0939217766045025
N80L,-11.089641571044922,0.0083364311605758
N80G,-15.146354675292969,0.433216755929867
N80E,-13.273031234741211,0.943832588123972
N80D,-9.809797286987305,-1.02770756498187
N80Y,-14.292271614074707,-0.315076319038021
N80M,-12.067290306091309,-0.0267545395694612
S81Q,-13.756443977355957,1.17474347978254
S81R,-14.937405586242676,-0.233655576618584
I82G,-11.576861381530762,0.911969678565254
I82K,-10.869497299194336,0.900200174768459
I82L,-4.826207637786865,0.656555737532203
I82R,-10.19081974029541,0.7484601842419809
I82T,-8.216225624084473,1.31852972064535
I82H,-9.723630905151367,0.9922270348646792
I82C,-9.531984329223633,0.318063250840743
F83L,-6.992308616638184,0.884664600576715
F83R,-12.020216941833496,-0.0549577281627781
G84T,-16.37220573425293,-0.331467858035606
G84V,-17.04951286315918,-0.217140042182915
G84E,-13.403468132019043,-0.0126097521137121
G84F,-16.91719627380371,-0.635792991687683
G84L,-13.888278007507324,-0.0374292375820561
G84N,-13.096872329711914,-0.175584064344949
G84P,-15.418268203735352,-0.5978035504746739
G84Q,-14.262798309326172,-0.0977051567037855
G84K,-15.668710708618164,-0.0949236790102144
G84A,-9.07942008972168,0.736792343235504
G84R,-13.510062217712402,-0.191317710954615
C85V,2.2709412574768066,0.910406627165562
C85T,-2.5783565044403076,1.2239957787304
C85S,-4.757454872131348,1.01044057847044
C85M,-0.49558591842651367,1.12589400586669
C85K,-6.612371444702148,0.294815612738098
C85G,-7.077953338623047,1.01792525527006
C85D,-8.955087661743164,0.7558525154764358
C85L,-1.8441059589385986,0.333711285631872
I86L,-3.326566696166992,1.03137799176362
I86R,-9.95165729522705,0.13907026369547
I86F,-5.666965007781982,0.96706513115742
F87L,-9.37802505493164,0.8320233649668171
F87K,-12.574703216552734,-0.125740296944195
F87G,-11.90311050415039,0.535688691228794
F87D,-10.740825653076172,0.429816853407285
F87P,-14.432065963745117,0.0273198122281251
F87R,-13.650190353393555,0.217005739826661
F87V,-12.469402313232422,0.8570988837181608
Y88D,-12.62530517578125,-0.594975432100859
Y88A,-12.086380958557129,-0.188235225118353
Y88S,-11.300082206726074,0.218057279301924
Y88G,-13.795210838317871,0.295236373531723
Y88P,-12.76959228515625,-0.443779759003535
Y88W,-10.281002044677734,0.93305353290377
T89G,-3.058138847351074,1.2239957787304
T89L,-5.106858730316162,0.10238791216286
L90A,-4.793895244598389,0.8858852084490692
L90D,-9.62445068359375,1.27944859752059
L90G,-7.107712268829346,0.938412440352855
L90T,-4.418658256530762,0.907906433816364
Q91R,-12.160200119018555,0.4317923713985471
L92A,-6.765143394470215,1.14736128700663
L92F,-7.19035005569458,0.501144998896021
L92G,-6.9583892822265625,0.9067656616537958
L94P,-15.828910827636719,0.497207894292548
C96P,-10.511509895324707,0.151023434244906
C96V,-3.0945708751678467,0.0427664545016384
L97P,-10.413872718811035,0.522592301194382
L97D,-7.1470465660095215,0.5990850588207459
L97A,-5.728790760040283,-0.100368741821795
R98S,-6.174986839294434,1.25143925800178
R98V,-7.912408828735352,0.9097853180334908
R98T,-5.379302024841309,0.8531040111595809
R98N,-5.944972515106201,0.8576937554363679
R98E,-5.996615409851074,-0.008031137089275
T99N,-5.66878604888916,1.03994301749078
R100V,-7.66486930847168,0.755113936675484
R100T,-5.742671966552734,1.14149023551319
R100N,-7.843976974487305,0.8513931545036949
R100A,-5.299827575683594,1.35993307193995
W101D,-6.655702114105225,0.8096650792039549
W101E,-5.425085067749023,1.00023149949363
W101F,-3.6545915603637695,0.9710487509466672
W101L,-1.977921485900879,0.0424073491217787
W101M,-4.007728099822998,1.23476069459574
W101S,-3.442655563354492,1.08311498995825
A102E,-13.918793678283691,0.73138941923641
A102F,-15.449950218200684,0.7024969648584231
A102I,-18.03729248046875,1.18085403241231
A102K,-16.020061492919922,1.0506864066727
A102L,-16.91707992553711,1.0145779345564
A102M,-14.195239067077637,0.50326875668453
A102P,-11.99577808380127,1.06182561650114
A102S,-8.132427215576172,0.996146486035475
A102T,-14.900903701782227,0.9643994733052108
A102V,-15.947915077209473,0.7467865758843291
S103Y,-8.707698822021484,0.974168000066896
S103T,-7.451595306396484,0.92003234785839
V104Y,-5.735109329223633,1.31852972064535
V104N,-8.360671997070312,-0.2623640337440849
V104G,-8.838071823120117,1.21914365303631
V104D,-8.404349327087402,1.12531390133157
L105V,-7.453519821166992,0.905383702416542
L105G,-9.459718704223633,1.10939689531296
L105I,-8.265847206115723,0.99904026350204
L105P,-11.68857192993164,0.6641007753947329
L105R,-10.191959381103516,0.69103882637532
L105Y,-10.724479675292969,1.21762744792816
M106L,0.007616996765136719,1.28000189325143
M106F,-4.519339561462402,1.03872283402977
M106C,-4.007072925567627,1.07122350936733
M106A,-5.092282772064209,0.919864185654968
M106V,-10.305868148803711,0.8941936551359201
L107H,-10.966578483581543,1.0842034923260602
L107D,-13.755685806274414,0.9596669029299848
L107V,-7.112063407897949,1.1264269721688602
L107A,-7.944181442260742,0.81360308608592
L108K,-9.890374183654785,1.32235900958258
L108R,-8.058073043823242,0.962277423724821
L108I,-6.763538837432861,0.8930581240976658
S109G,-7.108306884765625,1.0526215803530798
S109C,-5.955450057983398,1.14608657659852
S109P,-13.458029747009277,1.1345176437668
S109K,-11.35812759399414,1.15500658921913
S110R,-12.452763557434082,0.6113146382031159
S110N,-13.049805641174316,0.963351509898131
S110H,-14.082695960998535,0.887589512324286
S110Y,-15.551265716552734,0.8452261414615941
L111E,-8.151191711425781,1.06559840419788
L111V,-4.956388473510742,0.375258614796807
L111D,-9.792043685913086,0.529753035424932
L111C,-6.28140926361084,1.04248928876073
L111K,-10.449941635131836,-0.13526783785948
L111P,-13.144444465637207,0.412048385946717
L111R,-9.185171127319336,0.7796935804822551
L111A,-5.018333911895752,1.0284809600986802
L111T,-7.3970232009887695,0.968167722269896
L111Y,-9.594080924987793,1.08421426298239
L111S,-7.368517875671387,1.02341391377125
S113P,-11.674943923950195,0.919786630354704
S113Y,-13.570068359375,-0.136123733691639
L114I,-4.922731876373291,1.03244358609699
L114M,-5.300330638885498,1.27415128035202
L114P,-11.130838394165039,0.192710349309497
L114R,-8.562984466552734,0.428254323721638
L114G,-7.261303901672363,1.1219536019483898
A115D,-11.628005981445312,0.365541149629441
A115W,-10.293662071228027,1.22372211059092
A115S,-7.20510196685791,0.80016675118709
A115R,-10.48633098602295,0.0570185495571307
A115V,-7.18246603012085,-0.1036498580818819
A115L,-7.022101402282715,0.745274918965596
A115G,-6.4303789138793945,0.971712065038283
A115F,-9.474562644958496,1.25453824628857
A115E,-12.175215721130371,0.134020351230422
A115K,-12.362747192382812,0.5527653786943441
G116W,-11.230616569519043,1.27415128035202
G116S,-7.260770797729492,0.91683413380249
G116R,-11.241312980651855,0.413525974904099
G116L,-8.797126770019531,1.10610623940796
G116I,-12.88310718536377,1.09043078617584
S117L,-14.918581008911133,1.1036722986613798
S117P,-13.677037239074707,0.783696790875057
S117R,-16.406518936157227,0.215048863884842
S117Y,-15.150097846984863,0.0249242876019215
S117K,-16.90395736694336,0.169744736992018
V118K,-11.254020690917969,0.447089964036142
V118R,-9.731992721557617,0.0125368965343782
V118T,-7.163140296936035,1.04520651017759
Y119E,-12.09610366821289,0.84760056108711
Y119G,-13.818073272705078,1.07533069278654
Y119H,-11.312004089355469,1.05276390958364
Y119R,-13.965476989746094,0.646766426080026
L120P,-14.157954216003418,-0.0239418965734339
L120S,-13.005668640136719,0.358005788394136
L120G,-13.890852928161621,-0.120776429048872
L120H,-12.758142471313477,-0.0921234519673036
L120N,-13.917144775390625,0.648872882601829
A121G,-7.091383934020996,0.6957279109287738
A121E,-10.437735557556152,-0.4462797039290289
A121Y,-12.86025619506836,-0.170300968810927
A121M,-8.557809829711914,-0.0685108650019536
A121I,-9.838047981262207,0.803789013566386
W122P,-10.269119262695312,0.6291803963043431
W122V,-5.597431182861328,0.9958975259771428
W122M,-5.932425022125244,0.6424442315591911
W122R,-5.655633926391602,0.9342939277144772
W122S,-1.236095666885376,1.01539797065674
W122L,-5.155299186706543,0.917543607152646
W122H,-2.9085922241210938,0.652055733064718
I123V,-5.132454872131348,1.12697005492246
I123K,-12.51335620880127,1.02751792707123
I123L,-8.699710845947266,0.365594716391493
I123M,-11.125274658203125,0.6237724803722471
I123R,-12.978833198547363,0.8697652917519781
L124V,-11.9562406539917,0.8355326736791171
L124H,-12.626872062683105,0.265390073854503
L124R,-9.2763671875,-0.355440580054914
L124P,-15.034656524658203,0.0831371941435483
L124S,-10.17776107788086,0.0006992232713718
L124G,-11.982858657836914,-0.242293484644953
F125N,-7.799864292144775,0.487378765083586
F125Y,-1.0406994819641113,1.03413942098359
F125V,-5.151252746582031,1.27415128035202
F125S,-5.470095157623291,0.850736983827741
F125G,-7.411165714263916,1.1381641040328898
F125D,-9.57740592956543,0.344346563140089
F125E,-9.383113861083984,0.8251259184426201
F126R,-8.720348358154297,1.17430153312831
F126P,-11.66402530670166,0.376514727019736
F126N,-8.927007675170898,1.00692407391596
V127F,-8.672062873840332,1.06234250393352
L128V,-14.109418869018555,0.217858455450462
L128T,-15.821005821228027,0.994048084934928
L128P,-19.10593032836914,-0.0787891141046783
L128H,-16.200220108032227,0.823022640209236
Y129C,-6.147693634033203,0.683280055933097
Y129G,-4.471611976623535,0.952061157935896
Y129L,-4.178583145141602,1.1017365945371398
Y129S,-4.859631061553955,0.920549480763109
Y129V,-8.196672439575195,0.967728884384799
Y129A,-5.1650543212890625,1.0701646458899
D130G,-11.80762004852295,0.8546208227631341
D130V,-10.682700157165527,0.548164766712076
D130T,-8.678841590881348,0.7601734131426451
D130S,-8.701115608215332,0.97969820030161
D130R,-11.0762357711792,0.0766978645922235
D130L,-10.253719329833984,0.5667109888578741
D130P,-16.37230682373047,0.759285794832333
D130I,-11.161921501159668,0.7531757617769541
D130H,-9.587114334106445,0.884789506406794
D130K,-9.965202331542969,1.28695273059993
D130F,-13.283805847167969,0.150258845282567
F131A,-8.433862686157227,0.8407266043597671
F131M,-8.47684383392334,1.17217897822095
F131Q,-10.451404571533203,1.04199208588512
F131E,-10.632460594177246,0.777152192911095
F131G,-8.291017532348633,0.362609163164142
F131H,-11.612761497497559,0.9704680433646032
F131V,-6.621997833251953,1.18920717171848
F131W,-6.870808124542236,0.92808158075196
C132A,-8.83608341217041,-0.1255888096233469
C132S,-6.148820400238037,-0.0939614478803987
C132R,-13.321609497070312,-0.304566940813476
C132P,-13.860871315002441,-0.1984987281476949
C132L,-14.9791898727417,0.16660819799398
C132H,-14.604154586791992,0.0333314246539503
C132G,-14.262367248535156,-0.0259102395791485
C132W,-17.937332153320312,-0.0948810795198658
C132T,-11.991562843322754,0.295891207719326
I133R,-10.457862854003906,0.263772322646241
I133S,-10.11164379119873,1.13677080598787
V134P,-10.570274353027344,0.12807424338573
V134K,-15.314374923706055,-0.139562862832449
V134R,-14.496454238891602,-0.182045025221721
V134S,-11.922935485839844,0.4893161714387521
V134G,-11.210848808288574,0.9960171871510172
V134F,-13.963836669921875,1.08543511751236
V134A,-8.59123706817627,1.01517275652191
V134L,-9.365808486938477,1.14072616969655
C135A,-6.880497932434082,-0.141735721364619
C135L,-11.039971351623535,0.774475011418578
C135N,-11.220136642456055,-0.117374701566687
C135S,-7.575690269470215,0.0431708043756136
C135V,-13.278505325317383,-0.208122255845435
C135E,-10.744452476501465,-0.274170588116251
C135G,-11.614945411682129,0.0499480491372467
I136A,-6.363045692443848,0.7509395424024001
I136T,-7.327508926391602,0.554683588076853
I136S,-8.761467933654785,0.6871430307812421
I136N,-10.748937606811523,0.149416392792711
I136K,-12.032835006713867,0.857857659072728
I136F,-7.2221479415893555,1.11367529971745
I136G,-10.026937484741211,0.256329969006835
T137R,-10.362161636352539,0.580340480105598
T137A,-5.901534557342529,1.04705955267519
T137L,-10.395163536071777,0.595502570917284
T138L,-8.724528312683105,0.7957328795487121
T138P,-12.368810653686523,0.625314161154415
T138R,-7.423612117767334,-0.359200780349848
T138S,-5.344037055969238,0.911568088664628
T138V,-9.936314582824707,1.17729136334021
T138I,-8.426257133483887,1.27242453872875
T138F,-11.71225357055664,-0.0950375220195567
Y139R,-10.842321395874023,0.684595253901241
Y139L,-11.611265182495117,1.14421769143452
Y139E,-9.879739761352539,0.153345877315927
Y139V,-12.00063419342041,0.8956669470314069
A140R,-8.0760498046875,0.4946086037977751
A140D,-8.832894325256348,0.0607516591102769
A140E,-9.05921459197998,0.589094633146196
A140M,-5.24002742767334,0.956501273294786
A140P,-11.467808723449707,0.8543876161054599
A140T,-5.500443458557129,1.06482833369455
I141S,-13.354255676269531,0.7535329339203329
I141Y,-15.271778106689453,0.6009757955100329
I141P,-16.731510162353516,-0.153483652600411
I141R,-13.851083755493164,0.943577690786976
I141H,-14.420485496520996,0.409499083512832
I141D,-14.653079986572266,0.0186923847796752
N142I,-4.537405014038086,1.05534219198996
N142L,-12.175975799560547,0.340629280890218
N142P,-14.48027515411377,-0.1505770631504429
N142Y,-12.168529510498047,-0.3026576174957
N142F,-13.168179512023926,0.164678108158832
V143R,-8.737970352172852,0.0004855546071463
V143M,-5.669046401977539,1.17729136334021
V143S,-5.6485772132873535,1.14972947192142
V143L,-2.0516343116760254,0.5887744621755989
V143P,-10.727568626403809,0.842152335240297
S144G,0.24778270721435547,1.03375658902006
S144L,-3.9651851654052734,0.965111128460176
S144R,-8.019594192504883,1.17491952921884
L145T,-15.175211906433105,1.05909425075554
L145A,-15.192729949951172,1.10189327068844
L145G,-16.948972702026367,0.861893477592892
L145K,-15.377315521240234,-0.158681442211886
L145R,-14.449307441711426,0.0781212013353655
L145S,-16.75954818725586,1.02137710362491
L145V,-10.71142578125,1.1354869990605
M146Y,-6.072567462921143,0.925660058412358
M146V,-6.670974254608154,0.8750344918754871
M146T,-6.546943187713623,1.07036408427315
M146R,-7.698781490325928,0.0942201172781476
M146I,-8.151742935180664,1.10476547448379
M146G,-6.074676990509033,1.11784751574872
M146D,-10.189058303833008,0.525052470020449
M146L,2.3821306228637695,0.548512632243969
W147H,-6.713324546813965,0.101910919855527
W147K,-7.359084606170654,1.00286135719662
W147G,-2.9164633750915527,1.12715787589751
W147F,-3.9481115341186523,0.9683703550641892
W147Y,-4.994407653808594,-0.2186641679268
L148V,-10.273016929626465,0.876676669548205
L148S,-11.842153549194336,0.867130145561186
L148Y,-11.423617362976074,0.985615629288701
L148R,-10.944366455078125,1.28864589442178
L148P,-14.363720893859863,1.19296134140417
L148D,-12.705190658569336,0.0249491578936557
L148E,-10.77579116821289,0.8935589141425679
L148F,-10.132370948791504,0.428594167246252
L148H,-10.53658676147461,-0.211081020709626
S149K,-15.793288230895996,1.37522898439904
S149P,-14.20998764038086,1.05799492633604
S149R,-15.328105926513672,1.08772303561811
S149G,-8.367721557617188,0.9768390594475692
F150P,-12.002561569213867,1.0908636018713
F150N,-7.118352890014648,1.06484096908263
F150M,-3.5971317291259766,0.942480488306062
F150L,-0.9999504089355469,1.15537733517218
F150I,-1.4310169219970703,1.22514614080754
F150R,-5.21138334274292,1.14125101755603
R151D,-7.798041820526123,1.12834358333193
R151T,-7.3516011238098145,0.999826316670148
R151Q,-4.356847286224365,0.887589512324286
R151L,-5.687283992767334,1.19347446867022
K152N,-6.246092319488525,1.07619491133486
K152M,-7.65395450592041,1.05363408802217
K152G,-7.304001808166504,1.17146328971455
K152E,-5.658998489379883,1.18247633653682
K152Y,-7.793768882751465,1.00953352206785
V153T,-7.172989845275879,1.02718372345738
V153R,-7.419919490814209,0.743129276681923
V153L,-3.8663487434387207,-0.0009844438459377
V153G,-10.953368186950684,0.971795504494041
Q154Y,-7.849766731262207,0.974379705645078
Q154S,-4.988093852996826,1.15378934544361
Q154F,-6.3731889724731445,-0.0416636850586008
Q154C,-4.576437473297119,1.17217897822095
P156N,-3.144925117492676,1.13442731743942
P156H,-3.936857223510742,0.743050176706785
P156S,-4.792049407958984,0.9987054440829808
P156R,-5.068917274475098,0.248739324533861
Q157R,-4.22990083694458,0.539336743607009
Q157P,-2.0964674949645996,0.686709411614796
Q157K,-5.158786296844482,0.894261948336519
Q157V,-5.351066589355469,0.746759731516754
Q157T,-4.705545902252197,1.06721452068094
G158A,-3.9978275299072266,0.9334022560071128
G158F,-6.069206237792969,0.46554052216021
G158K,-4.434811115264893,0.779343011601357
G158L,-3.3813114166259766,1.2927442274177
G158S,-4.207332611083984,1.01183101488888
G158V,-5.56005859375,0.479400877748666
G158Y,-6.477260112762451,1.28864589442178
G158T,-4.366668224334717,1.1666074904998702
K159V,-2.8147852420806885,1.01691584978297
K159I,-3.938368320465088,1.00607806553665
K159R,-2.6916747093200684,0.7236624644546129
K159Q,-2.9326670169830322,0.7036455169919279
K159L,-1.1300246715545654,1.2397709710225802
K159G,-3.6447224617004395,1.08718840776698
K159F,-4.2069807052612305,0.9342939277144772
K159E,-2.9766459465026855,0.9225712238755708
K159C,-5.081407070159912,-0.0999018302210863
A160G,-1.4368364810943604,0.9234302415001509
A160W,0.13967853784561157,0.726961392471002
A160R,-2.7967796325683594,1.0812265137468
A160Q,-3.080231189727783,-0.179547263598981
A160L,-2.4671401977539062,0.772420508154302
A160H,-2.1360630989074707,1.02893885944134
A160V,-3.6490821838378906,1.13859935488952
A160T,-4.128306865692139,1.18203548195452
K161L,-2.6560287475585938,0.44435724761361
K161T,-4.458352565765381,-0.0244566406761429
K161S,-2.978403329849243,0.8716155967010191
R162I,-5.188392162322998,1.06235530917629
H163G,-4.057831287384033,0.984005652333562
H163L,-5.17711877822876,0.913327389718208
H163R,-3.367140293121338,1.10204940822715
H163Y,-5.795633316040039,0.97248339390745
