mutant,carp_600k_score,DMS_score
A32N,-1.452109694480896,48.6
A32E,-0.8872557878494263,46.44
A32F,-4.2162556648254395,47.46
A32G,-1.0618349313735962,47.91
A32H,-3.435260772705078,47.77
A32I,-3.396487236022949,48.02
A32K,-0.9353123903274536,48.94
A32L,-3.0911903381347656,48.29
A32M,-4.673418998718262,47.87
A32C,-5.209278583526611,46.93
A32Q,-0.24225354194641113,49.3
A32S,-0.6131025552749634,48.72
A32T,-1.4482003450393677,49.45
A32V,-1.8750168085098267,49.5
A32W,-5.099245071411133,47.98
A32Y,-4.325072288513184,42.88
A32P,-2.382831573486328,49.42
E33P,-0.5780977010726929,49.43
E33N,-0.4812430143356323,48.42
E33I,-2.477123737335205,47.5
E33Q,-1.0871695280075073,48.55
E33R,-2.683300018310547,49.46
E33S,-0.33319246768951416,48.92
E33T,-0.6546224355697632,48.21
E33V,-1.6227794885635376,48.53
E33H,-3.275787830352783,48.81
E33M,-3.7787179946899414,48.01
E33G,-0.7721449136734009,49.31
E33D,0.22142326831817627,49.29
E33C,-5.800021171569824,48.19
E33A,-0.804524302482605,48.25
E33W,-5.313215255737305,47.51
E33F,-3.7364306449890137,47.22
E33L,-2.723392963409424,47.16
H34G,1.6837129592895508,45.17
H34F,0.6811294555664062,45.89
H34E,1.580801248550415,44.75
H34D,1.1200766563415527,43.5
H34W,-0.8541355133056641,45.25
H34I,1.4937505722045898,45.34
H34K,3.378246545791626,42.1
H34L,1.716646671295166,46.11
H34M,-0.07966899871826172,46.48
H34N,2.0122756958007812,46.85
H34P,2.143052577972412,47.15
H34Q,1.7698495388031006,48.78
H34R,1.7717576026916504,49.5
H34S,2.0410706996917725,46.28
H34T,1.955418586730957,46.56
H34Y,0.3002653121948242,46.56
H34V,1.8993167877197266,46.31
H34C,-1.8917722702026367,45.32
H34A,2.1117167472839355,46.42
N35D,-0.7857160568237305,43.28
N35M,-0.9449362754821777,45.03
N35P,2.123621940612793,45.94
N35Q,0.28554677963256836,45.47
N35S,0.1386256217956543,45.67
N35T,1.1057028770446777,45.23
N35H,-1.0180907249450684,47.07
N35V,1.3973984718322754,45.35
N35W,-2.505030632019043,45.05
N35Y,-1.0333328247070312,47.05
N35G,-0.49912166595458984,44.73
N35F,-0.9101047515869141,46.34
N35E,-0.6599760055541992,43.21
N35K,1.8629939556121826,46.39
N35C,-3.0013294219970703,45.4
N35A,0.6568746566772461,45.85
N35L,0.7870306968688965,47.28
P36V,0.8125319480895996,41.76
P36S,-2.766594171524048,44.12
P36A,-1.0631165504455566,41.8
V37I,-0.32927507162094116,46.18
V37L,-1.4906482696533203,45.79
V37M,-3.3966856002807617,41.71
V37T,-3.9112486839294434,44.8
V37W,-6.10702657699585,48.25
V37C,-6.416752815246582,45.08
V37A,-3.580134391784668,44.23
V38M,-3.0302963256835938,43.06
V38C,-5.697146415710449,43.37
V38A,-3.619746685028076,41.68
V38L,-0.8520865440368652,44.76
V38I,-0.3431892395019531,48.5
V38F,-2.0642189979553223,42.37
M39W,-0.29497599601745605,40.59
M39N,-2.950484037399292,48.67
M39L,1.6484832763671875,41.53
M39I,0.9506039619445801,40.23
M39H,-2.478316068649292,44.07
M39G,-2.4339473247528076,41.97
M39C,-2.4042298793792725,46.38
M39Q,-3.094477415084839,42.95
M39V,1.107828140258789,41.14
M39A,-1.0729644298553467,43.23
V40L,-0.45464086532592773,45.28
V40M,-1.9808332920074463,45.03
V40N,-3.8607547283172607,40.03
V40R,-3.7256343364715576,42.08
V40C,-3.010864019393921,45.81
V40S,-2.4586358070373535,44.07
V40A,-1.8784129619598389,45.75
V40I,-0.5840332508087158,41.56
H41Q,-3.8214659690856934,48.64
H41T,-2.9664413928985596,44.47
H41A,-2.6991405487060547,42.66
H41P,-2.250213623046875,42.88
H41E,-4.546133518218994,46.41
I43W,1.1188125610351562,49.98
I43V,0.5098206996917725,49.36
I43T,0.8853235244750977,49.3
I43S,1.309208869934082,47.39
I43R,-1.332618236541748,47.33
I43Q,-0.27098655700683594,48.52
I43Y,1.207963228225708,48.17
I43M,0.5037665367126465,48.2
I43N,0.68337082862854,49.12
I43A,1.6660370826721191,45.73
I43C,-0.8059906959533691,50.24
I43F,1.2732014656066895,48.16
I43G,2.4672155380249023,45.78
I43L,1.2327136993408203,48.11
G44L,-2.9608991146087646,46.06
G44A,-0.9572393894195557,47.95
G44C,-3.626039505004883,46.15
G44D,-2.7517828941345215,47.88
G44E,-3.7802414894104004,48.73
G44F,-3.1479015350341797,47.81
G44H,-3.47813081741333,46.0
G44I,-3.318265914916992,46.93
G44R,-4.0961527824401855,46.86
G44M,-3.595534324645996,45.98
G44N,-2.3069019317626953,46.9
G44Q,-3.378664016723633,48.9
G44S,-1.1388201713562012,45.73
G44V,-2.816291332244873,45.99
G44W,-3.357111930847168,45.59
G44Y,-3.0045909881591797,46.63
G45A,-1.0867236852645874,46.19
G45S,-0.6389051675796509,49.12
G45R,-3.282768726348877,44.88
G45P,-2.1434764862060547,45.55
G45N,-1.1403764486312866,49.15
G45M,-3.003833293914795,47.66
G45D,-1.112510085105896,44.64
G45K,-3.125218391418457,45.63
A46D,-0.5095310211181641,49.18
A46V,-0.9167747497558594,49.42
A46C,-2.138218402862549,47.58
A46E,-1.2350053787231445,49.03
A46F,-2.3441028594970703,47.76
A46G,0.35609471797943115,46.45
A46H,-1.8840413093566895,50.39
A46K,-2.7279810905456543,48.89
A46Y,-1.7846078872680664,46.58
A46L,-2.0977816581726074,50.06
A46N,0.0817708969116211,46.43
A46P,-1.2950148582458496,50.15
A46Q,-1.573509693145752,45.98
A46R,-2.8775792121887207,47.53
A46S,1.013135552406311,47.1
A46T,0.3272695541381836,45.44
A46M,-2.4433631896972656,45.57
S47Y,-1.1683683395385742,45.66
S47W,-2.312901020050049,46.72
S47K,-1.9310111999511719,48.66
S47T,-0.46573925018310547,46.4
S47A,-0.014180183410644531,47.54
S47C,-2.481196880340576,48.74
S47D,-0.7101531028747559,46.88
S47E,-1.220534086227417,46.81
S47F,-1.4587433338165283,46.76
S47G,0.6938297748565674,45.67
S47L,-1.1392884254455566,46.8
S47M,-1.973212718963623,45.36
S47N,-0.7443418502807617,45.35
S47P,-0.2923150062561035,46.5
S47Q,-1.6232495307922363,45.99
S47V,-0.6190659999847412,46.12
S47R,-1.8322243690490723,46.35
F48R,-0.054483890533447266,49.32
F48W,-0.6536655426025391,52.56
F48C,-1.3923835754394531,49.12
F48A,1.3069653511047363,51.09
F48G,1.3500633239746094,51.31
F48H,-0.37581872940063477,49.39
F48I,-0.034268856048583984,49.13
F48V,0.870410680770874,50.08
F48K,0.1699981689453125,50.8
F48L,0.4931159019470215,48.03
F48M,-0.3950943946838379,49.58
F48N,0.9588980674743652,51.25
F48P,1.1541695594787598,48.6
F48Y,0.08706951141357422,49.9
F48S,1.367445707321167,50.86
F48Q,0.39482927322387695,50.41
F48T,1.0547358989715576,51.79
F48E,1.2970201969146729,52.09
F48D,1.1964390277862549,51.88
N49V,-2.1365625858306885,47.73
N49Y,-2.31923770904541,49.33
N49I,-3.099825382232666,48.93
N49K,-3.322490692138672,45.36
N49L,-2.5860238075256348,49.88
N49M,-3.3339319229125977,47.89
N49Q,-2.434436798095703,49.8
N49H,-2.675992965698242,49.01
N49P,-1.7545995712280273,41.84
N49F,-2.9926366806030273,47.3
N49E,-2.0591793060302734,52.14
N49D,0.6916389465332031,50.8
N49C,-3.389500617980957,48.54
N49R,-3.2447333335876465,45.11
N49S,-0.19604814052581787,47.58
N49T,-1.4039726257324219,46.85
N49G,-1.1080875396728516,47.01
F50D,-0.9466540813446045,45.08
F50Y,0.3512547016143799,45.78
F50W,-0.1890413761138916,47.77
F50M,-0.8982923030853271,44.75
F50L,0.19275116920471191,40.37
F50I,-0.7200648784637451,40.02
F50C,-2.008415460586548,41.07
F50K,-1.581181287765503,44.8
F50A,0.28464436531066895,42.23
A51M,-2.47163987159729,48.15
A51C,-3.746095895767212,49.36
A51D,0.4724845886230469,51.1
A51E,0.28058886528015137,49.08
A51F,-2.4541819095611572,47.5
A51G,-0.3332235813140869,48.3
A51H,-1.7418138980865479,48.75
A51I,-2.5273916721343994,47.74
A51K,-0.43094468116760254,49.25
A51L,-1.580636978149414,47.99
A51N,-0.09945821762084961,50.21
A51R,-0.9695260524749756,41.22
A51Q,-0.42208313941955566,49.14
A51T,-0.6235172748565674,47.86
A51V,-2.189527750015259,47.63
A51W,-2.9484684467315674,47.83
A51Y,-1.8841288089752197,47.59
A51S,0.30355286598205566,49.0
G52P,-0.8753409385681152,47.13
G52A,0.27173757553100586,49.8
G52Y,-0.7938985824584961,49.71
G52W,-2.245488166809082,48.24
G52V,-1.1547818183898926,47.96
G52T,-0.46293115615844727,47.59
G52S,-0.21960020065307617,49.26
G52E,-0.07552242279052734,48.97
G52I,-1.7833991050720215,48.96
G52K,-0.9206373691558838,49.18
G52L,-0.7337181568145752,48.22
G52M,-1.2233779430389404,48.61
G52N,-0.5067331790924072,49.29
G52D,0.034449100494384766,47.92
G52R,-0.803215742111206,47.93
G52H,-1.040045976638794,49.08
G52C,-3.636934757232666,49.54
I53C,-4.389670372009277,41.47
I53A,-0.8148857355117798,41.03
I53L,0.4588127136230469,46.17
I53M,-0.754508376121521,44.84
I53H,-3.154167652130127,42.78
I53Q,-2.6613411903381348,40.59
I53T,-1.5874356031417847,43.4
I53V,-0.06692361831665039,47.22
I53Y,-1.051726222038269,41.87
I53F,-0.6017402410507202,40.75
K54W,-2.0840044021606445,46.4
K54A,0.44632458686828613,44.45
K54C,-2.5423879623413086,50.18
K54Y,-0.13107013702392578,46.78
K54D,0.18996524810791016,49.14
K54E,-0.015381336212158203,47.77
K54T,-0.293210506439209,47.93
K54G,-0.26888608932495117,46.56
K54V,-0.8789467811584473,48.01
K54S,-0.1650252342224121,47.62
K54R,-0.2764930725097656,48.11
K54F,-0.7912168502807617,46.95
K54M,-1.0895545482635498,49.27
K54L,-0.38923072814941406,46.81
K54I,-1.1170156002044678,48.97
K54N,-0.07854080200195312,47.15
K54H,-0.7886388301849365,47.33
S55T,-0.85032057762146,48.42
S55R,-0.7704870700836182,46.1
S55M,-4.510417461395264,47.4
S55Y,-3.670670986175537,46.73
S55L,-3.7195611000061035,46.24
S55K,0.6094772815704346,49.37
S55H,-2.4944491386413574,48.6
S55G,-0.9465272426605225,48.28
S55F,-5.030628681182861,46.0
S55E,0.7634239196777344,50.86
S55V,-4.200744152069092,45.79
S55W,-5.826460361480713,46.28
S55D,1.236924409866333,50.06
S55C,-6.1838154792785645,42.66
S55A,-0.2593362331390381,49.48
S55Q,0.33278465270996094,49.64
S55P,0.8872451782226562,48.89
Y56M,-1.143784999847412,42.88
Y56A,0.40119755268096924,42.01
Y56D,0.1272749900817871,41.47
Y56E,0.1555166244506836,41.1
Y56F,-0.5231754779815674,48.25
Y56H,-1.6466355323791504,44.75
Y56S,-0.9508504867553711,42.87
Y56N,-0.8093080520629883,41.91
Y56K,-0.9742817878723145,46.32
Y56W,-1.5939712524414062,46.35
L57M,-3.2510313987731934,44.79
L57F,-2.3777945041656494,41.7
L57A,-3.319786548614502,43.79
V58H,-1.2864389419555664,48.6
V58N,0.33091163635253906,46.64
V58M,-1.8394718170166016,48.49
V58L,-0.20645546913146973,47.82
V58Y,-1.5533490180969238,46.93
V58W,-3.1397762298583984,46.17
V58T,0.43733739852905273,48.68
V58S,0.5826992988586426,48.36
V58R,-0.1822490692138672,47.17
V58Q,0.6059072017669678,48.58
V58I,-0.5667378902435303,49.5
V58G,-0.5333106517791748,46.84
V58K,1.1447985172271729,47.0
V58E,1.2811236381530762,49.32
V58F,-1.8854351043701172,47.12
S59A,0.11213827133178711,48.43
S59G,-1.3297820091247559,48.2
S59H,-2.8758349418640137,47.39
S59I,-4.631434440612793,45.18
S59K,0.6291106939315796,48.18
S59L,-3.2557015419006348,45.58
S59M,-4.0178327560424805,46.34
S59N,-0.5330183506011963,47.79
S59P,-3.220820903778076,43.38
S59Q,0.020900726318359375,48.24
S59E,1.038070559501648,49.57
S59D,0.6837252378463745,47.86
S59C,-6.115545272827148,47.0
S59R,-1.249417781829834,47.14
S59T,-1.6577081680297852,48.69
S59Y,-3.8759264945983887,45.49
S59W,-5.523050308227539,44.35
S59V,-3.492341995239258,45.43
Q60T,-1.2445473670959473,44.73
Q60V,-1.7430634498596191,45.48
Q60Y,-1.3899240493774414,45.19
Q60A,0.14692974090576172,46.27
Q60C,-3.7859535217285156,46.28
Q60D,-1.831843376159668,42.51
Q60E,-0.6732933521270752,48.97
Q60F,-1.779878854751587,47.48
Q60N,-0.4702796936035156,48.21
Q60H,-1.2081120014190674,47.78
Q60I,-2.0324106216430664,44.47
Q60K,0.22701811790466309,47.61
Q60L,-0.015494346618652344,45.11
Q60M,-1.1434123516082764,47.7
Q60S,-0.5714647769927979,46.45
Q60R,-0.3551180362701416,46.67
Q60W,-3.3352222442626953,45.07
Q60P,-4.239259719848633,46.29
Q60G,-1.8162753582000732,44.23
G61A,-3.7409656047821045,43.8
G61C,-7.295864105224609,42.71
G61D,-2.6360597610473633,43.51
G61E,-4.12567663192749,44.0
G61F,-4.292963027954102,45.47
G61H,-4.1702752113342285,43.76
G61Y,-4.32247257232666,42.07
G61L,-3.897413969039917,44.85
G61N,-1.6939888000488281,44.83
G61Q,-3.5922963619232178,44.36
G61R,-3.9954445362091064,42.72
G61S,-3.6439859867095947,44.15
G61T,-4.774103164672852,42.91
G61W,-6.794194221496582,44.53
G61K,-2.4160404205322266,43.52
W62V,1.005899429321289,40.68
W62T,-1.1074156761169434,41.58
W62S,-1.419057846069336,43.73
W62H,-1.1708545684814453,43.28
W62L,1.355888843536377,43.53
W62K,-0.9015731811523438,40.98
W62F,2.302431106567383,47.06
W62N,-1.5988364219665527,40.85
W62I,1.1694645881652832,42.1
S63W,-3.8178741931915283,46.08
S63D,-0.39054083824157715,49.78
S63E,-0.3465588092803955,48.83
S63F,-1.7397305965423584,46.2
S63G,-1.3984777927398682,47.01
S63H,-2.084810972213745,48.7
S63I,-0.9174511432647705,47.63
S63K,0.7310401201248169,49.7
S63M,-2.566538095474243,47.56
S63N,-0.2814815044403076,49.2
S63P,-1.5613090991973877,49.63
S63Q,-0.2655189037322998,49.02
S63R,-0.46553587913513184,48.84
S63T,0.41776108741760254,48.13
S63V,-0.34073948860168457,47.21
S63L,-1.0730984210968018,46.62
S63C,-3.967200517654419,47.02
S63Y,-1.111112356185913,46.68
S63A,-0.4727804660797119,49.04
R64V,2.571244239807129,48.65
R64A,1.897735595703125,50.21
R64C,-1.2856926918029785,49.21
R64D,0.8362455368041992,47.28
R64E,0.576777458190918,49.47
R64F,1.1742844581604004,48.05
R64G,0.6467850208282471,48.95
R64H,-0.7698817253112793,48.21
R64I,1.3423852920532227,49.97
R64L,1.2656607627868652,48.13
R64M,-0.650702953338623,47.94
R64N,0.5894007682800293,47.69
R64P,0.5433573722839355,50.08
R64W,-1.129450798034668,48.2
R64Q,0.33226823806762695,50.52
R64K,1.1800484657287598,51.5
R64T,1.241339921951294,47.6
R64Y,1.3259763717651367,48.8
D65I,0.8919274806976318,46.15
D65Y,-0.06462860107421875,46.94
D65W,-2.5097432136535645,46.96
D65T,0.49086904525756836,52.77
D65S,-0.42616748809814453,50.56
D65P,-0.932856559753418,49.76
D65N,-0.5843963623046875,48.42
D65M,-1.2363009452819824,48.89
D65L,0.2929208278656006,44.97
D65K,-0.3214554786682129,50.23
D65A,0.513582706451416,50.23
D65C,-2.776362895965576,48.77
D65F,-0.5596442222595215,47.34
D65G,-0.1466069221496582,45.08
D65H,-2.14923095703125,47.46
K66F,-1.5915131568908691,47.21
K66I,-0.9138810634613037,46.94
K66H,-1.8963656425476074,46.7
K66G,-0.8512024879455566,46.79
K66S,-0.44168972969055176,47.85
K66E,-0.030931472778320312,47.68
K66D,0.13141155242919922,49.73
K66C,-3.6437015533447266,46.12
K66A,-0.5174508094787598,46.43
K66T,-0.37973737716674805,46.36
K66L,-1.1780858039855957,46.95
K66R,-0.6735091209411621,49.1
K66V,-0.3139686584472656,48.59
K66Y,-1.0114526748657227,48.41
L67W,-3.462322950363159,40.13
L67V,0.9156599044799805,47.24
L67T,-0.7234179973602295,44.07
L67S,-1.5733091831207275,42.38
L67Q,-2.1025235652923584,44.78
L67I,0.6862339973449707,50.33
L67A,-1.0355980396270752,45.16
Y68C,-2.9070866107940674,47.06
Y68A,-0.5619039535522461,45.22
Y68H,-1.8505008220672607,45.85
Y68I,1.1347465515136719,44.96
Y68F,0.2580268383026123,48.42
Y68E,-1.0695173740386963,46.54
Y68V,1.1637446880340576,45.3
Y68K,-0.5931293964385986,45.6
Y68L,0.4368772506713867,45.44
Y68M,-0.9144275188446045,46.83
Y68W,-2.3468120098114014,46.37
Y68N,-1.1632640361785889,45.75
Y68Q,-1.2377285957336426,46.95
Y68R,-1.343895673751831,46.7
Y68S,-1.002603530883789,46.11
Y68T,-0.27150416374206543,46.81
A69P,-1.3757870197296143,45.78
A69N,-0.8607616424560547,45.95
A69M,-0.9749813079833984,47.97
A69L,0.5278205871582031,46.04
A69Q,-0.9686505794525146,46.82
A69R,-1.1422221660614014,44.65
A69Y,-0.582298755645752,43.68
A69K,-0.8429179191589355,45.55
A69I,0.43375515937805176,46.76
A69G,-0.6607813835144043,46.91
A69F,-0.02987813949584961,46.5
A69E,-1.4181418418884277,47.26
A69D,-0.9203495979309082,46.15
A69S,-0.5789968967437744,49.1
A69T,-0.370635986328125,48.72
A69V,0.9030625820159912,45.52
A69W,-2.1333065032958984,45.61
V70S,-0.10377979278564453,45.16
V70A,-0.1064143180847168,45.27
V70D,-0.864459753036499,44.37
V70F,-0.2468247413635254,41.55
V70R,-0.22733235359191895,41.2
V70I,-0.0485076904296875,41.42
V70M,-1.2658705711364746,46.97
V70H,-1.6221237182617188,42.27
V70G,0.28460025787353516,45.2
V70N,-0.4023306369781494,46.2
V70Y,0.08626151084899902,41.9
V70W,-1.7693209648132324,45.32
V70T,-0.24503278732299805,41.95
V70P,-0.3263671398162842,42.11
V70Q,-1.1067676544189453,45.78
V70K,-0.11065816879272461,48.45
D71A,-1.2899177074432373,42.9
D71E,-2.6714110374450684,44.53
D71F,-3.0320496559143066,46.86
D71K,-0.8532812595367432,45.19
D71L,-3.315197467803955,45.68
D71P,-1.0457367897033691,47.42
D71Q,-1.4878144264221191,45.55
D71R,-0.7206203937530518,45.37
D71S,-0.5252697467803955,44.36
D71T,-1.8404479026794434,46.31
D71V,-3.1040730476379395,46.42
D71W,-3.7659974098205566,43.7
D71Y,-2.1392273902893066,46.06
D71N,0.15855884552001953,41.83
F72T,-0.15044784545898438,42.39
F72S,0.6960792541503906,42.63
F72Q,-0.32285499572753906,41.43
F72P,-0.19445562362670898,42.87
F72N,0.5028257369995117,44.14
F72M,-1.161679744720459,45.46
F72H,0.39134740829467773,41.21
F72I,-0.540259838104248,41.59
F72W,-0.660254955291748,41.97
F72D,0.4681220054626465,48.24
F72C,-1.6373186111450195,44.44
F72A,0.2973499298095703,42.87
F72K,0.06859254837036133,42.58
F72Y,0.36426496505737305,43.06
F72L,-0.10738039016723633,46.72
W73Q,0.7487835884094238,47.21
W73P,0.3521108627319336,49.99
W73R,1.3773374557495117,47.05
W73S,2.061685085296631,47.27
W73T,1.8733196258544922,47.66
W73V,1.730186939239502,48.96
W73H,0.2500190734863281,47.86
W73I,1.288832187652588,46.38
W73N,1.4432294368743896,47.28
W73C,-0.773106575012207,48.03
W73L,1.4128656387329102,48.41
W73E,0.47425413131713867,49.34
W73F,1.1615500450134277,46.99
W73G,2.4558825492858887,47.45
W73Y,1.4881501197814941,48.25
W73M,0.7251873016357422,47.79
D74G,0.8304455280303955,43.1
D74F,-2.1922640800476074,46.14
D74E,-0.9028973579406738,46.07
D74K,-1.2812161445617676,41.0
D74H,-1.7338337898254395,43.83
D74L,-1.5514922142028809,44.53
D74C,-3.085637092590332,44.57
D74A,-0.440718412399292,44.66
D74Y,-1.786862850189209,45.27
D74T,-0.2775845527648926,45.5
D74S,0.1312718391418457,45.13
D74R,-0.7184610366821289,44.05
D74P,-0.4173266887664795,45.08
D74N,-0.10935211181640625,46.35
D74M,-2.3785691261291504,42.23
K75V,-0.7417252063751221,46.94
K75T,-0.18496394157409668,47.02
K75S,-0.06340289115905762,47.99
K75R,-0.33158016204833984,46.82
K75N,-0.39206814765930176,46.99
K75P,-0.9129011631011963,48.82
K75Q,-0.5514450073242188,48.32
K75F,-1.432762622833252,46.02
K75G,0.03491401672363281,45.69
K75C,-2.177006244659424,46.67
K75D,-0.7622964382171631,47.05
K75H,-1.6908674240112305,47.0
K75I,-1.1782581806182861,46.18
K75L,-0.9184167385101318,46.32
K75M,-1.392432451248169,46.29
K75A,-0.15298128128051758,47.91
T76Y,-0.7845582962036133,44.56
T76W,-0.9001765251159668,47.11
T76V,-1.0478341579437256,46.43
T76S,0.21582841873168945,47.94
T76R,-1.1830573081970215,47.39
T76Q,-0.9312493801116943,48.36
T76P,-0.7399001121520996,44.89
T76N,-0.12358307838439941,47.9
T76K,-1.0005416870117188,48.28
T76L,-0.7450041770935059,47.31
T76I,-1.245535135269165,45.74
T76H,-1.4768896102905273,48.43
T76F,-1.1692867279052734,47.09
T76E,-0.9929113388061523,48.59
T76D,-0.1310117244720459,45.72
T76C,-2.7617721557617188,48.33
T76A,-0.2046518325805664,47.68
T76M,-1.651118278503418,47.21
T76G,0.28423380851745605,46.95
G77E,-1.2932626008987427,42.77
G77L,-0.7919913530349731,40.63
G77D,-0.8108795881271362,43.48
G77H,-2.0826549530029297,43.53
G77K,-1.4461313486099243,43.02
G77M,-2.173290252685547,47.18
G77N,-0.8791533708572388,44.67
G77C,-2.644404888153076,47.85
G77P,-1.203356385231018,43.97
G77R,-1.7938543558120728,41.76
G77S,-0.5992079973220825,46.69
G77T,-0.8028570413589478,43.24
G77W,-2.1066675186157227,43.6
G77Y,-1.1085110902786255,45.41
G77Q,-1.539976954460144,44.47
G77A,-0.6853591203689575,45.81
T78R,-0.542971134185791,46.34
T78S,0.3327934741973877,47.03
T78P,-0.22269868850708008,44.68
T78L,-0.1417238712310791,47.58
T78N,-0.01883983612060547,48.64
T78Y,-0.4033632278442383,45.91
T78W,-1.1605854034423828,45.78
T78C,-1.9451193809509277,49.83
T78H,-1.2740907669067383,47.89
T78E,-0.35863161087036133,48.72
T78F,-0.5402712821960449,46.25
T78G,0.7863529920578003,47.55
T78M,-1.4307422637939453,47.13
T78K,-0.03156733512878418,48.65
T78D,-0.18874907493591309,49.25
N79S,0.2523951530456543,46.98
N79T,0.1995067596435547,43.43
N79V,-0.3560523986816406,45.1
N79W,-1.0788145065307617,42.8
N79Q,-0.6965656280517578,44.29
N79R,-1.0837688446044922,41.03
N79P,0.01421976089477539,45.68
N79H,-1.4008545875549316,44.15
N79L,-0.5659263134002686,44.64
N79K,-0.5230231285095215,41.04
N79I,-0.9447221755981445,45.0
N79G,1.0859113931655884,43.21
N79F,-0.8533263206481934,43.54
N79E,-0.3682742118835449,42.71
N79D,0.2442314624786377,45.66
N79M,-1.6243319511413574,42.96
N79A,0.11866378784179688,44.64
N79C,-2.426781177520752,46.12
Y80G,0.5104238986968994,48.17
Y80F,-0.3785250186920166,47.86
Y80A,0.5849800109863281,49.2
Y80H,-1.4768257141113281,48.89
Y80T,0.09219694137573242,49.28
Y80E,0.031248092651367188,49.63
Y80V,0.17868351936340332,49.68
Y80P,0.0024368762969970703,46.7
Y80R,-0.8196871280670166,49.0
Y80Q,-0.36406946182250977,49.87
Y80N,-0.19709014892578125,47.81
Y80I,-0.39833855628967285,48.84
Y80K,-0.11519145965576172,48.06
Y80L,0.1840674877166748,47.98
Y80M,-1.3532381057739258,47.64
Y80D,0.07621479034423828,48.65
Y80S,0.09060430526733398,49.05
Y80C,-2.574889659881592,47.62
Y80W,-1.2982854843139648,48.13
N81I,-0.22122669219970703,47.92
N81Y,0.31528735160827637,47.04
N81W,-0.6689481735229492,47.16
N81V,0.36161065101623535,49.04
N81T,0.2831602096557617,47.58
N81S,0.19441604614257812,47.92
N81R,-0.27884817123413086,47.12
N81P,0.07155704498291016,45.33
N81L,0.45676279067993164,47.61
N81K,0.2684755325317383,46.81
N81H,-1.3134593963623047,48.08
N81G,0.6520624160766602,47.71
N81F,0.17347192764282227,48.03
N81E,0.08249664306640625,47.06
N81Q,-0.06747961044311523,46.8
N81C,-2.243671417236328,47.13
N81D,0.2024526596069336,46.22
N81A,0.6874158382415771,47.73
N82S,0.0738987922668457,43.7
N82R,-1.5634207725524902,48.6
N82Q,-0.8931121826171875,44.72
N82P,-1.188814640045166,42.88
N82M,-1.2715873718261719,44.78
N82V,-0.304110050201416,45.64
N82I,-0.563124418258667,44.61
N82H,-2.0401997566223145,42.56
N82G,-0.47333860397338867,41.2
N82F,-1.0647501945495605,42.54
N82E,-0.7400360107421875,43.85
N82D,0.6963760852813721,42.16
N82C,-3.4045777320861816,48.41
N82T,0.06316566467285156,47.07
N82L,-0.4484109878540039,43.85
N82A,-0.23567891120910645,45.9
G83N,0.20966506004333496,41.03
G83P,-0.44890832901000977,40.98
G83S,0.17088913917541504,46.18
G83T,0.6621246337890625,41.86
G83V,1.2717902660369873,42.37
G83Y,-0.08780694007873535,47.07
G83H,-1.0585618019104004,40.49
G83F,-0.2935914993286133,47.71
G83L,1.0720579624176025,42.66
G83K,0.2502622604370117,46.46
G83I,0.8446512222290039,48.12
G83D,0.5345399379730225,49.26
G83C,-2.458251476287842,43.33
P84H,-1.4433393478393555,47.2
P84D,1.745540976524353,45.83
P84F,-0.6265840530395508,46.44
P84E,1.4356718063354492,46.63
P84C,-2.8150486946105957,47.38
P84A,1.0388550758361816,48.46
P84G,0.6355838775634766,44.72
P84I,-0.47345542907714844,47.28
P84N,0.6150856018066406,46.29
P84M,-0.9335460662841797,48.85
P84L,0.10855388641357422,46.89
P84W,-2.2002782821655273,46.66
P84V,0.18526601791381836,47.07
P84T,0.6664314270019531,47.87
P84Y,-0.678764820098877,46.33
P84R,-0.45253944396972656,47.54
P84Q,0.5796403884887695,46.95
P84S,0.7204875946044922,46.46
V85I,-0.8151285648345947,47.56
V85M,-0.835991621017456,44.36
V85N,-0.42356371879577637,46.55
V85P,-2.695455312728882,44.05
V85Q,-0.051473140716552734,49.28
V85T,-0.14450693130493164,47.41
V85L,-0.007919073104858398,47.01
V85E,0.9187450408935547,46.95
V85Y,-0.7888128757476807,48.31
V85A,0.8518455028533936,48.48
V85C,-3.9002506732940674,47.81
V85D,1.4306272268295288,46.99
V85W,-2.2874114513397217,47.11
L86M,-1.1542370319366455,45.16
L86V,0.2572786808013916,44.04
L86A,0.276320219039917,48.18
L86E,-1.9767584800720215,42.87
L86F,-0.7173271179199219,43.54
L86I,-0.22268152236938477,46.89
L86Q,-1.842982530593872,41.58
S87R,-0.8064208030700684,45.17
S87T,-0.017297029495239258,43.98
S87V,0.425006628036499,43.18
S87Y,-0.8675150871276855,43.8
S87M,-0.901313304901123,46.79
S87A,1.1797189712524414,48.44
S87C,-2.619306802749634,45.62
S87D,0.417818546295166,44.04
S87E,0.3907473087310791,46.22
S87F,-1.1045053005218506,42.62
S87H,-1.5882227420806885,45.24
S87K,-0.27153730392456055,45.88
S87L,0.10512471199035645,43.79
S87N,-0.08783388137817383,44.67
S87G,-0.5239856243133545,45.87
R88M,-2.3361921310424805,45.52
R88L,-1.0130486488342285,45.2
R88D,2.0333056449890137,44.89
R88A,1.8566051721572876,45.64
R88Y,-1.2467403411865234,46.55
R88V,-0.6804389953613281,46.22
R88T,0.4044356346130371,45.57
R88S,0.9520373344421387,44.81
R88N,0.7325716018676758,48.6
R88K,0.9876539707183838,43.4
R88I,-2.131617546081543,44.77
R88E,1.4689197540283203,42.14
R88C,-4.223060607910156,44.04
F89C,-2.769904136657715,46.52
F89E,0.9647879600524902,46.7
F89H,-0.7699651718139648,45.56
F89I,0.026802539825439453,46.05
F89G,-0.3112015724182129,43.52
F89L,0.3852837085723877,46.29
F89R,-0.39316844940185547,44.42
F89S,0.03664684295654297,44.22
F89W,-1.1509037017822266,44.91
F89Y,0.7509860992431641,47.52
F89K,-0.08294224739074707,46.15
F89V,0.6476805210113525,48.68
V90T,-1.5944952964782715,43.28
V90S,-2.605532169342041,46.47
V90L,-0.43305110931396484,41.24
V90N,-3.147441864013672,41.64
V90M,-1.667038917541504,42.34
V90I,-0.556729793548584,49.04
V90F,-1.264543056488037,45.28
V90C,-2.816795825958252,46.46
V90A,-0.6964626312255859,46.37
Q91S,-0.188093900680542,47.34
Q91A,-0.39347338676452637,47.37
Q91C,-4.310208320617676,46.99
Q91E,-0.21577739715576172,48.12
Q91F,-3.1289899349212646,47.24
Q91T,-0.6639056205749512,47.42
Q91H,-2.1517951488494873,46.75
Q91V,-1.8809645175933838,46.66
Q91G,-1.0940017700195312,46.39
Q91R,-0.48246002197265625,48.9
Q91P,-1.688598871231079,42.9
Q91N,0.25806307792663574,48.91
Q91W,-4.0938825607299805,45.61
Q91L,-1.3540232181549072,43.24
Q91K,0.9627730846405029,49.52
Q91I,-2.4931986331939697,46.71
Q91Y,-2.642756223678589,46.97
Q91M,-2.684516668319702,49.35
K92C,-4.529040336608887,48.37
K92D,-0.26684534549713135,47.76
K92E,-0.11680829524993896,47.69
K92F,-2.781820297241211,46.96
K92G,-1.1336206197738647,47.16
K92H,-2.3588900566101074,48.56
K92I,-2.7505040168762207,45.73
K92M,-2.8369274139404297,47.89
K92N,-1.0781983137130737,47.86
K92P,-2.075193405151367,47.08
K92R,-0.9828461408615112,48.59
K92S,-0.39808690547943115,47.52
K92T,-0.8003672361373901,47.77
K92V,-1.8190425634384155,46.41
K92Y,-2.296067237854004,46.95
K92L,-1.8865903615951538,46.5
K92Q,-0.5556398630142212,48.29
K92A,0.0961524248123169,47.1
V93Y,-0.36588120460510254,48.05
V93T,-1.5974879264831543,45.4
V93C,-3.3176956176757812,45.15
V93D,-3.90920352935791,46.45
V93F,-1.0668113231658936,44.06
V93K,-3.018000602722168,46.36
V93I,-0.26775169372558594,48.15
V93M,-1.1042673587799072,45.07
V93N,-2.876676082611084,48.53
V93Q,-2.762277126312256,47.98
V93R,-3.646108627319336,45.66
V93S,-2.6512808799743652,45.21
V93L,0.09063863754272461,44.83
L94R,-1.186896800994873,45.98
L94V,-0.9848222732543945,44.83
L94T,-2.0495798587799072,43.34
L94S,-1.926487922668457,45.44
L94Q,-1.9653007984161377,45.49
L94W,-3.0695769786834717,44.5
L94M,-1.6585228443145752,47.38
L94N,-1.8609583377838135,45.81
L94A,-0.8236446380615234,43.05
L94D,-2.886761426925659,47.54
L94C,-3.4468743801116943,45.87
L94H,-2.694570302963257,45.06
L94I,-0.6389501094818115,49.5
L94K,-0.5362398624420166,46.56
L94F,-1.213876724243164,45.32
D95F,-4.786289215087891,47.39
D95G,-1.477894902229309,46.9
D95M,-4.309765815734863,47.66
D95H,-3.6788759231567383,47.46
D95I,-3.578874111175537,46.8
D95K,-0.3587847948074341,48.49
D95L,-2.672609329223633,48.87
D95E,-0.32714998722076416,49.67
D95V,-2.6658201217651367,47.1
D95A,-0.09254264831542969,49.4
D95T,-1.096237301826477,48.27
D95W,-5.949497699737549,47.57
D95Y,-4.400965213775635,47.37
D95N,-1.4946428537368774,48.14
D95R,-2.460608959197998,47.78
D95Q,-1.7259913682937622,48.92
D95C,-5.543021202087402,47.84
D95S,-0.4742237329483032,48.85
E96Y,-0.7348203659057617,46.13
E96W,-2.3176841735839844,46.63
E96A,0.08630561828613281,47.09
E96T,-0.4286222457885742,46.65
E96S,-0.351165771484375,47.77
E96R,-0.9802596569061279,46.99
E96Q,-0.5789413452148438,47.52
E96N,-0.8445472717285156,48.05
E96M,-2.339031219482422,47.22
E96V,-1.0282111167907715,47.31
E96K,0.40275418758392334,48.46
E96G,-1.3434245586395264,46.57
E96F,-1.2798352241516113,46.67
E96D,-0.3283548355102539,47.15
E96C,-4.092745304107666,47.31
E96L,-0.6010475158691406,46.54
T97E,-1.858201503753662,46.69
T97F,0.12116861343383789,44.46
T97G,-2.070338726043701,45.17
T97I,0.15389728546142578,46.61
T97K,-0.4465765953063965,45.2
T97R,-1.4899253845214844,43.7
T97Q,-0.8655624389648438,45.91
T97S,-0.3356614112854004,46.75
T97V,0.009160518646240234,44.92
T97W,-1.350996971130371,47.0
T97D,-1.9772472381591797,45.0
T97N,0.17268037796020508,45.87
T97C,-1.1635456085205078,46.33
T97M,-0.5201306343078613,47.22
T97A,-0.21834182739257812,48.09
G98W,-7.6944899559021,48.42
G98S,-2.3384554386138916,46.79
G98T,-3.3091797828674316,44.16
G98V,-4.483165740966797,45.64
G98M,-5.95366096496582,45.66
G98D,-1.1281251907348633,45.53
G98C,-6.0029754638671875,46.3
G98F,-5.690341472625732,45.5
G98A,-2.6565628051757812,46.44
G98I,-4.936161994934082,46.57
G98R,-3.666933536529541,46.34
G98Q,-2.818392276763916,47.1
G98N,-1.0009264945983887,46.89
G98K,-1.5851826667785645,48.15
G98L,-4.899106979370117,46.62
G98Y,-5.063999176025391,46.72
G98H,-3.923898696899414,49.03
A99Y,-1.5009465217590332,46.89
A99E,-2.249636173248291,44.59
A99L,0.9705910682678223,46.07
A99M,-1.4925365447998047,45.69
A99N,-1.7466483116149902,45.57
A99R,-2.5313572883605957,46.08
A99W,-1.55269193649292,45.57
A99V,1.4203836917877197,45.5
A99I,1.3906989097595215,45.38
A99C,-2.2441329956054688,47.5
A99S,-1.6166768074035645,48.38
A99F,-0.5317997932434082,46.43
A99T,-1.2770624160766602,45.72
A99G,-1.257326602935791,46.8
A99D,-1.994276523590088,46.56
A99H,-3.6863551139831543,46.73
K100G,-1.1237510442733765,46.51
K100Y,-4.384693145751953,46.32
K100V,-2.962352752685547,48.63
K100T,-1.025790810585022,47.39
K100S,-1.0708423852920532,48.56
K100R,-2.0243782997131348,47.51
K100Q,-1.080414891242981,48.9
K100P,-1.8747316598892212,46.65
K100I,-3.9162726402282715,46.69
K100N,-1.0778456926345825,47.51
K100M,-4.486208915710449,46.77
K100L,-3.57277774810791,47.01
K100A,-1.2966777086257935,46.91
K100D,-0.5399686098098755,47.44
K100E,-0.6046687364578247,46.9
K100F,-4.834356307983398,46.16
K100H,-3.6309967041015625,47.95
K101W,-7.497427940368652,41.94
K101V,-4.564449310302734,43.02
K101T,-3.0144875049591064,41.76
K101Y,-5.4452104568481445,45.07
K101A,-3.0095932483673096,43.77
K101R,-1.8605937957763672,45.53
K101S,-2.556396484375,42.52
K101C,-7.013477325439453,42.76
K101D,-2.1074860095977783,47.55
K101F,-6.286106109619141,44.31
K101H,-3.748652219772339,45.46
K101L,-5.530818939208984,40.14
K101M,-6.419896125793457,41.91
K101N,-1.637132167816162,42.83
K101P,-1.6707541942596436,46.25
K101I,-5.864400863647461,41.24
K101Q,-1.7834839820861816,44.62
V102A,-2.065995931625366,45.39
V102C,-4.599118709564209,46.38
V102I,-0.14221405982971191,46.28
V102K,-4.389937877655029,48.79
V102T,-2.759477138519287,46.05
V102L,-1.5949170589447021,44.42
D103E,-0.1720576286315918,41.68
D103C,-0.2540931701660156,40.14
D103A,2.6981191635131836,40.39
D103S,1.3555665016174316,43.04
D103N,0.43610382080078125,46.2
D103H,0.7237050533294678,40.59
D103G,2.2050719261169434,43.74
I104G,-3.1478111743927,46.62
I104M,-1.7554998397827148,45.36
I104W,-3.476198434829712,47.09
V105I,-0.3819715976715088,50.78
V105L,-0.8910672664642334,43.4
V105M,-1.7389776706695557,41.37
V105A,-1.7280552387237549,41.94
V105C,-3.1729159355163574,41.87
A106C,-2.0505194664001465,46.19
A106S,-1.340806484222412,46.27
M109C,-4.3292036056518555,48.27
M109F,-0.8052855730056763,47.9
M109I,-1.7710133790969849,48.38
M109V,-2.1839451789855957,46.4
G111C,-3.5269031524658203,43.34
A112G,-0.5595967769622803,44.76
A112K,-1.4213149547576904,44.94
A112N,-0.8801462650299072,44.85
A112P,-2.0251171588897705,47.05
A112T,-1.189535140991211,40.4
A112W,-1.513646125793457,44.14
N113A,2.0540342330932617,43.49
N113Q,0.23924875259399414,42.15
N113T,1.318227767944336,46.78
N113H,-0.2302989959716797,46.48
N113G,0.5200612545013428,41.19
N113E,-0.8124985694885254,42.38
N113D,-1.0269083976745605,45.57
N113C,-0.42879486083984375,45.15
N113K,-1.1092419624328613,43.76
T114K,-4.86842155456543,49.71
T114S,0.2021033763885498,43.33
T114L,-0.8209140300750732,47.31
T114G,0.04645347595214844,44.07
L115V,-1.2048513889312744,40.85
L115Q,-1.9346318244934082,40.17
L115M,-1.6235923767089844,47.43
L115I,-1.046525239944458,43.31
L115E,-2.131916046142578,46.47
L115C,-3.1601717472076416,42.02
L115F,-1.6172940731048584,42.41
Y116A,0.5647091865539551,43.56
Y116F,-0.6926190853118896,46.53
Y116H,-0.4225137233734131,46.7
Y116I,-0.7300586700439453,49.71
Y116L,0.20018577575683594,40.83
Y116M,-1.0917401313781738,42.6
Y116N,0.36282920837402344,42.8
Y116Q,-0.14909982681274414,42.27
Y116S,0.3492274284362793,43.88
Y116T,-0.23373842239379883,40.84
Y116V,-0.9422147274017334,41.88
Y116W,-1.3535056114196777,47.43
Y116D,-0.17090988159179688,44.25
Y116E,0.25829339027404785,44.48
Y116C,-2.432063102722168,41.81
Y117W,-1.0797514915466309,47.51
Y117A,1.280683159828186,42.8
Y117C,-1.8499236106872559,41.4
Y117F,-0.3474555015563965,46.2
Y117L,0.8445720672607422,43.49
Y117M,-0.38225412368774414,43.98
Y117V,-0.3124580383300781,41.74
I118A,2.4913196563720703,43.79
I118T,-0.2629685401916504,46.94
I118V,0.21140670776367188,45.12
I118L,1.246678352355957,44.75
K119E,-0.8211753368377686,47.41
K119Y,-2.1499483585357666,46.36
K119G,-0.0552828311920166,48.07
K119C,-3.1940901279449463,47.86
K119H,-1.791377305984497,46.39
K119A,0.4539964199066162,47.92
K119D,-1.2266299724578857,46.45
K119I,-2.4399850368499756,44.17
K119W,-4.504335403442383,45.24
K119S,-0.14325690269470215,47.13
K119V,-2.1039321422576904,44.43
K119T,-0.44516968727111816,44.04
K119R,-1.0899317264556885,47.11
K119Q,-0.2552797794342041,48.71
K119P,-1.2326719760894775,46.17
K119F,-2.9733541011810303,43.41
K119M,-1.7771193981170654,46.33
K119L,-1.1816506385803223,46.34
K119N,-0.18889331817626953,46.56
N120K,0.517192006111145,46.86
N120D,-0.21487903594970703,49.46
N120E,0.3209109306335449,49.28
N120Y,-1.1032154560089111,49.67
N120W,-2.535945415496826,47.87
N120V,-1.6778068542480469,48.09
N120T,-0.5117759704589844,47.57
N120S,0.04836845397949219,48.0
N120R,-0.13565969467163086,47.79
N120P,-3.017435073852539,44.2
N120M,-1.3926453590393066,47.16
N120L,-0.6346063613891602,46.27
N120A,-0.1129920482635498,47.96
N120F,-2.0046262741088867,46.54
N120I,-2.0578980445861816,46.12
N120H,-0.7893896102905273,48.4
N120G,-1.1533315181732178,44.19
N120Q,0.44045138359069824,48.95
N120C,-3.126227855682373,50.96
L121K,-0.726996660232544,42.1
L121Y,-0.41236114501953125,44.16
L121A,-0.4360969066619873,43.46
L121C,-3.3373754024505615,46.44
L121D,-1.155109167098999,41.3
L121E,-1.2469336986541748,43.7
L121F,-0.7155537605285645,45.14
L121G,-1.1934301853179932,43.41
L121H,-1.4159502983093262,41.19
L121I,-0.8909957408905029,45.19
L121N,-0.790637731552124,43.44
L121Q,-1.1755917072296143,43.37
L121M,-1.5255200862884521,46.87
L121S,-0.48840832710266113,42.78
L121V,-1.012030839920044,42.49
L121W,-2.3141448497772217,44.01
L121R,-1.2973334789276123,41.57
D122L,0.8222403526306152,41.39
D122I,0.05209183692932129,41.33
D122H,-0.5136332511901855,43.96
D122G,-0.39098596572875977,46.07
D122F,0.13589859008789062,42.03
D122Y,-0.09601235389709473,42.92
D122T,0.29387998580932617,42.61
D122S,0.5583653450012207,42.52
D122Q,0.019296884536743164,44.31
D122A,0.51767897605896,43.62
D122E,-0.1618952751159668,45.08
D122M,-1.1839919090270996,42.51
D122W,-2.4095568656921387,42.32
D122N,0.13942337036132812,45.0
G123E,0.11242270469665527,43.96
G123K,1.1398577690124512,41.53
G123H,-1.4587626457214355,40.23
G123L,0.609102725982666,47.07
G123Q,-0.45194482803344727,43.87
G123C,-2.215358257293701,42.14
G123S,0.7720146179199219,44.93
G124A,0.903512716293335,45.8
G124D,0.6314487457275391,43.55
G124E,0.5429658889770508,40.79
G124L,2.2426533699035645,41.21
G124F,1.4345145225524902,41.05
G124K,1.6867926120758057,43.35
G124M,0.0514979362487793,42.53
G124N,0.8475785255432129,42.7
G124R,0.730121374130249,42.6
G124S,0.6615278720855713,45.31
G124T,0.7612864971160889,42.39
G124W,-0.9504616260528564,41.12
G124Y,0.41792964935302734,42.24
G124C,-1.5150501728057861,43.96
G124I,1.7002060413360596,40.86
G124Q,0.7065927982330322,42.55
N125L,0.8942074775695801,45.85
N125Y,0.7216551303863525,45.79
N125S,-0.26646852493286133,48.1
N125R,-0.30083560943603516,46.44
N125Q,-0.6878378391265869,47.63
N125P,-1.57405424118042,44.18
N125M,-0.7459025382995605,46.77
N125A,0.33576059341430664,46.81
N125C,-2.0728001594543457,46.87
N125K,0.7630271911621094,46.31
N125D,-0.02951502799987793,48.4
N125E,-0.48180603981018066,46.67
N125G,0.13611674308776855,46.95
N125H,-1.4940457344055176,46.91
N125W,-1.7558655738830566,45.79
N125T,0.14011335372924805,46.78
N125I,1.009432077407837,45.37
K126N,-0.574131965637207,44.25
K126Q,-1.1377687454223633,44.08
K126W,-3.100214958190918,44.69
K126V,-0.041489362716674805,45.0
K126T,-0.5641899108886719,44.87
K126S,-0.3514742851257324,44.39
K126Y,-0.9483275413513184,45.35
K126C,-2.515864372253418,44.57
K126E,-1.3654587268829346,40.61
K126R,-0.6345059871673584,46.81
K126I,-0.01761460304260254,43.68
K126L,0.25861454010009766,45.15
K126A,0.392230749130249,43.92
K126F,-0.6279196739196777,45.26
V127A,-0.12727975845336914,44.09
V127C,-2.701387405395508,45.34
V127I,0.2219381332397461,47.22
V127L,-0.011212348937988281,45.1
V127M,-1.859332799911499,45.56
V127S,-1.1141912937164307,44.36
V127T,-0.9057328701019287,44.57
A128C,-2.852384567260742,45.79
A128D,-0.7893140316009521,45.29
A128I,-0.11909198760986328,43.66
A128F,-0.946148157119751,44.79
A128G,-0.48151111602783203,47.48
A128H,-2.121964454650879,46.94
A128K,0.3135263919830322,47.08
A128L,-0.0738973617553711,46.2
A128M,-2.0265350341796875,46.56
A128Q,-1.1733922958374023,48.27
A128R,-0.5719785690307617,47.39
A128T,-0.624335527420044,46.09
A128V,0.2987837791442871,45.12
A128W,-3.281583786010742,45.48
A128Y,-1.0723261833190918,44.92
A128E,-1.0482103824615479,47.12
A128S,-0.7954971790313721,47.12
N129F,-0.7115557193756104,42.84
N129G,2.6657352447509766,42.24
N129V,1.2046144008636475,40.14
N129T,1.2100012302398682,43.7
N129R,-0.3219764232635498,44.29
N129Q,-0.674431562423706,46.81
N129P,-0.4874989986419678,48.21
N129M,-1.029278039932251,42.7
N129C,-1.044757604598999,44.51
N129W,-3.5222690105438232,45.45
N129Y,-0.36952757835388184,43.66
N129K,0.5045380592346191,42.52
V130Q,-3.5502052307128906,43.28
V130A,-0.13599896430969238,41.21
V130S,-1.8613547086715698,41.98
V130F,-1.6262019872665405,42.7
V130C,-3.0011210441589355,44.69
V130M,-2.2743844985961914,43.38
V130N,-3.1883111000061035,46.33
V130P,-3.006908893585205,44.86
V130I,-0.30764245986938477,46.16
V130L,-0.6428178548812866,44.64
V131C,-3.5154569149017334,43.3
V131A,-0.5531198978424072,40.54
V131I,-0.11049532890319824,48.68
V131L,-0.16143012046813965,44.0
V131M,-1.7652244567871094,41.9
V131T,-1.4099993705749512,40.7
T132S,0.24511933326721191,44.45
T132M,-1.1022417545318604,47.23
T132V,0.49857378005981445,46.24
T132L,0.17160940170288086,49.03
T132I,-0.08268332481384277,49.02
T132H,-2.761154890060425,43.37
T132G,1.244264841079712,44.77
T132F,-0.29622340202331543,46.95
T132D,-1.063204288482666,47.38
T132C,-1.4918301105499268,44.78
T132A,1.4866869449615479,43.21
L133A,0.1666712760925293,42.13
L133C,-2.477412700653076,42.54
L133F,-0.3732306957244873,43.01
L133I,0.15261316299438477,48.02
L133M,-1.0431113243103027,44.98
G134A,0.11525321006774902,47.64
G134C,-1.9559884071350098,42.68
G134M,-1.3031272888183594,49.56
G135Y,-1.3128390312194824,48.05
G135A,0.03997159004211426,46.66
G135M,-1.6315538883209229,54.12
A136G,0.3017638921737671,44.25
A136F,-0.7334678173065186,46.56
A136V,-0.4037160873413086,48.19
A136S,-0.055409908294677734,46.42
A136T,-0.40998268127441406,46.5
N137V,-0.800203800201416,41.16
N137L,-0.7378268241882324,44.38
N137T,0.008897066116333008,45.27
N137R,-1.4476540088653564,50.91
N137P,-0.06421113014221191,48.42
N137M,-1.492542028427124,40.68
N137K,-1.0580241680145264,43.3
N137I,-1.157439947128296,44.6
N137D,-0.10307645797729492,43.65
R138G,1.5122618675231934,47.24
R138C,-0.28400611877441406,45.62
R138H,-0.2657470703125,46.1
R138I,1.0772740840911865,44.18
R138K,0.009169578552246094,46.63
R138L,1.3772728443145752,46.79
R138S,1.7790122032165527,45.75
R138E,-0.12935733795166016,42.65
R138T,1.5598595142364502,45.93
R138W,-0.46347999572753906,44.61
R138Y,1.0641288757324219,44.05
R138D,0.7392773628234863,41.64
L139W,-1.5134329795837402,45.27
L139Y,-0.38002777099609375,48.2
L139V,-0.28473448753356934,48.73
L139G,0.02427983283996582,45.5
L139P,-0.4815182685852051,45.32
L139T,-0.2903101444244385,46.78
L139K,-1.0816950798034668,46.81
L139S,-0.2785370349884033,46.4
L139R,-1.6044306755065918,45.85
L139Q,-1.317854642868042,45.33
L139I,-0.3407773971557617,49.05
T140M,-0.8505363464355469,45.37
T140K,-0.49312400817871094,40.9
T140S,0.18039631843566895,46.54
T140V,0.11405539512634277,47.36
T140F,-0.35622549057006836,45.57
T140Y,-0.10632610321044922,43.83
T140I,0.11006331443786621,43.93
T140D,-0.06596970558166504,42.06
T140E,-0.30553293228149414,46.27
T140W,-1.327657699584961,40.86
T140L,0.47756528854370117,45.79
T140H,-1.3348808288574219,42.43
T140G,0.26898813247680664,43.38
T141S,-0.004530429840087891,48.07
T141A,0.5752215385437012,46.68
T141D,0.1651904582977295,47.4
T141E,-0.4608488082885742,47.09
T141F,0.0037641525268554688,45.2
T141G,0.4094662666320801,45.01
T141I,0.041745901107788086,46.21
T141M,-0.96097731590271,43.33
T141N,-0.19673919677734375,44.96
T141Q,-0.9606850147247314,43.0
T141V,0.09856128692626953,46.63
T141Y,-0.23175716400146484,45.5
G142H,-1.9926941394805908,48.83
G142F,-0.2639656066894531,46.97
G142E,-0.7751917839050293,48.61
G142I,0.30490803718566895,45.63
G142C,-1.9737865924835205,47.95
G142A,0.42397332191467285,48.0
G142K,-1.1139650344848633,47.14
G142D,-0.6119821071624756,49.46
G142M,-0.7660138607025146,46.4
G142Q,-1.14322829246521,47.34
G142P,-0.6622645854949951,48.06
G142R,-1.4705760478973389,47.54
G142S,-0.4445326328277588,49.05
G142T,-0.4465205669403076,47.8
G142V,0.21959209442138672,46.72
G142W,-1.4427759647369385,46.35
G142Y,-0.3828144073486328,46.64
G142N,-0.7541913986206055,49.58
K143V,0.049550771713256836,48.69
K143T,0.20489811897277832,48.79
K143S,0.1592540740966797,47.75
K143M,-0.8651599884033203,48.73
K143R,-0.8055124282836914,48.53
K143Q,-0.4221324920654297,48.25
K143N,0.1168670654296875,46.43
K143L,0.2164134979248047,49.57
K143C,-2.3648386001586914,49.06
K143H,-1.4828453063964844,47.5
K143G,0.36023664474487305,45.49
K143F,-0.4707603454589844,47.48
K143E,-0.464017391204834,47.77
K143D,-0.20270586013793945,46.83
K143W,-1.8711347579956055,46.82
K143A,0.44937634468078613,47.78
K143I,-0.07368707656860352,48.82
K143Y,-0.438046932220459,47.76
A144V,-0.0807192325592041,45.06
A144T,0.06000518798828125,45.11
A144S,-0.25786590576171875,43.95
A144R,-1.2905523777008057,45.73
A144L,-0.0182344913482666,46.44
A144I,-0.1944715976715088,41.79
A144H,-1.805955171585083,41.25
A144W,-1.9445993900299072,42.0
A144G,-0.35138392448425293,43.68
A144C,-3.5490591526031494,44.77
L145I,-0.37066352367401123,47.81
L145F,-0.8559406995773315,46.34
L145D,-1.789467692375183,46.27
L145C,-4.144323348999023,46.88
L145A,-0.6251438856124878,46.12
L145K,-1.292672038078308,42.4
L145M,-1.6226767301559448,46.33
L145S,-1.3924092054367065,45.14
L145W,-2.5827980041503906,47.39
L145T,-1.098476767539978,45.29
L145H,-2.8499507904052734,48.08
L145R,-2.180727958679199,42.73
L145Q,-1.807580828666687,46.67
L145Y,-1.0784538984298706,47.26
L145P,-1.5605415105819702,49.82
L145N,-1.3232680559158325,45.5
P146V,0.48937058448791504,46.95
P146S,0.7070016860961914,46.09
P146R,-0.1882462501525879,47.92
P146Q,-0.04366040229797363,45.76
P146N,0.23352575302124023,45.18
P146M,-0.28638505935668945,45.16
P146L,1.1389427185058594,45.68
P146K,0.33353590965270996,47.06
P146W,-2.1003317832946777,44.73
P146F,0.16377592086791992,44.26
P146E,-0.0817263126373291,47.14
P146C,-2.056884765625,45.62
P146G,0.4124178886413574,45.67
P146T,0.47742319107055664,46.44
P146Y,-0.011939525604248047,45.42
G147F,-0.10239601135253906,41.13
G147H,-1.918281078338623,41.34
G147Y,-0.4473578929901123,43.51
G147V,0.16541719436645508,43.95
G147S,-0.27356386184692383,42.39
G147K,0.10345959663391113,42.85
G147I,0.10826897621154785,41.86
G147D,-0.46791839599609375,40.2
G147A,0.2642021179199219,40.06
G147N,-0.22870135307312012,40.42
T148A,0.20007920265197754,46.43
T148C,-2.5079517364501953,46.52
T148D,-1.0814824104309082,47.98
T148F,0.5039143562316895,45.56
T148G,-0.5229043960571289,46.34
T148H,-2.1228079795837402,46.57
T148I,1.1824482679367065,46.62
T148L,1.2961561679840088,46.8
T148M,-0.5332074165344238,46.06
T148N,-0.6793522834777832,47.51
T148R,-1.3665547370910645,45.18
T148S,-0.49648571014404297,48.1
T148W,-1.744001865386963,46.39
T148Y,0.12666654586791992,45.84
T148Q,-1.2241201400756836,46.05
T148K,-0.1872701644897461,45.29
T148P,-1.166283130645752,45.06
D149S,-0.6052093505859375,44.21
D149W,-2.9997196197509766,44.25
D149A,-0.6042449474334717,44.85
D149E,-1.5577239990234375,45.18
D149F,-1.0522546768188477,43.8
D149G,-1.0459275245666504,42.23
D149H,-2.0884604454040527,43.24
D149I,-0.7242543697357178,42.53
D149Y,-1.0986180305480957,42.97
D149L,-0.31430625915527344,41.52
D149P,-1.142301082611084,41.38
D149Q,-1.4579229354858398,43.42
D149R,-1.8125286102294922,41.65
D149T,-0.31291699409484863,43.45
D149V,-0.6914079189300537,43.15
D149N,-0.14647150039672852,43.61
D149C,-3.6763782501220703,44.6
P150R,-1.7267835140228271,46.61
P150S,-1.1419446468353271,46.67
P150T,-1.205758810043335,46.86
P150A,-0.11184573173522949,46.74
P150C,-3.7183425426483154,45.83
P150D,-1.2885262966156006,46.36
P150E,-0.6982407569885254,46.68
P150G,-1.0810706615447998,46.16
P150H,-2.908860445022583,46.42
P150I,-1.1715590953826904,45.72
P150K,-0.38555049896240234,47.08
P150L,-0.8373918533325195,46.66
P150M,-2.6127612590789795,46.81
P150Q,-1.4672503471374512,46.23
P150Y,-2.203638792037964,46.02
P150F,-1.8374660015106201,46.0
P150V,-0.9276299476623535,47.12
P150W,-3.5554678440093994,45.44
N151V,-0.5174319744110107,45.63
N151T,-0.15482592582702637,48.19
N151S,-0.028725624084472656,47.82
N151R,-0.4502129554748535,49.07
N151Q,-0.1606760025024414,48.49
N151A,0.3137526512145996,48.28
N151C,-3.867910861968994,50.19
N151D,-0.19527769088745117,47.64
N151P,-1.8308324813842773,44.99
N151F,-1.298231840133667,46.81
N151G,0.06053495407104492,47.04
N151H,-1.9337153434753418,48.09
N151I,-0.966972827911377,46.98
N151K,0.8934426307678223,47.2
N151L,-0.5098483562469482,48.97
N151M,-1.9852218627929688,45.08
N151E,-0.15465474128723145,47.83
Q152S,0.2903103828430176,47.6
Q152R,-0.3275129795074463,48.11
Q152D,0.41040849685668945,46.6
Q152M,-1.1589758396148682,47.41
Q152L,0.17143988609313965,46.1
Q152I,-0.3167917728424072,45.98
Q152H,-1.2841770648956299,48.19
Q152E,-0.14618897438049316,47.32
Q152C,-2.3354647159576416,48.2
Q152A,0.6940245628356934,48.42
Q152T,0.3373451232910156,46.97
Q152N,0.4823629856109619,48.24
Q152V,0.20780110359191895,46.39
Q152G,1.1837495565414429,46.83
Q152Y,-0.6730115413665771,46.83
Q152W,-2.3849875926971436,48.92
K153P,0.02701115608215332,47.69
K153A,-0.34452104568481445,46.37
K153W,-3.3015613555908203,42.66
K153I,-1.0655736923217773,45.56
K153H,-2.037128448486328,45.07
K153D,-0.18172597885131836,44.44
K153E,-0.7863376140594482,44.53
K153Q,-0.552314281463623,45.67
K153G,-0.46515989303588867,44.33
K153L,-1.0697591304779053,44.77
K153N,-0.18503904342651367,45.28
K153V,-0.48481297492980957,45.71
K153T,-0.27257633209228516,45.54
K153S,-0.5907940864562988,45.96
K153R,-0.7194051742553711,47.1
K153F,-2.0022993087768555,43.61
K153Y,-1.7798080444335938,43.34
I154F,-0.7628834247589111,44.79
I154M,-0.7833387851715088,41.09
I154T,0.6713793277740479,41.45
I154V,0.29778194427490234,44.65
I154W,-1.6086838245391846,50.38
I154C,-2.209696054458618,40.67
L155I,-0.15705513954162598,44.4
L155M,-1.609339714050293,47.14
L155N,-0.25513124465942383,44.4
L155P,0.06922531127929688,41.18
L155A,0.2520937919616699,44.87
L155R,-0.5876166820526123,46.81
L155S,-0.03426194190979004,43.01
L155H,-1.7031044960021973,43.39
L155T,-0.024814128875732422,45.33
L155W,-2.035752773284912,43.29
L155Y,-0.6865744590759277,45.67
L155K,-0.2906064987182617,48.1
L155G,0.2533581256866455,42.33
L155E,-0.7372164726257324,44.43
L155C,-2.555459976196289,44.08
L155V,0.10666704177856445,45.64
L155Q,-0.8748259544372559,46.33
Y156H,-0.852522611618042,42.03
Y156S,1.1612112522125244,42.88
Y156Q,0.42032337188720703,43.31
Y156M,-0.0884864330291748,42.48
Y156T,0.9198877811431885,42.34
Y156V,1.0495893955230713,41.27
Y156W,-1.0922906398773193,47.24
Y156L,1.0998566150665283,40.65
Y156I,0.6731441020965576,42.09
Y156F,0.4106743335723877,45.1
T157Y,-0.9430925846099854,45.43
T157V,-0.6685178279876709,45.66
T157L,-0.4409196376800537,48.22
T157K,-0.3479001522064209,41.7
T157I,-1.142449140548706,46.04
T157F,-0.9700210094451904,44.98
T157C,-2.302734851837158,49.37
S158Q,-0.5989391803741455,42.33
S158N,0.0716710090637207,49.89
S158M,-2.1921420097351074,44.02
S158L,-1.288867473602295,40.07
S158I,-2.0545358657836914,41.98
S158C,-2.965364456176758,48.38
S158G,0.6143274307250977,41.76
S158E,-0.4062659740447998,44.33
S158D,0.48833537101745605,42.36
S158T,-0.42765188217163086,45.23
S158H,-1.4997167587280273,41.58
S158V,-1.466392993927002,44.08
I159A,1.1394174098968506,41.52
I159L,0.5513231754302979,44.43
I159F,-0.1642458438873291,44.88
I159C,-1.3394849300384521,42.26
I159E,0.5604689121246338,43.06
I159V,0.3327925205230713,48.01
I159T,1.1675493717193604,41.04
Y160I,0.20308542251586914,43.12
Y160W,-1.1544065475463867,42.83
Y160V,0.5855004787445068,41.61
Y160T,1.3332276344299316,43.9
Y160S,1.8198349475860596,42.72
Y160Q,0.657346248626709,40.64
Y160M,-0.28418445587158203,46.43
Y160F,0.06126880645751953,48.15
Y160C,-1.2605834007263184,43.76
Y160A,1.4556288719177246,44.02
S161C,-3.9828829765319824,45.56
S161A,-0.6346006393432617,43.58
S161K,-0.34436511993408203,46.52
S161R,-0.9810771942138672,45.71
S161D,0.2797071933746338,46.83
S161V,-2.355410575866699,41.4
S161T,-0.5548129081726074,46.6
S161N,0.06990337371826172,40.51
S161G,0.3374142646789551,44.72
S162P,0.4364187717437744,45.53
S162W,-2.8774375915527344,42.48
S162K,-0.07547616958618164,44.49
S162Y,-1.1719107627868652,44.22
S162H,-1.495591163635254,42.65
S162G,0.2488107681274414,43.33
S162F,-1.279217004776001,43.36
S162E,-0.3712468147277832,46.5
S162D,0.21036720275878906,50.75
S162C,-2.7908897399902344,45.31
S162L,-0.48576998710632324,44.88
S162A,0.051828861236572266,46.63
S162N,-0.11115813255310059,46.56
S162Q,-0.436464786529541,45.86
S162R,-0.7144451141357422,45.27
S162T,-0.20956826210021973,48.82
S162V,-0.7539734840393066,45.99
S162M,-1.4409866333007812,44.29
A163E,-0.5094330310821533,48.29
A163D,0.18916893005371094,50.67
A163C,-2.938826560974121,44.4
A163F,-1.34651517868042,44.6
A163I,-1.2157011032104492,44.55
A163H,-1.6847171783447266,47.16
A163K,-0.2805449962615967,45.72
A163L,-0.581132173538208,44.85
A163M,-1.3731622695922852,42.85
A163N,-0.1051030158996582,47.79
A163P,0.17072343826293945,46.32
A163Q,-0.7392826080322266,47.8
A163R,-0.8450908660888672,45.16
A163S,0.023906707763671875,49.14
A163T,-0.2935061454772949,47.54
A163W,-2.6350860595703125,45.64
A163Y,-1.1600151062011719,46.02
A163G,0.20259928703308105,47.92
A163V,-0.8686962127685547,49.3
M165S,1.730233907699585,50.13
M165K,1.7885913848876953,50.4
M165D,1.762993335723877,52.44
M165E,1.4612746238708496,53.96
M165G,1.5869054794311523,49.56
M165H,-0.24686241149902344,48.52
M165L,0.9035587310791016,48.03
M165C,-1.6556496620178223,49.59
M165P,1.7268543243408203,48.92
M165R,1.261115550994873,49.77
M165T,1.5228075981140137,50.94
M165V,1.0153894424438477,47.89
M165W,-0.9705595970153809,49.46
M165A,1.818955898284912,49.7
M165Q,1.5771126747131348,50.78
I166D,1.1908633708953857,50.2
I166E,1.0890350341796875,50.82
I166C,-2.6071994304656982,50.87
I166Y,-0.6505181789398193,48.88
I166F,-0.7357966899871826,47.75
I166W,-2.35547137260437,45.91
I166A,1.5423922538757324,47.5
I166G,0.9302260875701904,46.27
I166M,-0.22401690483093262,48.06
I166K,1.4706809520721436,50.48
I166L,0.33546948432922363,47.19
I166V,0.5963284969329834,49.79
I166N,0.8533885478973389,48.63
I166P,0.7613799571990967,43.94
I166Q,0.8017873764038086,49.33
I166T,0.7159183025360107,49.61
I166H,-0.8251464366912842,49.69
I166S,1.0168817043304443,48.46
V167M,-0.7620658874511719,46.62
V167G,-0.14905548095703125,44.48
V167I,-0.7277226448059082,47.63
V167E,-0.8604598045349121,46.36
V167A,0.8376873731613159,43.08
V167S,-0.24453067779541016,47.67
V167L,-0.05832409858703613,42.85
V167T,-0.3112940788269043,48.58
V167H,-1.8499932289123535,48.3
V167Q,-0.678978443145752,44.42
M168Y,-0.038789987564086914,47.61
M168W,-1.2308945655822754,46.92
M168V,0.41525936126708984,47.6
M168Q,1.0670585632324219,50.35
M168P,0.41117382049560547,55.98
M168T,0.6953656673431396,48.92
M168S,1.1716995239257812,51.6
M168I,-0.10962200164794922,46.2
M168K,1.4113669395446777,50.14
M168R,0.9854989051818848,48.92
M168C,-1.8162841796875,51.02
M168D,1.20021653175354,53.25
M168E,1.0758106708526611,51.63
M168F,-0.16728544235229492,47.29
M168G,1.0350708961486816,50.22
M168H,-0.4419097900390625,50.49
M168L,0.7770936489105225,47.87
M168N,1.1227338314056396,51.34
M168A,1.4878535270690918,48.69
N169T,-1.5048706531524658,44.13
N169S,-0.5437285900115967,44.98
N169R,-0.7738702297210693,43.34
N169Q,-0.5146102905273438,44.37
N169P,0.06673359870910645,48.56
N169L,-2.419628381729126,41.93
N169K,-0.4567604064941406,43.56
N169C,-4.623661994934082,46.12
N169G,-0.6695222854614258,45.35
N169E,-0.2723367214202881,46.25
N169D,0.45758056640625,45.83
N169A,-0.8753859996795654,44.56
N169W,-4.100740432739258,43.21
N169Y,-2.472928285598755,43.46
N169H,-1.700697660446167,46.53
N169V,-3.1255228519439697,42.58
Y170R,0.3910953998565674,49.25
Y170Q,0.5789690017700195,49.55
Y170P,-0.3671152591705322,44.32
Y170M,-0.15736055374145508,46.39
Y170K,0.8840799331665039,47.07
Y170I,0.08613085746765137,46.73
Y170S,0.49355363845825195,50.7
Y170T,0.3218355178833008,49.2
Y170V,0.22792863845825195,47.66
Y170W,-1.6288738250732422,49.66
Y170A,1.1054892539978027,49.27
Y170C,-1.948904037475586,51.53
Y170D,0.7092506885528564,50.32
Y170F,-0.45667076110839844,47.67
Y170G,0.3963479995727539,48.76
Y170H,-0.4469141960144043,50.8
L171N,-1.5756728649139404,48.22
L171S,-1.5522527694702148,45.22
L171Y,-1.6870167255401611,47.86
L171F,-1.3356125354766846,45.66
L171T,-1.7927210330963135,47.33
L171V,-0.8136458396911621,48.49
L171M,-1.3411483764648438,43.55
L171I,-0.7012388706207275,46.36
L171G,-1.5928080081939697,42.85
L171W,-2.935892343521118,46.61
L171E,-2.3333065509796143,47.16
L171D,-1.9243474006652832,47.95
L171A,-0.6496293544769287,44.68
S172A,0.27185535430908203,43.09
R173I,-0.5546669960021973,48.77
R173D,0.4464297294616699,46.86
R173E,0.4256465435028076,49.95
R173Q,0.46089982986450195,50.59
R173N,0.3270556926727295,49.16
R173M,-0.695626974105835,51.1
R173K,0.9236810207366943,49.66
R173Y,-0.22507095336914062,49.82
R173H,-0.6527962684631348,49.62
R173G,0.3038923740386963,44.68
R173W,-1.8076627254486084,46.84
R173V,-0.20056748390197754,49.16
R173T,0.0039975643157958984,48.12
R173S,0.43352484703063965,48.52
L174V,-0.7744672298431396,45.27
L174M,-1.0684905052185059,45.0
L174C,-2.997708797454834,43.18
L174E,-0.8291540145874023,44.95
D175Y,0.3530440330505371,44.25
D175N,0.21253609657287598,44.39
D175W,-2.0397801399230957,44.23
D175Q,-0.3210468292236328,45.03
D175R,-1.1733832359313965,44.77
D175M,-0.2057638168334961,43.27
D175L,0.9484834671020508,43.32
D175K,0.09825754165649414,45.1
D175I,-0.05764150619506836,44.14
D175H,-0.8138909339904785,44.89
D175F,0.2771186828613281,43.03
D175E,-0.026037216186523438,48.58
D175C,-0.9715127944946289,46.35
D175S,0.7698285579681396,46.3
D175T,0.7494218349456787,45.7
D175V,0.021766185760498047,44.98
D175G,-0.2537529468536377,43.63
G176E,-0.955296516418457,40.89
G176F,-1.213796854019165,41.03
G176D,-0.5883903503417969,42.15
G176T,-0.9869775772094727,42.81
G176N,-0.5349268913269043,43.45
G176Y,-1.380223035812378,43.06
A177V,0.6754016876220703,41.29
A177S,-0.1635129451751709,43.95
A177G,-0.0016329288482666016,46.8
A177F,-0.5581529140472412,45.15
A177C,-2.6076395511627197,43.46
R178F,-1.3336231708526611,45.23
R178H,-1.0650417804718018,46.14
R178A,0.6542704105377197,45.72
R178D,0.584723711013794,43.65
R178C,-2.7142789363861084,45.63
R178E,0.6332681179046631,44.05
R178K,1.8372565507888794,49.6
R178I,-1.0325696468353271,43.4
R178M,-1.8158791065216064,46.36
R178W,-2.5606272220611572,46.18
R178Y,-0.611579179763794,45.8
R178L,-0.9210069179534912,47.71
R178V,-0.6221778392791748,44.16
R178T,0.2714197635650635,45.26
R178N,0.32866930961608887,47.42
R178Q,0.294109582901001,44.37
R178S,0.5839684009552002,45.16
N179C,-2.681011438369751,49.53
N179A,-0.13382506370544434,50.25
N179V,0.7787063121795654,40.99
N179E,-0.6460757255554199,41.18
V180A,-0.7411975860595703,45.04
V180C,-3.336394786834717,46.34
V180D,-1.6347498893737793,44.1
V180E,-1.9635844230651855,47.07
V180H,-2.8416996002197266,44.28
V180I,-0.0943678617477417,49.18
V180K,-1.3856174945831299,44.59
V180N,-1.486274242401123,44.52
V180Q,-1.9581828117370605,46.03
V180S,-1.4297184944152832,43.66
V180T,-1.2824444770812988,45.51
V180Y,-1.381218671798706,44.85
V180F,-1.2110638618469238,45.01
V180L,-0.31075239181518555,46.98
V180M,-1.6724846363067627,46.52
Q181N,0.04696178436279297,46.09
Q181V,2.202483654022217,46.7
Q181T,0.9651453495025635,45.15
Q181S,0.7543966770172119,45.11
Q181R,0.30286693572998047,45.19
Q181P,-0.6682612895965576,45.51
Q181M,0.6228158473968506,46.53
Q181L,1.8354558944702148,48.67
Q181K,0.5954797267913818,46.66
Q181I,1.9755232334136963,47.48
Q181W,-0.48711228370666504,45.94
Q181H,-0.4263584613800049,44.9
Q181Y,0.6879527568817139,44.76
Q181F,1.057304859161377,47.52
Q181A,1.3625915050506592,46.01
Q181C,-1.3065035343170166,46.59
Q181D,0.12034893035888672,44.46
Q181G,0.691450834274292,46.81
Q181E,0.20418620109558105,49.33
I182F,-0.9898045063018799,42.41
I182K,-1.764918327331543,41.13
I182L,-0.1971127986907959,47.49
I182M,-1.5099167823791504,44.64
I182C,-2.7286369800567627,43.19
I182V,0.14562273025512695,47.62
I182P,-1.7408201694488525,41.02
I182T,-1.1678917407989502,41.75
I182W,-2.862443208694458,45.37
H183K,0.7482831478118896,45.73
H183Y,1.0781121253967285,45.45
H183W,-0.48518848419189453,45.6
H183V,2.467254161834717,46.09
H183T,1.464296817779541,47.4
H183S,1.3979823589324951,48.11
H183Q,0.485443115234375,47.22
H183P,0.2889378070831299,46.63
H183N,0.8389968872070312,47.9
H183A,1.8221523761749268,47.06
H183C,-0.3057708740234375,47.07
H183D,0.9484274387359619,49.15
H183F,1.5013384819030762,44.57
H183G,1.5089390277862549,46.59
H183L,1.946671962738037,44.41
H183I,2.188292980194092,45.57
H183M,0.748321533203125,45.26
H183E,0.7438812255859375,48.31
G184C,-3.555513381958008,47.42
G184D,-0.9448508024215698,48.25
G184L,-1.925282597541809,45.31
G184M,-2.8414430618286133,45.59
G184N,-1.3000036478042603,48.62
G184R,-2.186727523803711,45.83
G184S,-0.8390060663223267,46.07
G184T,-1.3043724298477173,46.46
G184V,-1.7929483652114868,43.59
G184W,-3.7995662689208984,44.52
G184Y,-2.3001036643981934,45.38
G184I,-2.3372902870178223,44.0
G184H,-2.6469569206237793,47.32
G184F,-2.3615732192993164,45.18
G184E,-0.8043256998062134,47.45
G184A,-0.9384604692459106,45.58
G184K,-2.047201156616211,46.72
V185D,0.9641087055206299,46.43
V185E,-0.05158376693725586,46.77
V185L,-0.3987870216369629,45.74
V185H,-0.4389610290527344,44.17
V185I,-0.29535627365112305,47.62
V185C,-1.7452750205993652,45.33
V185M,-0.5404882431030273,45.25
V185N,0.6806344985961914,42.7
V185P,-0.06241130828857422,45.5
V185Q,-0.006409645080566406,45.4
V185R,-0.22248315811157227,42.85
V185S,1.5630369186401367,44.43
V185T,0.839378833770752,46.53
V185W,-1.83650541305542,42.75
V185Y,0.47849130630493164,44.42
V185F,-0.21083831787109375,43.73
V185A,1.5390663146972656,45.44
V185K,0.04197406768798828,44.61
G186D,-1.3204739093780518,52.82
G186L,-3.130147933959961,44.29
G186K,-2.3046810626983643,46.24
G186H,-2.8213911056518555,48.53
G186N,-1.4590997695922852,48.45
G186Y,-2.7173099517822266,42.93
G186W,-4.113455772399902,44.61
G186T,-1.766568899154663,50.12
G186M,-3.625847816467285,45.55
G186C,-4.246800422668457,48.08
G186E,-1.9352617263793945,49.28
G186F,-3.2090368270874023,41.66
G186A,-1.5608415603637695,48.5
G186S,-1.056664228439331,51.26
G186R,-2.627397298812866,46.52
G186Q,-2.37030029296875,46.5
G186P,-1.9649763107299805,48.31
I188T,1.171250343322754,48.97
I188K,0.37145185470581055,48.78
I188L,0.3968641757965088,48.4
I188N,1.4714858531951904,50.4
I188V,0.3421914577484131,47.91
I188P,0.9664485454559326,47.21
I188G,1.985074520111084,47.02
I188R,0.07156825065612793,47.1
I188S,1.6542694568634033,50.28
I188M,-0.1907193660736084,51.9
I188Q,0.5279104709625244,50.65
I188F,0.16543102264404297,50.8
I188A,1.2518532276153564,47.37
I188C,-1.4213898181915283,51.57
G189M,-2.9819188117980957,45.11
G189L,-2.3857269287109375,43.91
G189H,-1.826584815979004,46.29
G189E,-1.3367295265197754,51.13
G189Y,-2.0906319618225098,44.9
G189W,-3.3362903594970703,44.51
G189K,-1.280569076538086,44.81
G189T,-1.1954691410064697,46.22
G189N,-0.23470163345336914,46.33
G189D,-0.10590243339538574,50.17
G189C,-3.6405158042907715,48.33
G189P,-0.05751776695251465,46.1
G189Q,-1.388218879699707,48.81
G189R,-1.6945486068725586,45.27
G189S,-0.31424713134765625,46.6
G189A,-0.8586935997009277,47.15
L190G,1.7469199895858765,45.69
L190K,0.4545936584472656,50.89
L190M,-0.6122932434082031,49.95
L190V,0.019030094146728516,42.95
L190Y,-0.058998823165893555,43.91
L190I,-0.5004572868347168,45.77
L191A,0.8950674533843994,41.36
L191C,-2.028881072998047,43.07
L191I,-0.42178869247436523,42.47
L191T,0.6151936054229736,40.3
L191M,-0.658421516418457,46.98
Y192D,1.92280912399292,46.36
Y192M,-0.49756622314453125,47.31
Y192N,1.8529157638549805,49.63
Y192P,1.4262194633483887,42.77
Y192Q,0.13161039352416992,48.35
Y192R,-0.32438182830810547,45.62
Y192S,2.4942569732666016,48.53
Y192T,2.406094789505005,48.46
Y192V,0.3312559127807617,49.68
Y192W,-1.545494556427002,49.51
Y192I,0.0032320022583007812,46.39
Y192H,-0.6449155807495117,49.91
Y192G,1.4648008346557617,48.64
Y192F,-0.15874958038330078,48.57
Y192E,0.21195554733276367,48.79
Y192K,0.11346101760864258,49.28
Y192C,-1.632901668548584,49.22
Y192A,1.1854982376098633,47.87
Y192L,0.48405003547668457,46.33
S193W,-2.3241562843322754,41.54
S193C,-2.8593897819519043,47.61
S193D,-0.08402872085571289,49.72
S193E,-0.5805699825286865,46.13
S193F,-1.2862005233764648,43.72
S193G,0.07724189758300781,42.26
S193H,-1.4574222564697266,47.92
S193I,-1.2301044464111328,44.34
S193K,-0.5419304370880127,42.76
S193N,-0.18148064613342285,50.24
S193T,-0.4284954071044922,44.71
S193V,-0.8596067428588867,42.51
S193A,0.24072623252868652,46.79
S193Y,-1.0478315353393555,43.72
S194T,-0.7584903240203857,47.55
S194K,0.2150735855102539,46.61
S194I,-2.165253162384033,45.36
S194R,-0.8327054977416992,46.34
S194H,-1.6876697540283203,48.36
S194G,-0.2535512447357178,48.29
S194L,-1.2927680015563965,46.5
S194M,-2.277146339416504,46.78
S194N,0.056519508361816406,49.56
S194F,-2.392855644226074,47.65
S194Q,-0.053431034088134766,47.65
S194E,0.2510080337524414,49.56
S194D,0.5668454170227051,49.55
S194C,-3.7391228675842285,47.45
S194A,-0.045722007751464844,48.59
S194W,-3.176353931427002,47.65
S194V,-1.8116888999938965,44.9
S194P,0.11812043190002441,48.28
Q195H,-1.307633399963379,47.74
Q195A,0.619013786315918,47.11
Q195C,-2.7462158203125,47.36
Q195D,0.27819132804870605,47.22
Q195E,0.2355024814605713,49.51
Q195F,-0.47364091873168945,46.69
Q195G,-0.05330991744995117,45.48
Q195I,-0.19266748428344727,47.88
Q195S,-0.16711211204528809,46.13
Q195L,0.31664228439331055,46.29
Q195M,-0.7096636295318604,46.96
Q195N,-0.2137148380279541,45.66
Q195P,-1.058891773223877,44.98
Q195R,-0.7686607837677002,46.93
Q195T,0.01824331283569336,48.09
Q195V,0.022791385650634766,48.52
Q195W,-1.9096565246582031,45.19
Q195Y,-0.5499358177185059,47.37
Q195K,-0.4313216209411621,47.53
V196C,-3.4633049964904785,45.65
V196F,-0.7112829685211182,44.07
V196A,-0.520188570022583,45.87
V196I,0.2939417362213135,45.09
V196K,-1.7426185607910156,45.57
V196L,0.41301095485687256,44.02
V196M,-0.954892635345459,40.92
V196S,-1.6139025688171387,42.43
V196T,-1.070101261138916,44.33
V196G,-1.2605071067810059,41.02
N197Y,-0.03763246536254883,50.28
N197W,-1.844167709350586,49.63
N197V,0.8742494583129883,44.12
N197S,0.013485193252563477,44.26
N197R,-0.20638275146484375,45.91
N197Q,-0.08040094375610352,46.83
N197P,-1.364647388458252,41.04
N197M,-0.26450181007385254,49.69
N197T,0.1050262451171875,45.05
N197K,0.11249017715454102,46.57
N197L,0.966299295425415,47.57
N197A,0.8984889984130859,46.2
N197C,-2.4368176460266113,46.6
N197D,-0.05646705627441406,45.02
N197H,-1.260004997253418,50.28
N197F,-0.24134063720703125,49.37
N197G,-0.40042805671691895,45.07
N197I,0.8014445304870605,43.28
N197E,0.0680081844329834,45.43
S198G,-0.5955207347869873,43.93
S198H,-1.8303020000457764,44.59
S198I,-2.115769147872925,43.9
S198K,0.20548439025878906,44.26
S198L,-1.201573133468628,43.76
S198M,-2.201284170150757,44.51
S198N,0.08271169662475586,44.79
S198Q,0.06706070899963379,46.2
S198R,-0.3660585880279541,44.02
S198T,-0.37778353691101074,44.29
S198V,-1.6532604694366455,42.99
S198C,-4.075068473815918,45.11
S198D,0.47974658012390137,46.15
S198Y,-1.4785068035125732,43.73
S198W,-2.529489278793335,47.0
S198P,-1.5091397762298584,43.25
S198A,0.6173305511474609,45.4
S198F,-2.2570149898529053,43.59
S198E,0.13106417655944824,46.76
L199V,-1.010852336883545,46.4
L199S,-2.6450462341308594,43.34
L199R,-2.33769154548645,44.15
L199Q,-2.6260228157043457,45.07
L199N,-3.2396435737609863,43.2
L199M,-1.5261929035186768,47.17
L199K,-2.124067544937134,44.3
L199T,-2.4284756183624268,44.05
L199I,-0.7350330352783203,45.62
L199G,-2.6918768882751465,42.32
L199F,-0.9713048934936523,46.56
L199D,-3.5568957328796387,41.23
L199C,-4.34913969039917,45.2
L199A,-0.8216409683227539,44.57
L199W,-1.662468433380127,46.82
L199Y,-1.2561626434326172,47.91
L199H,-3.7701520919799805,45.22
I200A,-1.4972153902053833,40.74
I200T,-2.4056849479675293,42.23
I200M,-1.6532045602798462,44.71
I200F,-1.4024029970169067,47.2
I200C,-4.317479133605957,42.41
I200V,-0.34271931648254395,47.47
K201I,-0.4885902404785156,47.01
K201Y,-1.2666871547698975,47.32
K201W,-2.510988473892212,46.86
K201V,-0.4233705997467041,48.7
K201T,-0.578742265701294,46.5
K201R,-0.5213077068328857,47.77
K201Q,-0.4189023971557617,47.13
K201P,-2.2948668003082275,41.38
K201N,-0.2068326473236084,45.26
K201M,-1.5936229228973389,47.9
K201L,-0.41339898109436035,47.99
K201H,-2.0616800785064697,47.22
K201S,-0.40467047691345215,46.84
K201F,-1.6104567050933838,46.59
K201G,-1.0177326202392578,45.84
K201A,-0.004960775375366211,48.31
K201E,-0.6663177013397217,47.04
K201D,-0.6859819889068604,43.63
E202L,-0.1450941562652588,46.92
E202Y,-0.988795280456543,46.31
E202V,-0.9954569339752197,46.01
E202S,0.19743013381958008,46.68
E202R,-1.0833444595336914,46.14
E202N,-0.07236647605895996,46.39
E202M,-1.033078670501709,47.49
E202I,-0.8387722969055176,46.99
E202H,-1.6836285591125488,46.95
E202G,-0.4239833354949951,45.06
E202K,-0.4145379066467285,46.36
E202D,0.0965883731842041,48.18
E202C,-3.038696765899658,47.14
E202F,-1.2652316093444824,46.92
G203W,0.29461002349853516,45.29
G203V,1.465193510055542,43.72
G203T,0.30913352966308594,45.42
G203E,-1.0315985679626465,45.86
G203F,1.215986728668213,42.48
G203C,-0.8832483291625977,45.19
G203I,1.7590577602386475,40.36
G203M,0.9345459938049316,43.09
G203N,-0.35866880416870117,40.67
G203S,0.003673076629638672,47.6
G203Y,1.3628363609313965,43.87
G203H,-0.7959985733032227,42.91
G203A,1.7840687036514282,50.76
L204V,-0.4443633556365967,41.83
L204M,-1.3423686027526855,42.4
L204I,-0.1774911880493164,43.89
L204F,-0.8712170124053955,43.07
L204C,-2.9227042198181152,41.63
N205Q,-0.4846320152282715,49.64
N205C,-2.0289390087127686,49.3
N205D,-0.6280663013458252,42.43
N205S,0.3419301509857178,49.5
N205R,-0.41807055473327637,49.18
N205E,-0.8879847526550293,46.99
N205F,-0.2182157039642334,46.88
N205G,0.14421439170837402,47.44
N205H,-1.3158681392669678,47.26
N205V,0.005395650863647461,48.24
N205I,0.21455717086791992,48.98
N205K,0.331470251083374,48.61
N205L,0.48537468910217285,50.44
N205M,-1.273130178451538,50.63
N205A,0.38750767707824707,47.82
N205T,-0.016581296920776367,50.93
