mutant,evol_indices_seed_42
wt,-0.0
K35A:E38A,3.5753784
K74A:E75A:R77A,7.5950317
K35A:E38A:K74A:E75A:R77A,11.760498
E38A:K74A:E75A:R77A,11.128601
K35A:K74A:E75A:R77A,8.232727
K35A:E38A:E75A:R77A,9.328064
K35A:E38A:K74A:R77A,10.723907
K35A:E38A:K74A:E75A,7.8328247
E38A:E75A:R77A,8.4758
E38A:E75A,4.4568787
K35A:E75A:R77A,5.8642273
K35A:E75A,1.3776245
K74A,2.7234802
E75A,0.6665039
K74A:E75A:R77A:E80A:D82A,8.205078
E80A:D82A,0.62091064
E80A,0.90457153
D82A,-0.8268738
E75A:D82A,0.63098145
S34G:G36R:H43R,8.053619
D5A:K6A,4.0591736
K8A:K10A,5.271332
Y9A,3.2731323
D13A,2.59375
D14A,1.7320862
S16A,1.2057495
Y17A:F18A,8.16861
E19A:P20A,8.533447
T21A,0.67807007
P23A,2.9647522
Y24A,2.8294373
V27A,3.5514526
N28A,3.4319153
N28A:V29A,6.622711
T30A,4.3094482
V32A,4.394409
D33A:K35A,6.481079
S34A,1.347229
K35A,0.36209106
G36A,4.0072327
N37A,3.8284607
L39A:L40A,6.5762634
S41A:P42A,7.794342
H43A,3.3622437
H43A:Y44A,8.606628
V45A,2.282196
F47A,4.72818
I49A,4.2995605
K50A,2.1515503
T53A:T54A,3.8514404
T56A,4.3688965
K57A:E58A:K59A,9.112579
I60A,2.513855
E61A:E65A,5.2683105
Y62A:Y63A,1.6696472
Y63A,1.6166992
V64A,3.2344055
E65A,3.6038208
E65A:D69A,8.644409
W66A,3.3346863
L68A,5.6403503
Y73A,2.7625122
Y73A:K74A,5.189728
K74A,2.5042725
K74A:E75A:R77A,7.8301697
K74A:R77A,6.8564453
F76A,2.2218933
V78A:V79A,8.442749
L81A,3.5308228
D82A:S84A,1.0632019
S84A,1.7276917
K86A:E88A,9.006256
I87A,4.034363
V89A,3.5524292
T90A,3.15271
Y91A,4.127838
Y92A,2.2519226
D93A:K94A,7.211212
K94A:N95A:K97A,9.804077
N95A,0.041046143
K96A:K97A:K98A,9.89679
E99A,1.7339478
T101A,3.944275
K102A,3.1171875
S103A,1.1681519
F104A,3.8953552
I106A,5.8723755
T107A,5.7477417
E108A:K109A,5.173065
F111A,4.5849
V112A:V113A,6.615265
D115A:S117A,10.1008
D115A:E118A:H119A,12.721466
L116A:S117A,7.827301
H119A:K121A,8.574402
I120A,3.3246765
N122A,4.3320312
F125A,5.449585
N126V,1.8034363
L127A,5.2723694
I128A,2.7367554
T129A,2.7111511
K130A,1.9199829
V131A,6.3435974
V132A,4.4710083
I133A,5.326416
E134A:K135A:K136A,5.8015747
K135A,1.1496582
K136A,0.5367737
G36E,4.298401
G36K,4.1581726
G36L,3.3414001
G36N,3.6527405
G36Q,4.1968384
G36R,4.1298523
H43R,1.4118652
S34G:G36R,6.3166504
S34G:G36R:H43R:K74A,10.926544
S34G:G36R:K74A,9.457977
K35G:G36R:H43D,10.915253
G36R:K74A,7.293579
G36R:K74R,6.7073975
G36R:K74A:N95A,7.7199097
G36R:K74A:K135R,7.379883
G36R:K74R:K135R,6.9179993
K35E,0.8452759
K35Q,0.75357056
Y73F,2.3728333
Y73H,3.043457
Y73L,2.236969
Y73S,2.3079224
Y73W,4.7469788
K74E,1.0715027
K74N,-0.29644775
K74Q,1.4931946
K74R,2.446869
N95E,-0.15905762
N95G,2.5396423
N95K,1.1947021
K130T,3.2914734
V132L,3.6250305
V132T,3.4145508
V132N,1.5575256
V132R,4.8476562
K135F,1.5019226
K135R,0.12982178
K35A:K74A,2.6549377
Y73F:K74A,5.430725
I60A:K74A:N95A,5.799347
N95A:K135R,0.8814087
K130T:K135R,3.0993958
K130T:K135R,3.3563538
G36R:K130T:K135R,7.9368286
K74R:K130T:K135R,5.7663574
K74Q:K130T:K135R,5.294464
G36R:K74R:K130T:K135R,10.04422
G36R:K74Q:K130T:K135R,10.002075
G36R:H43R:K74R:K130T:K135R,11.590363
S34G:G36R:K74Q:K130T:K135R,13.11972
E65A:K74Q:K130T:K135R,8.352478
G36R:E65A:K74Q:K130T:K135R,12.834259
G36R:E65A:K74A:K130A:K135R,12.234222
E65A:A72S:K74Q:K130T:K135R,10.74585
E65Q:K74Q:K130T:K135R,5.0822754
K74Q:K86A:K130T:K135R,10.991852
E65Q:T71S:K74Q:K130T:K135R,5.425537
E65Q:K74Q:E75A:K130T:K135R,6.134247
E65Q:K74Q:E75D:K130T:K135R,7.0030518
K74Q:K130A:K135R,3.9962769
E65Q:K74Q:K130A:K135R,3.790802
K74Q:K130E:K135R,4.7773743
E65Q:K74Q:K130A:K135R,3.420807
K74Q:K130E:V132R:K135R,10.2724
E65Q:K74Q:T90A:K130A:K135R,6.0003357
E65Q:K74Q:N95A:K130A:K135R,4.19989
E65Q:K74Q:E118A:K130A:K135R,6.7988586
E65Q:K74Q:N95A:E118A:K130A:K135R,7.7850037
N95A:K130A:K135R,2.417572
K35A:E65Q:K74Q:K130A:K135R,4.279114
K35A:H43R:E65Q:K74Q:K130A:K135R,5.9622498
E65Q:K74Q:S103A:K130A:K135R,5.4602356
G31A:K35A:E65Q:K74Q:K130A:K135R,6.4169617
T56A:E65Q:K74Q:K130T:K135R,9.3741455
K57A:E58A:E61A:K74Q:K130T:K135R,16.559784
E65Q:K74Q:K109A:K130T:K135R,7.1474304
E65Q:K74Q:E108A:K130T:K135R,8.000366
E65Q:K74Q:E108A:K109A:K130T:K135R,9.952301
E65Q:K74Q:K121A:K130T:K135R,9.5903015
E19A:E65Q:K74Q:K130T:K135R,12.83078
E65Q:K74Q:D115A:K130T:K135R,10.933899
G36R:E65A:K74Q:K130E:V132R:K135R,17.730042
E80A:D82A:K130T:K135R,3.925415
K74R:E80A:D82A:K130T:K135R,6.3628235
K74Q:E80A:D82A:K130T:K135R,6.065674
K35A:K74R:E80A:D82A:K130T:K135R,7.150818
E65D:K74R:E80A:D82A:K130T:K135R,8.719696
E65S:K74R:E80A:D82A:K130T:K135R,8.989471
E65T:K74R:E80A:D82A:K130T:K135R,8.576172
S34G:G36R:K74R:K130T:K135R,13.460907
E65A:K74R:E80A:D82A:K130T:K135R,9.276337
E65N:K74R:E80A:D82A:K130T:K135R,9.440613
E65Q:K74R:E80A:D82A:K130T:K135R,5.7337646
K57A:E58A:E61A:E80A:D82A:K130T:K135R,15.059723
E65A:A72S:K74R:E80A:D82A:K130T:K135R,11.379242
E65D:K74Q:E80A:D82A:K130T:K135R,9.092285
E65Q:K74Q:E80A:D82A:K130T:K135R,5.6180115
K35A:E65D:K74Q:E80A:D82A:K130T:K135R,9.595795
K74R:E80A:D82A:S103A:K130T:K135R,8.135254
K35A:E65D:K74R:E80A:D82A:E108A:K109A:K130T:K135R,14.732849
K35A:E65D:K74R:E80A:D82A:E108A:K130T:K135R,12.958618
E65D:K74R:E80A:D82A:E108A:K130T:K135R,12.3811035
K35A:E65D:K74R:E80A:D82A:K109A:K130T:K135R,11.699158
E65D:K74R:E80A:D82A:K109A:K130T:K135R,10.754944
K35A:E65D:K74R:E80A:D82A:K130T:K135R:K136A,10.803467
E65D:K74R:E80A:D82A:K130T:K135R:K136A,10.2258
E65D:K74Q:D82A:S84A:K130T:K135R,8.831726
K35A:E65D:K74R:E80A:D82A:K86A:K130T:K135T,12.215973
K35A:K74Q:E80A:D82A:K130T:K135R,6.6648254
K35A:E65D:K74R:E80A:D82A:K130T:K135R,9.877808
K35A:E65D:K74R:E80A:D82A:V132R:K135R,10.938477
K35A:E65D:K74R:E80A:D82A:T129A:K135R,9.289307
K35A:E65D:K74R:E80A:D82A:T129A:K135A,10.3003235
K102C,4.682953
E65D:K74H:E80A:D82A:K130T:K135R,10.327545
E65Q:K74Q:D82A:S84A:K130T:K135R,5.9239197
E65Q:K74Q:T90A:E99D:T101S:K130A:K135R,9.842957
E65Q:K74Q:D82A:S84A:E108A:K109A:K130T:K135R,11.298431
S1S,-0.22897339
