mutant,evol_indices_seed_42
wt,-0.0
S183W,5.65979
P172I,7.699585
D170Q,4.149048
Q200M,6.3946533
P174L,11.573486
S184V,6.152466
G176S,10.274048
A180I,8.82251
I193Y,4.9038086
K181N,6.364502
I193K,2.8015137
P172L,7.58667
F189A,8.867432
P174Q,10.958618
K181V,4.9970703
Q186Y,8.9021
I193C,5.7148438
Y188D,11.192871
Q200W,5.9763184
E178H,8.901001
D170N,1.9584961
G185L,9.959961
A175V,3.4110107
D194A,4.4400635
Q200K,3.5024414
Q186H,9.240234
R187A,7.0251465
S183A,0.38952637
T182A,6.889282
R203G,10.166992
V171Y,5.581299
M179A,4.548584
P172Q,3.8780518
D201N,10.713989
S183N,2.5220947
M179S,6.7962646
A175F,4.7316895
V171E,1.7941895
T196F,8.294556
S184I,5.062744
Q200K,3.35083
T182L,9.404419
I193Y,4.7507324
P172I,7.409668
E178N,8.483643
F189T,9.474243
A175Q,0.8568115
M179E,7.4332275
I193F,3.05542
K181E,5.619385
R203S,10.875
A175V,3.263794
H192C,10.457886
A175F,4.9492188
K181Y,3.2000732
G185W,10.156982
E178D,4.087158
D194P,5.6606445
G185L,9.769531
W177S,10.920044
E178H,9.161133
P172L,8.18457
D194T,-1.0195312
G176A,10.129395
G176R,10.336426
V171A,2.159546
P174V,10.46936
V171Y,4.4090576
T196H,7.655884
D170S,2.6490479
P174R,11.161133
G176P,10.71875
L190Q,7.804199
L190I,0.6199951
M179T,7.168213
D201N,10.963989
F189I,9.136475
Q186T,9.567871
Q200H,1.4882812
D170K,2.189087
I193R,5.3427734
E178H,8.702881
G185W,10.609863
T182N,9.116943
D194V,5.6988525
G176N,11.151489
D194P,6.133301
T196C,8.113281
K181A,6.3894043
Q200D,2.6923828
D170Q,3.850586
W177Y,11.224487
M179W,7.4539795
M179Q,2.505371
T182S,5.604126
T182L,8.880615
S184Y,6.347046
L173Q,9.831177
D194F,6.434082
D194L,1.8222656
M179E,7.852783
M179R,4.79541
Q186N,9.239258
P174G,11.484741
R187S,5.5828857
R187Q,4.9454346
Q186P,9.550415
A180I,8.546997
T198A,8.645752
Q195G,5.5338135
D201E,9.146606
Q186G,9.55603
Q195P,7.784424
P172A,7.4122314
T196K,7.385376
G176D,8.296143
L190R,8.345093
D170K,2.545288
E178N,8.832031
G176A,10.087402
A180V,8.73999
Q186N,9.405884
D201I,10.715088
P202R,11.115356
S183H,3.9091797
D170F,5.6313477
R187V,2.432495
Q195G,5.1955566
A175H,1.408081
Y188D,10.877197
Q200A,5.387329
S183Q,2.834961
V171R,4.9885254
H192R,10.615601
T197R,10.973633
M179W,8.197266
R187A,7.0880127
G176P,10.421265
D194Y,5.7314453
L173T,9.62561
A175I,4.7542725
Q186Y,8.772583
W177R,11.169678
D170V,4.666504
G176S,10.30188
D201V,10.451172
G185S,7.887451
Q186A,9.679443
P172G,5.85437
I193G,5.034546
S183W,5.982788
S183R,4.364868
F189T,9.19043
A175S,0.51013184
A180D,8.536987
S184R,6.283081
L173Q,10.223511
Q186T,9.603394
K181Q,5.945801
P174A,11.495483
P202H,11.427856
Q186E,4.077881
D201N,11.098755
E178K,8.309692
R203P,9.02124
L190R,8.526855
F189A,8.77417
S183Y,5.7384033
V171G,1.5130615
E178G,6.039673
Q186M,9.574097
G176D,8.758545
T196L,5.583496
P172E,6.656616
P174G,11.200073
P174R,11.007446
I193M,3.3338623
S184Y,6.48645
D170N,2.7456055
A180T,5.4001465
P172Q,4.2525635
D194C,5.2943115
N191Y,9.529419
D170Q,3.5194092
M179V,2.9520264
A175T,4.817383
T196P,7.341675
Q200E,-0.5272217
L173R,10.588623
Q186V,9.945679
Q186R,6.301758
T196I,2.873291
V171R,3.9312744
P172K,5.857666
F189T,9.338013
K181Q,6.775757
A175R,3.2115479
L190V,8.362915
I193C,5.6132812
T198G,9.024902
S183M,6.3634033
Q200P,5.5616455
A175R,3.8321533
D170F,6.0184326
K181S,4.1053467
K181N,7.001953
T196M,6.6729736
T196P,7.376465
R187W,7.423218
T198W,8.808594
F189H,9.013428
N191C,8.97998
S183D,5.2854004
T196K,7.2199707
F189T,7.864502
R187D,7.225586
Q186R,6.2070312
M179L,8.698608
W177F,9.130981
P172S,4.394287
E178K,8.240601
T198N,9.01709
P202H,11.297119
G176T,11.118286
S183N,2.4678955
Q195G,4.998535
Q200M,5.777832
L190P,8.452637
K181P,5.437256
K181R,0.98986816
V171H,3.605957
D194S,5.130127
D201E,9.517212
R187I,2.3665771
T198E,9.316772
T197N,10.739014
D194F,6.3129883
W177C,8.788818
I193K,3.1634521
A175G,4.418091
G185A,9.680542
H192R,10.309937
D170F,5.6625977
R203C,9.909302
T182L,8.859253
T198K,8.734619
V171A,2.2438965
T198S,5.259033
R203D,10.915894
A180S,4.621216
S184C,6.25354
D201N,10.498901
A175H,1.0820312
I193G,6.069458
W177L,10.615845
T197S,8.7438965
S184G,6.7836914
P172H,7.8046875
Q195R,1.8643799
L173F,8.045898
S184W,6.297119
Q200A,5.923584
V171E,1.3391113
V171I,0.3182373
P174G,10.805054
M179T,7.63501
D201Q,10.788574
Y188F,11.661011
A175T,4.663208
P172F,7.9263916
P202R,11.439941
P172K,5.796875
D170Q,4.0
D201Y,10.51062
Q186H,9.296997
H192C,10.647461
P174S,9.816772
Q200H,1.7307129
R187H,6.1497803
A175C,5.0928955
D201Y,11.092407
L173T,10.191895
S183W,5.983032
G176P,10.676392
M179R,4.6831055
S184F,5.8658447
D194P,5.3291016
D201H,11.009399
I193P,5.3658447
D201K,11.250122
D170H,5.0910645
H192C,10.363159
Q186N,9.33728
G185C,10.4198
S183D,5.9501953
G185V,10.483154
P174S,10.115845
T196A,7.2457275
I193S,3.6942139
N191K,7.192993
T198R,9.0876465
A180T,5.883545
G176V,10.849731
R203G,10.809937
E178A,7.9454346
A175G,5.2615967
V171I,0.45959473
P172I,7.456665
L190K,8.083008
L190M,3.5932617
T197R,10.710815
A175R,3.708374
D170L,3.0042725
L173H,10.403687
Q186T,9.184692
D194Y,6.319092
R203C,11.625488
Q186H,9.305298
T197N,10.2873535
R187P,3.518921
A175Y,3.8502197
R203D,11.076172
D170E,1.0823975
Q200W,5.8328857
Q186V,9.862549
M179R,5.123657
P172R,5.123657
D201G,10.775635
Q186R,6.545044
D170G,6.2354736
Q200Y,6.0827637
M179F,6.9882812
T198G,9.4375
A180R,4.934204
T198S,5.4520264
T196A,7.6519775
D194L,2.29187
L173P,9.682983
G176T,11.005981
P174G,11.738403
S183C,5.828125
G176N,10.373169
D201P,10.877197
Q200S,5.5448
Q195P,7.993286
V171A,2.557495
K181V,5.255127
F189Y,2.0845947
T198E,9.304321
E178G,7.1170654
V171F,5.0600586
V171E,1.9870605
P202H,11.618286
V171D,3.1811523
K181Q,6.0772705
G185A,9.828003
H192C,10.56604
E178Q,5.7348633
K181R,1.1472168
S183Q,2.385498
P174L,11.509888
P172L,7.6015625
T196K,7.8582764
T182I,8.761597
M179V,3.147583
R187S,5.788574
F189I,8.829224
Q195H,2.7861328
D201N,10.569336
D170K,2.4317627
L190V,8.280273
Y188H,12.069824
I193G,5.4379883
R203G,10.872559
T196C,7.45459
D194N,1.6741943
Q186V,9.321289
L190Q,9.012329
I193N,1.0480957
G176C,10.62085
W177L,10.584595
I193M,3.59729
I193Y,5.0561523
G185R,10.384277
P174A,10.4592285
S183G,6.434082
E178D,4.894287
R203C,10.44812
I193R,5.32251
D194T,-0.38830566
R187L,3.8049316
N191T,9.38623
Q195P,6.9230957
E178K,8.658325
M179G,7.4678955
A180P,8.2438965
D201Q,10.8359375
M179T,7.6992188
R187Y,7.3170166
W177Y,10.888184
M1M,0.5863037
