mutant,MULAN_score,DMS_score
N23Y,-0.42363226413726807,61.89
A66P,-0.9629275798797607,61.95
L86F,-1.8068172931671143,62.23
Q111P,0.28569817543029785,60.74
V132M,-2.3789031505584717,60.35
S152Y,-1.8893252611160278,63.55
V218L,0.2596583664417267,61.86
H229R,2.332273244857788,61.27
V410I,-0.6177964210510254,62.11
Q528R,0.5369428396224976,62.2
H534Y,0.9583529829978943,61.72
C563L,3.756981372833252,60.02
L687C,-4.6755146980285645,59.74
I755Y,-1.838004231452942,60.76
L796C,-5.8235249519348145,60.39
V47I,-0.4497256278991699,61.42
A104E,-0.5621232986450195,61.57
E180D,-0.42795664072036743,56.54
G216R,-0.5139245390892029,60.81
N315M,-0.9555904865264893,61.71
A395M,-2.5591630935668945,62.33
L453F,-2.0282647609710693,63.76
A465V,-0.5051455497741699,58.05
F481Y,-0.22109182178974152,61.16
V514P,-0.7349032759666443,58.57
L618R,-0.6040406227111816,61.7
G629L,0.29901257157325745,61.41
V671F,-1.8828181028366089,61.35
N694Y,-0.5692393779754639,61.18
N775K,0.390602171421051,62.04
S73Y,-1.8130030632019043,62.16
V132E,-0.16469304263591766,61.7
V132K,-1.1918107271194458,59.22
A143S,-0.29430487751960754,61.495
T222L,0.5265594124794006,61.5375
S250M,-2.2834043502807617,61.825
M317L,2.595698833465576,61.2325
V329T,-0.44859862327575684,61.6625
G348N,-0.806901752948761,61.875
V374L,0.23257984220981598,60.3775
V374I,-0.4610334634780884,61.5
Y390F,0.31297627091407776,61.83
A395V,-0.22435708343982697,61.4375
L453Y,-2.3306851387023926,64.585
R456K,-0.6116877794265747,61.795
T490W,-3.060783624649048,59.37
A622M,-2.1399927139282227,62.2
M624R,1.5234839916229248,61.485
V650L,0.29740774631500244,61.38
C660A,4.372708320617676,62.64667
R663K,-0.7330105304718018,61.3975
N694H,-1.2090270519256592,62.6425
Q754K,0.2889196276664734,62.73
H206S,2.7885582447052,61.8
G216L,0.12452846020460129,61.8825
S523P,-0.5816263556480408,63.4525
Q758E,0.8348422646522522,61.7
E18D,-0.5452706813812256,62.24333
T21S,0.3193179965019226,61.8
E35V,0.29616647958755493,62.035
H319L,3.670164108276367,62.9525
Q528M,-1.0487710237503052,62.005
T529S,0.34879612922668457,62.53
T537K,-0.34786853194236755,61.9925
C563G,3.655574083328247,61.08
V658Y,-1.985548496246338,63.575
T734S,0.3144092559814453,62.09333
S152Y:N775K,-1.4875643253326416,64.0
L453F:V671F,-3.952660083770752,65.0675
L453F:S152Y,-3.9207863807678223,65.11
L453F:N775K,-1.6640126705169678,64.5
V671F:S152Y,-3.778273582458496,63.955
V671F:N775K,-1.5244473218917847,63.75
L453F:V671F:S152Y,-5.845952987670898,66.66
L453F:V671F:N775K,-3.605740547180176,66.085
L453F:V671F:S152Y:N775K,-5.489139556884766,66.9475
L453F:S152Y:N775K,-3.545313835144043,65.245
L453F:V671F:S152Y:N775K:N694H,-6.7246856689453125,68.1275
A395M:S523P,-3.140650749206543,64.185
L453F:V671F:N775K:A395M,-6.214851379394531,66.615
L453F:V671F:N775K:S523P,-4.195491790771484,67.835
L453F:V671F:S152Y:N775K:C660A,-1.1927180290222168,66.62
H534Y:S523P,0.38436704874038696,63.69
L453F:V671F:S152Y:N775K:S523P,-6.068533420562744,68.06
C660A:N694H,3.166496992111206,62.88
C660A:Q754K,4.671003341674805,62.7375
C660A:S523P,3.786186695098877,63.47
N694H:Q754K,-0.9278035163879395,63.0525
N694H:S523P,-1.792042851448059,63.74
Q754K:S523P,-0.2881961166858673,63.83667
L453F:S152Y:N775K:S523P,-4.121487140655518,66.9125
Q754K:S523P:N694H,-1.5047610998153687,63.6225
L453F:V671F:S152Y:N775K:S523P:A395M,-8.666007995605469,68.9725
Q754K:S523P:N694H:A395M,-4.079915523529053,64.7725
