mutant,DMS_score,ESM1b,ESM-IF1,TranceptEVE_M
E247G:R277L:Y286K,16.31,-12.981902599334717,-1.1519605961930393,-0.0222788526860368
D241G:E247V,31.38,-7.457668781280518,-1.146874469259511,-0.0081309442934782
P285R:N287P,12.97,-4.982571840286255,-1.1486321388678409,-0.0079357950982441
K237T:E247D:Y286P,4.6,-14.507022619247437,-1.1566243761757944,-0.0172438095245871
P285V:Y286A:N287R,2.4,-11.026476383209229,-1.147709262809626,-0.014463239688937
P285G:N287L,1.71,-8.047367095947266,-1.1236152776507629,-0.0149212585245087
E247S,99.43,-4.634041786193848,-1.1136154123771949,-0.0051407319646216
D241G:E247M:N287L,0.0,-15.261330604553224,-1.1639618634380229,-0.0232230604292955
E247V:R277F:N287K,0.0,-12.383764743804932,-1.1619497445913465,-0.020893568976667
E247N:R277G:Y286N,0.0,-16.59759521484375,-1.1730956010595213,-0.0229495759791754
E247D,9.39,-3.155205011367798,-1.1177440630552362,-0.002763116638796
E247Y:P285D,96.0,-6.7733094692230225,-1.1497436319306542,-0.0137509247132368
D241E:E247L:Y286I,0.0,-15.866464138031006,-1.17797698464282,-0.0200689309416806
Y286P:N287H,0.0,-12.6922287940979,-1.1429541342234533,-0.0177620469925794
R277W:Y286S:N287K,0.0,-17.041078567504883,-1.160302203634511,-0.0272766419477686
R277F:N287L,0.0,-10.280145645141602,-1.1505237183841974,-0.0195977456593593
P285L:Y286I,75.28736,-7.234328269958496,-1.1554522562186456,-0.0071518301565112
K237Q:D241E:R277F:P285Q:Y286I,0.0,-20.56295680999756,-1.2086824653140678,-0.0276030473485837
N287T,48.85057,-5.869470596313477,-1.1127346893616743,-0.0101935855521007
K237M:D241I:P285S:N287A,0.0,-20.932812690734863,-1.1812905404081313,-0.0275398688172815
K237I:E247I:R277V:Y286T:N287S,0.0,-21.06274104118347,-1.2062413652605035,-0.0300924754063022
K237N:E247N:Y286L:N287T,1.724138,-18.81470775604248,-1.14416657004468,-0.0256766124712582
N287Y,95.97701,-7.025078296661377,-1.1156099759615383,-0.0140447201936141
D241H:R277W:P285N,0.0,-15.814489364624023,-1.1895856059913252,-0.0256060852254912
K237Y:R277M:P285S,18.3908,-11.041571140289308,-1.1729758782530308,-0.0174809586642975
K237L:E247R:Y286P:N287S,0.0,-23.106804370880127,-1.1622989105939068,-0.0268189293086329
D241S:N287M,0.574713,-13.169597625732422,-1.1257278289284594,-0.0195671260157557
Y286L:N287V,5.747126,-9.270485401153564,-1.124514882779839,-0.0153269688022575
D241V:E247V:R277S:Y286L:N287P,0.0,-24.307430267333984,-1.2317347701975334,-0.0321974738385765
Y286V:N287D,3.835227,-9.786279201507568,-1.1215808064642558,-0.0145195288004285
K237Q:D241R:E247W:P285F:Y286A,0.0,-25.04561185836792,-1.2151891395798495,-0.033117900325303
D241S:N287H,80.39773,-10.174753189086914,-1.1132925792681334,-0.0129069452700407
P285R:N287T,94.88636,-5.635735273361206,-1.1318789070665238,-0.0091547631101066
E247H:R277F:N287K,87.21591,-13.412594318389893,-1.1681281762776965,-0.0236756187617579
E247R:R277F:Y286P:N287D,0.0,-20.5580153465271,-1.2047604972303512,-0.0308712860413618
P285T:N287T,0.0,-6.453573942184448,-1.136315999621133,-0.0092633097466816
K237Y:R277L,1.136364,-7.965266227722168,-1.151844241547345,-0.0111554506231709
E247A:R277I:P285I:Y286K,0.0,-14.302720069885254,-1.200113966313493,-0.0233449266108382
K237L:D241A:P285D:Y286C,1.704545,-19.653862237930294,-1.1611685354175376,-0.0203119998791544
D241S:E247S:R277L:P285H:Y286L,0.0,-16.80023956298828,-1.17755126953125,-0.02094664302558
