mutant,carp_76M_score,DMS_score
V2F,-1.9127111434936523,0.341
V2L,0.06427383422851562,0.249
V2I,-0.14133644104003906,-0.294
V2G,-0.18620634078979492,-0.241
V2D,0.06415033340454102,0.227
V2A,1.8763885498046875,-0.162
P3S,-0.026979923248291016,-1.258
P3A,0.3385779857635498,-0.799
P3L,-0.6983551979064941,-1.53
P3Q,-1.400378942489624,-1.189
P3R,-0.8628003597259521,0.147
P3T,0.39813995361328125,-1.597
A4V,-0.7182073593139648,-0.286
A4G,-1.3325436115264893,0.591
A4P,-0.28263187408447266,0.266
A4S,-0.7238359451293945,-0.096
A4T,-0.3998847007751465,-1.922
A4E,-1.6077218055725098,-1.84
A5P,0.04355919361114502,-0.309
A5S,-0.6487133502960205,-0.352
A5T,-0.46155452728271484,-1.416
A5E,-0.8399028778076172,-1.295
A5G,-0.46971583366394043,-0.5589999999999999
A5V,-0.9547879695892334,-0.441
Q6R,0.4859905242919922,0.018
Q6P,1.237804651260376,0.192
Q6L,0.03611421585083008,0.207
Q6K,-1.4596285820007324,-0.8270000000000001
Q6H,-0.7304883003234863,-0.483
Q6E,0.5890870094299316,-0.205
Q7R,0.9520072937011719,-0.119
Q7P,1.628166675567627,0.471
Q7L,0.3215620517730713,-0.051
Q7E,0.7899572849273682,0.231
Q7H,-0.3679955005645752,-0.189
Q7K,-1.0486176013946533,-0.866
T8S,-0.2937915325164795,0.23
T8R,-0.1991581916809082,0.7240000000000001
T8P,1.0031887292861938,0.159
T8M,-3.103687286376953,-0.291
T8K,-2.0804052352905273,-0.417
T8A,0.5940667390823364,-0.012
A9S,-1.1287801265716553,-0.237
A9T,-0.673283576965332,-0.901
A9V,-1.3333830833435059,-0.375
A9D,-1.5173804759979248,-0.306
A9P,-0.21535563468933105,0.018
A9G,-0.5051870346069336,0.526
M10R,3.580829381942749,0.056
M10L,2.8963756561279297,-0.21
M10K,1.8587560653686523,-0.288
M10I,1.5529828071594238,-0.287
M10A,5.653965950012207,0.238
M10T,4.619809150695801,-0.5489999999999999
M10V,2.9589080810546875,-0.264
A11V,-1.5463058948516846,-0.249
A11E,-1.6134703159332275,-0.355
A11G,-1.2101795673370361,-0.229
A11P,-0.6296513080596924,-0.069
A11S,-0.7101223468780518,-0.556
A11T,-0.3104715347290039,-0.4320000000000001
P12Q,-1.4552781581878662,-0.994
P12R,-0.8341689109802246,-0.95
P12S,-0.27768492698669434,-0.6459999999999999
P12L,-1.9046807289123535,-0.5539999999999999
P12A,0.8674633502960205,0.222
P12T,0.04026174545288086,-0.229
D13A,1.0801759958267212,0.244
D13E,-0.42894959449768066,-0.49
D13H,-1.2960841655731201,-0.376
D13Y,-3.1202900409698486,-0.569
D13V,-0.6984481811523438,-0.517
D13N,-1.9908692836761475,-0.513
D13G,0.5337722301483154,-0.638
A14V,-2.8284201622009277,-0.291
A14T,-0.6554833650588989,-0.5589999999999999
A14S,-0.9924241304397583,-0.441
A14P,0.4441061019897461,0.04
A14G,-0.4611297845840454,-0.15
A14E,-1.7168952226638794,-0.388
A15S,-0.764264702796936,-0.593
A15E,-2.308948040008545,-0.482
A15V,-3.1369309425354004,-0.867
A15T,-1.28972589969635,-1.093
A15G,-0.5069910287857056,-0.795
A15P,-1.5115457773208618,-0.227
L16V,-0.5196149349212646,0.225
L16Q,-2.461432695388794,-0.498
L16R,-0.3321378231048584,-0.301
L16M,-2.379741907119751,-0.408
L16P,-1.6097939014434814,-0.379
T17S,0.0382537841796875,-0.19
T17P,-0.9261641502380371,0.382
T17R,0.00517582893371582,0.31
T17M,-5.00147819519043,-0.521
T17K,-3.0431830883026123,-0.18
T17A,-0.01992344856262207,-0.09
F18V,-2.738475799560547,-2.103
F18C,-5.297064781188965,-2.681
F18I,-3.771944046020508,-2.531
F18Y,-3.7212276458740234,-0.638
F18S,-6.220816612243652,-3.0780000000000003
F18L,0.11279153823852539,-1.204
P19A,-5.093016147613525,-0.957
P19L,-9.84805965423584,-2.02
P19Q,-8.419825553894043,-0.789
P19R,-6.086337089538574,-1.095
P19T,-7.619873046875,-0.484
P19S,-6.779567241668701,-0.935
E20G,-1.9995293617248535,-0.3229999999999999
E20D,0.6531081199645996,0.014
E20A,0.5325679779052734,0.303
E20Q,-1.7722201347351074,0.361
E20V,-4.065959930419922,-0.296
E20K,-2.451099157333374,-0.321
G21V,-9.15312671661377,-0.555
G21S,-3.7855892181396484,-0.534
G21R,-4.011701583862305,-0.465
G21D,-2.0236024856567383,-0.363
G21C,-9.031815528869629,-0.66
G21A,-4.95303201675415,0.1689999999999999
F22V,-6.625635147094727,-2.519
F22Y,-5.3927812576293945,-1.903
F22S,-9.093605041503906,-3.035
F22C,-8.282060623168945,-1.976
F22I,-7.232241153717041,-2.94
F22L,-4.837070465087891,-2.355
L23V,-0.932692289352417,-0.611
L23R,-1.8139179944992065,-0.494
L23Q,-4.259426116943359,-0.415
L23P,-5.037202835083008,-2.846
L23M,-4.685996055603027,-0.197
W24S,-8.29468822479248,-0.7440000000000001
W24L,-3.7835211753845215,-0.444
W24G,-9.119308471679688,-2.24
W24C,-8.319347381591797,-1.746
W24R,-8.57331657409668,-3.079
G25A,-4.81805419921875,-0.861
G25D,-9.089747428894043,-2.8760000000000003
G25R,-8.519536972045898,-1.405
G25S,-4.931819915771484,-2.804
G25C,-9.237696647644043,-1.621
G25V,-10.106380462646484,-1.546
S26P,-4.780137062072754,-2.133
S26A,2.4146900177001953,-0.131
S26W,-5.250199317932129,0.139
S26L,-0.7767019271850586,-0.271
S26T,2.0554604530334473,0.297
A27S,-3.17429256439209,-0.177
A27P,-7.803343772888184,-2.555
A27G,-3.4339284896850586,0.178
A27E,-10.353221893310547,-1.885
A27V,-7.496872425079346,-0.858
A27T,-5.654994010925293,-0.079
T28K,-11.126153945922852,-2.632
T28S,-1.9906997680664062,-2.484
T28R,-9.84268856048584,-1.955
T28P,-7.408374309539795,-0.557
T28M,-6.442185878753662,-1.075
T28A,-3.601210355758667,-2.032
A29T,-5.699123382568359,-2.062
A29S,-0.6794204711914062,-0.202
A29P,-6.514801979064941,-2.079
A29V,-7.485428810119629,-2.363
A29E,-9.227334976196289,-1.294
A29G,-4.212132453918457,-0.747
S30C,-4.775668144226074,-0.227
S30G,-2.8074800968170166,-0.507
S30I,-9.265824317932129,-2.048
S30N,-7.418628692626953,-2.466
S30R,-8.286742210388184,-1.524
S30T,-4.916872024536133,-0.894
Y31S,-5.301516532897949,-0.291
Y31N,-5.505848407745361,-3.023
Y31H,-3.1505322456359863,-2.145
Y31F,-2.946610450744629,-0.418
Y31D,-6.998396873474121,-1.431
Y31C,-5.634683132171631,-2.49
Q32P,-10.380396842956543,-1.181
Q32R,-6.724737167358398,-2.6060000000000003
Q32K,-9.334628105163574,-0.951
Q32H,-6.899509429931641,-1.297
Q32E,-7.239161491394043,-0.029
Q32L,-7.811645030975342,-2.688
I33M,-4.067212104797363,-1.148
I33L,-2.7317943572998047,0.269
I33V,-0.2766818404197693,-0.313
I33T,-2.6926379203796387,-1.156
I33F,-3.8680355548858643,-2.337
I33S,-4.521455764770508,-1.732
I33N,-6.0817155838012695,-2.404
E34A,-8.89095687866211,-0.797
E34K,-11.242426872253418,-2.552
E34Q,-7.746462821960449,-1.53
E34V,-10.24051284790039,-2.5660000000000003
E34D,-5.979813098907471,-1.673
E34G,-8.274617195129395,-2.661
G35R,-8.559036254882812,-2.292
G35C,-8.68714427947998,-1.611
G35D,-7.920302391052246,-2.384
G35S,-6.538203716278076,-2.5660000000000003
G35V,-9.442876815795898,-1.311
G35A,-5.371620178222656,-1.6030000000000002
A36T,-4.82285737991333,-2.04
A36E,-7.319485664367676,-1.474
A36G,-2.9838101863861084,-0.296
A36P,-6.6838483810424805,-1.479
A36S,-3.860893487930298,-0.5489999999999999
A36V,-4.9306111335754395,-1.614
A37E,-4.661327362060547,-0.943
A37G,-3.6668713092803955,0.071
A37P,-2.435281276702881,-0.7290000000000001
A37S,-3.4296438694000244,-0.6629999999999999
A37T,-2.913666009902954,-0.448
A37V,-0.4649040699005127,-0.24
A38T,-2.0395007133483887,-0.175
A38V,-2.7195615768432617,-0.289
A38E,-2.757779598236084,-0.1369999999999999
A38G,-0.9938303232192993,0.34
A38P,-2.81825590133667,-1.087
A38S,-2.1292943954467773,-0.043
E39D,-2.214092254638672,-0.3229999999999999
E39Q,-2.1955461502075195,-0.539
E39A,0.7099084258079529,0.247
E39G,-1.9570839405059814,-0.489
E39V,-1.9073867797851562,-0.237
E39K,-3.577517032623291,-0.277
D40A,-3.4797327518463135,0.449
D40Y,-8.547425270080566,-0.155
D40V,-7.734591007232666,-1.243
D40N,-3.817584753036499,-0.069
D40H,-5.34376335144043,-0.264
D40G,-1.5948371887207031,-0.3229999999999999
D40E,-4.117212772369385,-0.289
G41V,-9.469542503356934,-1.3
G41S,-6.997549533843994,-0.436
G41R,-6.5444722175598145,-0.391
G41D,-6.483986854553223,-0.405
G41C,-9.268117904663086,-0.377
G41A,-6.588333606719971,-0.621
R42H,-4.230721950531006,-2.336
R42G,-4.209941387176514,-1.132
R42L,-4.971352577209473,-1.749
R42P,-6.349320411682129,-2.5380000000000003
R42S,-5.811382293701172,-1.018
R42C,-6.759642601013184,-2.174
T43S,1.3902294635772705,-0.198
T43K,-1.9655179977416992,-0.252
T43M,-1.9119505882263184,-0.163
T43P,-0.1004328727722168,-0.8909999999999999
T43A,2.729612350463867,-0.058
T43R,0.25611400604248047,-0.322
P44R,-2.296895980834961,-0.44
P44Q,-3.5854687690734863,-0.455
P44T,-3.6928200721740723,-0.226
P44L,-2.338252544403076,-0.331
P44A,-0.5442497134208679,0.055
P44S,-3.19704532623291,-0.413
S45C,-3.7203052043914795,0.076
S45Y,-8.405031204223633,-1.273
S45T,-3.303628444671631,-0.71
S45P,-6.28042459487915,-2.465
S45F,-8.216222763061523,-2.189
S45A,-4.3018951416015625,-0.361
I46F,-6.004128456115723,-1.192
I46L,-3.43997859954834,-1.298
I46M,-6.006846904754639,-0.983
I46N,-6.181951522827148,-2.096
I46T,-4.216287136077881,-0.8370000000000001
I46V,-1.3146958351135254,-0.484
I46S,-6.372815132141113,-1.3090000000000002
W47S,-8.981980323791504,-0.8370000000000001
W47L,-6.948723793029785,-0.84
W47G,-8.355107307434082,-2.483
W47R,-7.312455177307129,-2.582
W47C,-8.609465599060059,-1.506
D48G,-7.147111415863037,-2.659
D48H,-5.995199203491211,-1.601
D48V,-11.072528839111328,-2.622
D48A,-7.829488754272461,-1.706
D48Y,-10.157793998718262,-0.8079999999999999
D48N,-6.767524719238281,-2.122
D48E,-5.070215702056885,-1.569
T49I,-3.738276481628418,-0.124
T49A,-2.059602975845337,-0.26
T49S,-2.4646806716918945,-0.335
T49P,-9.15544319152832,-1.503
T49N,-4.895266056060791,0.142
Y50C,-2.3001809120178223,-1.331
Y50D,-6.209913730621338,-1.68
Y50F,4.80746603012085,0.106
Y50H,-2.7137789726257324,-0.489
Y50N,-5.216037273406982,-1.757
Y50S,-3.7456154823303223,-0.479
A51P,-4.4705400466918945,-1.741
A51V,-2.12509822845459,-0.34
A51T,-0.21889686584472656,-0.278
A51S,0.020627498626708984,-0.159
A51G,-3.8186092376708984,-1.095
A51E,-6.206037998199463,-2.148
R52P,-5.595597267150879,-2.675
R52S,-2.83548903465271,-0.355
R52H,0.6682908535003662,-0.278
R52G,-3.270357370376587,-0.34
R52C,-4.355791091918945,-0.39
R52L,-2.322477102279663,-0.614
T53A,-2.5124588012695312,-0.35
T53K,-4.60333251953125,-0.288
T53M,-4.637555122375488,-0.208
T53P,-4.12330436706543,-0.653
T53R,-2.9197587966918945,0.046
T53S,-2.9752564430236816,-0.257
P54A,-1.6331573724746704,-0.281
P54L,-4.409682273864746,-0.457
P54Q,-3.438119888305664,-0.589
P54R,-3.074697971343994,0.023
P54T,-3.010796070098877,-0.731
P54S,-2.8999123573303223,-0.214
G55V,-7.5496978759765625,-1.077
G55C,-8.032021522521973,-0.508
G55D,-4.9325666427612305,-0.45
G55A,-5.115443229675293,-0.521
G55R,-5.6720356941223145,-0.404
G55S,-6.1395955085754395,-0.371
R56P,-2.3508896827697754,-0.614
R56H,-2.2791342735290527,0.022
R56C,-4.671848297119141,-0.21
R56S,-2.1248884201049805,-0.45
R56G,-1.5006141662597656,-1.035
R56L,-2.5949409008026123,-0.068
V57M,-3.768326759338379,-2.337
V57L,-2.203752040863037,-1.712
V57G,-5.7130866050720215,-1.812
V57E,-4.978475093841553,-2.552
V57A,-3.230879783630371,-1.807
R58L,-0.4387282133102417,-0.042
R58C,-4.208087921142578,-0.183
R58G,-2.1518807411193848,-1.781
R58P,-2.191807270050049,-1.886
R58S,-1.6670957803726196,-0.713
R58H,-1.7885082960128784,-0.32
N59D,0.30079126358032227,-2.326
N59H,-0.9107397794723511,-0.0819999999999999
N59I,-5.752828121185303,-2.415
N59K,-2.622171401977539,-2.198
N59S,-1.5042647123336792,-1.953
N59T,-2.0877089500427246,-0.406
N59Y,-4.271644115447998,-1.362
G60S,-4.582893371582031,-0.376
G60V,-7.014131546020508,-0.5589999999999999
G60A,-3.5717082023620605,0.039
G60C,-7.280394554138184,-0.6409999999999999
G60D,-4.127378463745117,-0.552
G60R,-4.05332088470459,-0.18
D61Y,-5.784870147705078,-1.013
D61V,-3.990002393722534,-2.852
D61N,-3.515345811843872,-0.525
D61H,-2.6447880268096924,-1.091
D61E,-1.1465628147125244,-0.61
D61A,-1.5049962997436523,-0.8059999999999999
D61G,-2.293299436569214,-2.822
T62S,-0.8725597858428955,-0.54
T62I,-6.585427284240723,-0.7809999999999999
T62A,-3.3874239921569824,-1.071
T62P,-4.611131191253662,-0.815
T62N,-1.8199399709701538,-0.556
G63V,-5.54788875579834,-1.7919999999999998
G63S,-4.850130081176758,-1.741
G63R,-5.657162666320801,-1.715
G63D,-6.020458698272705,-2.571
G63C,-6.141639709472656,-1.579
G63A,-2.5397021770477295,-0.47
D64A,-2.3470265865325928,0.148
D64V,-3.7739462852478027,-0.7040000000000001
D64Y,-5.868265151977539,-0.741
D64G,-4.004350662231445,-0.471
D64E,-1.6407861709594727,-0.202
D64H,-4.31309175491333,-0.606
D64N,-3.6216378211975098,-0.487
V65I,-1.6815897226333618,-0.143
V65A,-3.3775970935821533,-0.703
V65D,-5.083280563354492,-1.5490000000000002
V65F,-6.560431480407715,-0.276
V65G,-6.435312747955322,-0.622
V65L,-3.4224796295166016,-0.377
A66V,-4.7455267906188965,-2.451
A66T,-3.6973822116851807,-0.176
A66S,-4.312365531921387,0.071
A66P,-6.374984264373779,-1.01
A66G,-4.208099365234375,-0.3670000000000001
A66D,-7.679338455200195,-1.965
T67R,-3.7759029865264893,-2.325
T67A,1.5993413925170898,-0.877
T67K,-6.015693664550781,-1.83
T67M,-3.2658212184906006,-2.366
T67P,-2.6155178546905518,-1.137
T67S,0.4020957946777344,-0.7929999999999999
D68A,-5.247923374176025,0.0069999999999999
D68E,-4.116875171661377,-0.99
D68H,-5.508852481842041,-0.519
D68N,-5.037812232971191,-0.51
D68V,-8.108823776245117,-2.221
D68Y,-9.091102600097656,-1.422
D68G,-5.165555477142334,-0.6970000000000001
H69Y,-5.354494094848633,-0.939
H69L,-6.449100494384766,-2.772
H69R,-5.076587677001953,-3.1180000000000003
H69Q,-2.2659542560577393,-1.858
H69P,-6.1074676513671875,-1.484
H69N,-5.469541549682617,-0.917
H69D,-4.920281887054443,-0.6559999999999999
Y70H,-3.7994582653045654,-2.648
Y70F,-3.3302595615386963,-0.366
Y70D,-7.374253273010254,-1.781
Y70C,-6.4969940185546875,-2.249
Y70S,-7.276195049285889,-0.64
Y70N,-8.276834487915039,-2.922
H71Y,-4.8702616691589355,-0.6859999999999999
H71Q,-2.899817943572998,-1.074
H71P,-6.234189987182617,-0.743
H71L,-4.494715213775635,-1.771
H71D,-3.260441303253174,-1.5019999999999998
H71N,-2.7110204696655273,-0.487
H71R,-2.462254524230957,-0.7140000000000001
R72C,-6.095859527587891,-0.5760000000000001
R72S,-5.673496723175049,-0.821
R72P,-8.896028518676758,-2.085
R72L,-2.806593418121338,-0.383
R72H,-3.34519624710083,-0.247
R72G,-6.272321701049805,-0.19
W73S,-4.819383144378662,-0.466
W73R,-3.16139554977417,-1.2009999999999998
W73L,-2.1011316776275635,-0.514
W73G,-6.069190979003906,-1.778
W73C,-4.216790199279785,-0.7290000000000001
R74S,-2.8946480751037598,-0.045
R74P,-0.2064802646636963,-0.562
R74L,-3.480666160583496,-0.369
R74H,-3.5320801734924316,-0.314
R74G,-2.753312349319458,-0.252
R74C,-6.858443737030029,-0.44
E75V,-7.212359428405762,-0.6679999999999999
E75Q,-2.948627233505249,-0.317
E75K,-5.1530609130859375,-0.555
E75G,-3.997830867767334,-0.672
E75D,-1.3510429859161377,-0.119
E75A,-3.2621774673461914,0.002
D76Y,-10.972412109375,-1.041
D76H,-8.64189624786377,-1.339
D76N,-7.614648818969727,-2.513
D76G,-8.76125431060791,-2.982
D76E,-6.66070032119751,-1.6569999999999998
D76V,-11.379249572753906,-2.944
D76A,-9.941256523132324,-1.065
V77A,-2.8721907138824463,-0.599
V77E,-8.662721633911133,-2.533
V77G,-7.5385823249816895,-1.122
V77L,-1.3107552528381348,-0.5529999999999999
V77M,-4.121319770812988,-0.919
A78S,-3.1671524047851562,-0.3720000000000001
A78V,-5.351683616638184,-0.404
A78E,-1.3364970684051514,-0.424
A78T,-3.5927045345306396,-0.417
A78G,-1.2085235118865967,-0.753
A78P,-4.001777172088623,-1.101
L79V,-3.562361478805542,0.005
L79M,-3.7099006175994873,-0.269
L79P,-7.92919397354126,-2.799
L79Q,-5.13956880569458,-0.593
L79R,-3.3826870918273926,-0.742
M80T,-3.6565279960632324,-0.7909999999999999
M80R,-8.863752365112305,-2.336
M80L,-0.3840651512145996,-0.404
M80K,-9.907432556152344,-2.763
M80I,-2.3476779460906982,-0.43
M80V,-1.3289670944213867,-0.534
A81E,-3.1566171646118164,-0.56
A81G,-3.2823281288146973,-0.263
A81P,-7.297667503356934,-0.7090000000000001
A81S,-2.56935453414917,-0.198
A81V,-4.5143232345581055,-0.426
A81T,-2.9712772369384766,-0.507
E82V,-7.044729232788086,-0.579
E82A,-1.1764500141143799,0.032
E82D,-0.3706488609313965,-0.238
E82Q,-1.380655288696289,-0.129
E82G,-0.26264476776123047,-0.5529999999999999
E82K,-3.5624406337738037,-0.309
L83R,-5.208520412445068,-1.779
L83P,-8.436619758605957,-2.717
L83Q,-4.738007068634033,-0.88
L83M,-1.3982734680175781,-0.189
L83V,-3.888166904449463,-0.86
G84A,-6.975264072418213,0.066
G84C,-10.13771915435791,-0.157
G84D,-5.200507640838623,-0.5770000000000001
G84R,-4.8902482986450195,-0.036
G84S,-6.653195381164551,-0.351
G84V,-11.013980865478516,-0.932
L85P,-5.862546920776367,-1.764
L85Q,-3.45015811920166,-0.6759999999999999
L85R,-6.2592668533325195,-2.291
L85V,0.5609633922576904,0.337
L85M,-2.2283971309661865,-0.454
G86S,-0.31681251525878906,-0.324
G86V,-3.277148723602295,-0.378
G86C,-4.718089580535889,-0.6729999999999999
G86D,0.8258198499679565,-0.181
G86R,1.2979835271835327,-0.195
G86A,-0.4795255661010742,0.74
A87G,-2.167447090148926,-1.085
A87P,-7.139221668243408,-1.119
A87S,-0.8855395913124084,-0.46
A87T,-3.310943841934204,-1.009
A87V,-3.5831809043884277,-0.809
A87E,-6.611417770385742,-1.597
Y88S,-8.283649444580078,-0.397
Y88N,-8.10464859008789,-2.909
Y88H,-3.084488868713379,-2.58
Y88F,-2.779298782348633,-1.664
Y88C,-7.158106327056885,-2.465
Y88D,-8.042369842529297,-2.1
R89S,-8.908979415893555,-1.211
R89P,-12.000131607055664,-1.775
R89L,-8.382591247558594,-1.207
R89H,-8.811673164367676,-2.314
R89G,-9.57109260559082,-1.7
R89C,-9.188274383544922,-2.45
F90S,-7.585356712341309,-2.541
F90L,-2.6549062728881836,-0.87
F90Y,-4.948798179626465,-0.8859999999999999
F90C,-4.027192115783691,-0.8340000000000001
F90V,-6.038726806640625,-1.476
F90I,-6.3829240798950195,-2.898
S91C,-9.345805168151855,-2.704
S91G,-6.219662666320801,-1.243
S91I,-11.895626068115234,-1.729
S91N,-7.835061550140381,-2.405
S91R,-9.870612144470215,-2.007
S91T,-4.421530246734619,-1.092
L92V,0.4546699523925781,-0.758
L92R,-7.713564395904541,-2.427
L92Q,-6.470780849456787,-3.049
L92P,-5.465253829956055,-2.402
L92M,-3.008464813232422,-0.453
A93V,-5.685132026672363,-2.397
A93T,-3.777853488922119,-1.773
A93S,0.6469721794128418,-0.039
A93P,-6.319031715393066,-0.468
A93D,-5.671938896179199,-1.783
A93G,-4.694122791290283,-0.113
W94S,-8.408401489257812,0.232
W94R,-8.158709526062012,-2.864
W94L,-7.883224010467529,-1.064
W94G,-8.132230758666992,-2.278
W94C,-8.965888023376465,-1.315
P95S,-1.0473856925964355,-0.525
P95T,-2.3515281677246094,-0.523
P95R,-8.019318580627441,-1.372
P95Q,-5.693982124328613,-1.436
P95A,-2.761582374572754,-0.625
P95L,-6.76956844329834,-2.276
R96S,-8.052136421203613,-1.902
R96P,-11.140382766723633,-1.801
R96L,-9.238157272338867,-1.841
R96H,-8.43652629852295,-2.605
R96G,-7.9186482429504395,-2.138
R96C,-9.73720645904541,-2.6460000000000004
I97V,-1.3191184997558594,-0.306
I97N,-8.840702056884766,-1.885
I97M,-4.84372615814209,-0.354
I97T,-5.611332893371582,-1.335
I97L,-1.6140804290771484,0.122
I97F,-4.917030334472656,-0.809
I97S,-7.833951950073242,-1.3769999999999998
Q98K,-6.244990825653076,-0.644
Q98L,0.9622977375984192,-0.546
Q98P,-7.324039459228516,-0.8440000000000001
Q98R,-4.262454032897949,-0.604
Q98H,-2.831127643585205,-0.204
Q98E,-2.482349395751953,-0.346
P99Q,-6.217177391052246,-0.654
P99A,-4.250295639038086,-0.8240000000000001
P99L,-6.3445820808410645,-0.841
P99T,-5.7654852867126465,-0.946
P99S,-5.656419277191162,-0.258
P99R,-5.925580978393555,-0.63
T100I,-4.649796009063721,-0.536
T100A,-0.6129919290542603,-0.525
T100N,-1.2761861085891724,0.132
T100P,-4.20437479019165,-0.073
T100S,-0.6200178861618042,-0.182
G101A,-6.140097618103027,-0.512
G101C,-9.057122230529785,-0.448
G101D,-5.7553582191467285,-0.947
G101R,-7.005076885223389,-0.78
G101S,-7.28391695022583,-0.5920000000000001
G101V,-7.984287738800049,-0.237
R102C,-3.4966108798980713,-0.085
R102S,-0.8590338230133057,-0.514
R102G,-2.2086594104766846,-0.363
R102H,-2.233396291732788,-0.318
R102L,-3.5675265789031982,-0.314
R102P,-2.2175095081329346,-0.703
G103D,-4.161473751068115,-0.7509999999999999
G103V,-6.319692134857178,-0.101
G103S,-5.128048896789551,-0.593
G103A,-4.024643898010254,-0.112
G103C,-7.615508079528809,-0.146
G103R,-4.535334587097168,-0.414
P104S,-3.0875778198242188,-0.442
P104R,-2.1589648723602295,-0.581
P104Q,-2.8984971046447754,-0.434
P104L,-4.847875595092773,-0.408
P104A,-1.090968370437622,-0.597
P104T,-2.338592529296875,-0.447
A105E,-3.866962194442749,-0.513
A105G,-4.348454475402832,-0.5760000000000001
A105P,-1.3568165302276611,-1.178
A105S,-4.081068992614746,0.076
A105T,-2.2983028888702393,-0.45
A105V,2.9510416984558105,-0.223
L106R,1.0242204666137695,-0.5
L106Q,1.853217601776123,-0.473
L106P,-0.5817480087280273,-0.56
L106V,1.2020483016967773,-0.222
L106M,-1.4324450492858887,-0.44
Q107H,-3.1404409408569336,-0.202
Q107R,-0.39779233932495117,-0.493
Q107E,0.43685245513916016,0.484
Q107P,2.3511757850646973,-0.065
Q107L,-3.1245675086975098,-0.602
Q107K,-2.721607208251953,-0.551
K108R,1.5415897369384766,-0.431
K108T,0.5095748901367188,0.076
K108E,2.416369915008545,-0.491
K108Q,0.8752598762512207,0.105
K108I,-3.5224437713623047,-0.31
K108N,-1.4755659103393555,-0.41
G109S,-5.601236343383789,-0.6859999999999999
G109R,-8.4887056350708,-0.989
G109D,-8.781072616577148,-2.145
G109C,-10.005784034729004,-0.76
G109A,-3.9817559719085693,0.248
G109V,-9.952966690063477,-1.017
L110Q,-4.768851280212402,-1.978
L110P,-5.811453819274902,-2.658
L110M,-3.6430771350860596,-0.715
L110R,-3.3127682209014893,-1.426
L110V,-0.7440793514251709,0.044
D111G,-4.105424404144287,-0.974
D111H,-6.644886016845703,-1.2009999999999998
D111N,-5.5326924324035645,-0.4370000000000001
D111V,-6.0037431716918945,-1.135
D111Y,-9.310583114624023,-1.26
D111E,-2.633204698562622,-0.523
D111A,-1.7568504810333252,-0.356
F112L,-4.218198776245117,-1.004
F112C,-7.162344455718994,-1.213
F112V,-6.345325469970703,-0.807
F112Y,-1.9665416479110718,-0.6609999999999999
F112I,-6.88600492477417,-1.329
F112S,-7.868981838226318,-2.363
Y113S,-8.799582481384277,-0.552
Y113N,-9.739912033081055,-2.883
Y113H,-6.186452865600586,-2.947
Y113F,-6.418769359588623,-1.972
Y113C,-6.7899627685546875,-2.837
Y113D,-9.355311393737793,-1.901
R114C,-5.131756782531738,-0.301
R114L,-4.449381351470947,-0.306
R114H,-1.1894187927246094,-0.5760000000000001
R114S,-2.7029972076416016,-0.194
R114P,-5.637989521026611,-1.301
R114G,-1.2990601062774658,-1.101
R115C,-5.168893814086914,-0.445
R115S,-2.500537395477295,-0.436
R115P,-7.747292518615723,-1.114
R115L,-4.586417198181152,-0.476
R115H,-2.396385669708252,-0.316
R115G,-2.147087812423706,-0.631
L116V,-2.5495190620422363,-0.263
L116R,-5.934002876281738,-2.472
L116Q,-6.055124759674072,-2.485
L116P,-9.455635070800781,-3.023
L116M,-4.40904426574707,-0.412
A117E,-6.147784233093262,-2.008
A117G,-3.9964189529418945,-0.056
A117T,0.0784292221069336,0.037
A117S,-3.078279495239258,-0.394
A117V,3.6074135303497314,-0.195
A117P,-5.459763526916504,-1.232
D118N,-3.883629322052002,-1.069
D118H,-5.223966121673584,-1.416
D118G,-1.9469529390335083,-1.425
D118V,-6.457569599151611,-2.5660000000000003
D118Y,-8.77740478515625,-1.409
D118E,-4.205756187438965,-0.544
D118A,-3.0593252182006836,-0.7979999999999999
E119K,-4.739217758178711,-0.5760000000000001
E119A,0.103424072265625,-0.123
E119V,-4.151280879974365,-0.419
E119D,-1.6738559007644653,-0.171
E119Q,-3.318129062652588,-0.18
E119G,-0.10926079750061035,-0.506
L120P,-9.359561920166016,-2.736
L120M,-4.812888145446777,-0.135
L120R,-11.198501586914062,-2.385
L120Q,-8.564611434936523,-1.164
L120V,-4.457906246185303,-0.466
L121Q,-4.0734968185424805,-0.447
L121P,-4.323379993438721,-2.48
L121R,-2.5424580574035645,-0.3720000000000001
L121V,-1.960195541381836,-0.6659999999999999
L121M,-5.545231819152832,-0.271
A122P,-5.629011631011963,-0.362
A122G,-1.9416780471801758,0.048
A122D,-3.348961353302002,-0.3
A122V,-4.273059368133545,-0.249
A122T,-4.014317989349365,-0.172
A122S,-2.9504384994506836,-0.196
K123R,3.029691696166992,-0.286
K123Q,0.9135408401489258,-0.292
K123N,1.0129871368408203,-0.147
K123I,-3.6651430130004883,-0.49
K123E,0.7130022048950195,-0.421
K123T,-0.554558277130127,-0.074
G124A,-6.315704345703125,-0.335
G124V,-10.575828552246094,-0.59
G124S,-5.829372406005859,-0.269
G124D,-4.023197650909424,-0.263
G124C,-9.585381507873535,-0.5670000000000001
G124R,-4.760404109954834,0.014
I125S,-9.701027870178223,-2.042
I125F,-5.799441814422607,-2.227
I125N,-10.361883163452148,-2.583
I125T,-7.03045129776001,-1.111
I125M,-4.315302848815918,-0.8109999999999999
I125L,-2.7133216857910156,-0.022
I125V,-2.379042625427246,-0.46
Q126R,0.5397289991378784,-0.313
Q126L,-1.5838768482208252,-0.301
Q126K,-0.9215686321258545,-0.394
Q126H,-1.9728305339813232,0.047
Q126E,1.1748288869857788,0.138
Q126P,-3.3090407848358154,-0.703
P127R,-9.948856353759766,-1.461
P127A,-6.511551856994629,-1.085
P127L,-6.676979064941406,-0.979
P127Q,-10.60694408416748,-1.4680000000000002
P127S,-8.315469741821289,-0.809
P127T,-7.439927101135254,-0.8959999999999999
V128D,-3.1404638290405273,-1.6369999999999998
V128A,0.3848763704299927,-0.5660000000000001
V128L,-0.05397939682006836,-0.64
V128I,-1.0852136611938477,-0.16
V128G,-3.23463773727417,-1.233
V128F,0.03839302062988281,-0.212
A129V,1.1819524765014648,-0.182
A129T,-3.379784107208252,-0.568
A129S,-4.504910945892334,-0.623
A129P,-1.613162636756897,-0.8170000000000001
A129G,-4.247359752655029,-0.537
A129D,-7.215837478637695,-1.63
T130I,-5.862557888031006,-1.889
T130N,-3.831455707550049,-0.882
T130P,-6.487957000732422,-1.164
T130A,-3.626267671585083,-2.5980000000000003
T130S,-3.8892886638641357,-2.289
L131V,-3.36751389503479,-0.586
L131R,-10.585602760314941,-2.044
L131Q,-8.485678672790527,-2.615
L131P,-9.020110130310059,-2.9760000000000004
L131M,-4.960636138916016,-0.413
Y132S,-6.555837154388428,-0.654
Y132N,-6.752112865447998,-2.59
Y132H,-3.4959278106689453,-2.256
Y132F,-2.1179141998291016,-0.464
Y132D,-8.658990859985352,-1.7519999999999998
Y132C,-6.36541748046875,-1.146
H133P,-7.304673671722412,-1.089
H133Y,-4.818829536437988,-2.301
H133R,-6.857524871826172,-2.642
H133Q,-5.612667560577393,-0.778
H133N,-7.075361728668213,-0.941
H133L,-6.800241470336914,-3.179
W134R,-6.083878993988037,-2.702
W134S,-5.865543842315674,-0.318
W134C,-5.701395034790039,-2.148
W134G,-6.099761009216309,-2.199
W134L,-5.515379428863525,-0.807
D135V,-7.556332588195801,-2.65
D135H,-9.241277694702148,-1.214
D135G,-7.743194580078125,-2.632
D135E,-4.304283142089844,-2.106
D135A,-6.681881904602051,-0.8170000000000001
D135Y,-10.649551391601562,-1.395
D135N,-6.84562349319458,-2.4530000000000003
L136M,-3.542269706726074,-0.5489999999999999
L136V,-4.541646480560303,-0.8420000000000001
L136P,-6.46007776260376,-2.5660000000000003
L136Q,-4.5749335289001465,-1.693
L136R,-6.138705253601074,-1.906
P137S,-6.957247257232666,-1.679
P137R,-7.886745929718018,-1.268
P137Q,-7.472964763641357,-1.277
P137L,-7.1043195724487305,-2.0380000000000003
P137A,-6.798425674438477,-1.585
P137T,-6.653016090393066,-1.475
Q138H,-4.221090793609619,-0.506
Q138K,-5.691329479217529,-0.974
Q138L,-3.220381259918213,-0.339
Q138P,-4.962904453277588,-0.722
Q138R,-3.6063590049743652,-0.708
Q138E,-4.119653224945068,-0.523
E139V,0.5426468849182129,-0.569
E139K,-2.3429863452911377,-0.631
E139G,-0.830040693283081,-0.303
E139Q,-1.0505378246307373,0.115
E139D,-1.4511077404022217,-0.18
E139A,2.8630123138427734,0.192
L140V,-4.709620475769043,-0.101
L140R,-9.262947082519531,-0.611
L140M,-4.017195701599121,-0.166
L140Q,-7.127231121063232,-0.613
L140P,-7.4598493576049805,-1.923
E141V,-2.8982675075531006,-2.624
E141Q,0.8925028443336487,-0.015
E141K,-3.9090158939361572,-2.527
E141G,-2.6272947788238525,-1.452
E141A,-1.0695996284484863,-0.757
E141D,-2.295794725418091,-0.685
N142Y,-2.2840757369995117,-0.213
N142S,-0.15163230895996094,-0.255
N142T,1.121847152709961,-0.219
N142I,-1.7048344612121582,-0.216
N142H,0.8558969497680664,-0.334
N142D,5.142115592956543,-0.254
N142K,-0.44968605041503906,-0.428
A143G,-2.7307217121124268,-0.195
A143T,-1.0369155406951904,-0.257
A143V,-0.8297677040100098,-0.324
A143S,-2.0039093494415283,-0.441
A143P,-4.486454963684082,-0.278
A143E,0.5858254432678223,-0.276
G144S,-6.387784957885742,-1.097
G144A,-5.558028697967529,-0.36
G144C,-8.51396656036377,-0.812
G144D,-5.919127941131592,-1.347
G144V,-8.848588943481445,-1.725
G144R,-6.611100196838379,-0.5
G145R,-5.312696933746338,-1.128
G145C,-7.659647464752197,-1.531
G145D,-4.8394575119018555,-2.276
G145V,-7.695497512817383,-1.476
G145S,-5.078826427459717,-2.162
G145A,-4.866337776184082,-1.394
W146S,-8.174145698547363,0.183
W146C,-8.408276557922363,-1.812
W146G,-6.976008415222168,-1.676
W146R,-7.478786945343018,-3.018
W146L,-5.684396743774414,-1.206
P147T,4.120905876159668,-0.5760000000000001
P147S,2.2144079208374023,-0.46
P147R,2.575099229812622,-0.49
P147Q,2.1965818405151367,-0.7170000000000001
P147A,2.517876625061035,-0.057
P147L,3.0840415954589844,-0.511
E148Q,-0.2998042106628418,-0.378
E148K,-1.4529366493225098,-0.3670000000000001
E148G,-0.36954545974731445,-0.5579999999999999
E148D,1.3467903137207031,-0.468
E148A,0.872626781463623,-0.112
E148V,-1.113725185394287,-0.319
R149S,-4.217355728149414,-1.308
R149P,-2.1307756900787354,-1.3730000000000002
R149C,-7.743654251098633,-1.91
R149L,-4.375207901000977,-0.504
R149H,-3.86918044090271,-1.085
R149G,-4.7177629470825195,-1.505
A150V,-2.49786114692688,-0.243
A150G,-1.6062407493591309,-0.061
A150P,-2.571051836013794,-0.575
A150S,-2.196622848510742,-0.597
A150T,-1.825247049331665,-0.157
A150D,-0.36731815338134766,0.55
T151A,-2.1961865425109863,-0.7240000000000001
T151S,-1.8774478435516357,-0.593
T151P,-4.787140846252441,-0.542
T151M,-3.2786195278167725,-0.544
T151K,-5.757898330688477,-2.051
A152T,-3.528748035430908,-0.404
A152E,-7.43504524230957,-1.797
A152V,-1.3697094917297363,-0.61
A152S,-4.747316360473633,-0.322
A152G,-5.182333946228027,0.122
A152P,-2.8472065925598145,-0.606
E153G,-1.8947930335998535,-0.31
E153A,-0.3058171272277832,-0.267
E153D,0.8647217750549316,-0.399
E153V,-3.1949105262756348,-0.455
E153Q,-1.94423508644104,0.042
E153K,-4.272813320159912,-0.631
R154L,-1.7091120481491089,-0.529
R154P,-4.468379974365234,-1.116
R154S,-3.638092517852783,-0.105
R154H,-1.6613353490829468,-0.211
R154G,-4.194806098937988,0.287
R154C,-5.038890838623047,-0.266
F155C,-8.33256721496582,-0.8240000000000001
F155Y,-4.434563636779785,-0.674
F155V,-8.61738109588623,-0.433
F155S,-9.046032905578613,-2.702
F155I,-9.191059112548828,-0.7929999999999999
F155L,-4.845576286315918,-0.493
A156S,-3.8176910877227783,-0.502
A156T,-2.9766688346862793,-0.675
A156V,-3.196859121322632,-0.612
A156G,-0.6890274882316589,-0.451
A156P,-7.513840675354004,-0.578
A156E,-4.370681285858154,-0.4920000000000001
E157G,-1.0521856546401978,-0.485
E157K,-4.846703052520752,-0.816
E157Q,-2.826634407043457,-0.65
E157V,-3.975529193878174,-0.8009999999999999
E157D,1.3868699073791504,-0.259
E157A,-0.13476240634918213,0.075
Y158S,-7.527842998504639,-0.606
Y158H,-3.8593077659606934,-1.579
Y158F,-1.2513861656188965,-0.305
Y158N,-8.468090057373047,-2.833
Y158C,-6.6829986572265625,-1.274
Y158D,-8.488826751708984,-1.251
A159V,-4.661333084106445,-0.562
A159S,-3.0441160202026367,-1.006
A159P,-10.606374740600586,-1.937
A159G,-4.655671119689941,-0.7
A159T,-3.559973955154419,-0.7490000000000001
A159D,-9.51837158203125,-1.869
A160V,-2.3642492294311523,-0.066
A160E,-1.040199875831604,-0.439
A160G,-0.743202805519104,-0.166
A160P,-7.205475807189941,-1.167
A160T,-1.9376899003982544,-0.382
A160S,-2.300473690032959,-0.259
I161S,-3.882862091064453,-0.3229999999999999
I161T,-0.913346529006958,-0.51
I161V,1.6598680019378662,-0.278
I161M,-2.6824536323547363,-0.176
I161L,0.5706439018249512,-0.295
I161F,-1.7187578678131104,-0.293
I161N,-5.486507415771484,-0.861
A162P,-8.005892753601074,-0.556
A162V,1.0450077056884766,-0.5329999999999999
A162T,-1.4568185806274414,-0.407
A162S,-4.17643928527832,-0.333
A162G,-4.959145545959473,-0.879
A162D,-10.727489471435547,-1.249
A163E,-5.3260602951049805,-1.4880000000000002
A163T,-2.567262649536133,-0.479
A163S,-3.1278624534606934,-0.355
A163P,-8.38416862487793,-1.592
A163V,-1.3941500186920166,-0.381
A163G,-1.8947408199310303,-0.248
D164E,0.5585999488830566,0.087
D164Y,-6.258753776550293,-0.5660000000000001
D164V,-2.5986385345458984,-0.507
D164N,-2.6907663345336914,-0.063
D164H,-1.7784299850463867,-0.216
D164G,0.6185431480407715,-0.131
D164A,1.3927664756774902,-0.112
A165D,-4.645395755767822,-0.684
A165G,-2.190521478652954,-0.598
A165P,-6.543980598449707,-0.334
A165S,-3.052122116088867,-0.47
A165V,-1.9457874298095703,-0.562
A165T,-1.399332046508789,-0.773
L166M,-4.480245113372803,-0.467
L166Q,-9.408414840698242,-2.991
L166P,-10.840174674987793,-2.705
L166R,-9.515924453735352,-1.912
L166V,-3.634308338165283,-0.7490000000000001
G167A,-3.882904529571533,0.304
G167C,-8.865775108337402,-0.249
G167D,-5.309815406799316,-0.327
G167R,-7.38976526260376,-0.326
G167S,-5.407132148742676,-0.136
G167V,-10.242301940917969,-0.391
D168A,-3.842728614807129,-0.612
D168H,-4.228384971618652,-0.768
D168N,-4.0994486808776855,-0.486
D168V,-7.9638872146606445,-1.5619999999999998
D168Y,-8.472503662109375,-0.617
D168E,-3.279714345932007,-0.5489999999999999
D168G,-3.0480098724365234,-0.614
R169C,-7.648907661437988,-0.267
R169G,-5.153968334197998,-0.597
R169P,-6.387105941772461,-1.001
R169S,-4.840307712554932,-0.196
R169L,-4.285955905914307,-0.488
R169H,-4.138930797576904,-0.257
V170I,-4.886148452758789,-0.342
V170A,-3.5866518020629883,-1.702
V170L,-5.927366256713867,-0.931
V170D,-9.174205780029297,-2.935
V170G,-6.769444465637207,-1.64
V170F,-8.840904235839844,-0.7959999999999999
K171N,-4.624213695526123,-0.379
K171T,-1.7279030084609985,-0.33
K171I,-5.702629089355469,-0.7509999999999999
K171E,-2.656529426574707,-0.624
K171R,-0.4541454315185547,-0.355
K171Q,-2.7304272651672363,-0.348
T172S,-1.7361688613891602,-0.422
T172A,-1.2054619789123535,-0.433
T172I,-0.5437302589416504,-0.094
T172N,-2.5878939628601074,-0.266
T172P,-3.7486324310302734,-1.153
W173S,-8.177642822265625,-0.536
W173G,-8.568930625915527,-1.713
W173C,-7.45488977432251,-0.589
W173L,-5.136081695556641,-0.997
W173R,-9.12666130065918,-3.012
T174S,-1.7210745811462402,-0.189
T174N,-3.350687026977539,-0.5429999999999999
T174I,1.2676688432693481,-0.042
T174A,-0.8129653930664062,-0.351
T174P,-3.7066383361816406,-1.56
T175P,-5.093547821044922,-1.648
T175A,-5.481568813323975,-2.684
T175K,-9.335718154907227,-2.146
T175M,-7.681329250335693,-2.672
T175S,-5.784158706665039,-0.562
L176Q,-6.580917835235596,-0.92
L176R,-7.949703216552734,-2.303
L176V,-1.495415449142456,-0.116
L176P,-7.864071846008301,-2.753
L176M,-2.2588322162628174,-0.247
N177T,-5.849021911621094,-0.949
N177S,-4.9105987548828125,-2.748
N177K,-9.770000457763672,-1.656
N177I,-8.611577987670898,-2.918
N177H,-7.010200023651123,-1.247
N177D,-6.121643543243408,-2.759
N177Y,-9.215805053710938,-3.047
E178V,-8.450900077819824,-3.1
E178Q,-5.729222774505615,-1.884
E178A,-7.0060296058654785,-0.8340000000000001
E178G,-7.829358100891113,-3.068
E178D,-3.7106881141662598,-2.292
E178K,-7.986539363861084,-2.5380000000000003
P179A,-6.109971046447754,-1.836
P179L,-7.107107639312744,-2.762
P179Q,-7.507008075714111,-1.5119999999999998
P179T,-6.939082622528076,-1.298
P179S,-6.717737197875977,-2.592
P179R,-8.1818208694458,-2.351
W180L,-0.9823837280273438,-0.76
W180C,-4.7633795738220215,-1.185
W180R,-2.7493982315063477,-2.545
W180S,-2.6818606853485107,-1.536
W180G,-2.6931703090667725,-1.194
C181Y,-4.635306358337402,-1.575
C181W,-5.434215545654297,-1.959
C181R,-3.8181025981903076,-2.702
C181G,-3.2501282691955566,-1.348
C181F,-4.954075813293457,-1.003
C181S,-2.1759555339813232,-2.629
S182N,-1.7360332012176514,-2.531
S182G,-1.160107135772705,-1.599
S182I,-0.6470952033996582,-0.118
S182T,0.931466817855835,0.268
S182R,-1.8846099376678467,-2.452
S182C,-2.7567684650421143,-0.348
A183V,-2.2349965572357178,-2.211
A183T,-2.679835319519043,-1.645
A183S,-2.4783565998077393,-0.7
A183P,-5.041642665863037,-0.506
A183G,-3.2800896167755127,-0.907
A183E,-6.144565105438232,-1.891
F184I,-0.4481487274169922,-2.244
F184L,0.9504415988922119,-1.42
F184S,-0.3365621566772461,-1.639
F184V,0.4774291515350342,-1.525
F184Y,0.28783273696899414,-0.8640000000000001
F184C,-2.526606559753418,-0.917
L185V,-3.5939700603485107,-0.645
L185R,-5.569680213928223,-1.837
L185Q,-5.472124099731445,-0.858
L185P,-5.380829334259033,-1.806
L185M,-3.2097854614257812,-0.068
G186V,-6.537776947021484,-1.7819999999999998
G186A,-2.942413806915283,-0.603
G186R,-6.507767677307129,-1.321
G186D,-6.044312953948975,-2.775
G186S,-4.33826208114624,-1.274
G186C,-6.806815147399902,-2.147
Y187C,-6.427038192749023,-2.604
Y187S,-4.804303169250488,-0.962
Y187N,-5.5054402351379395,-3.143
Y187H,-2.776078939437866,-0.991
Y187D,-5.639163494110107,-1.379
Y187F,-3.6766161918640137,-2.046
G188A,-0.5917525887489319,-0.484
G188C,-3.896918535232544,-0.296
G188D,-2.596074342727661,-0.929
G188R,-3.003187417984009,-1.617
G188S,-2.725088119506836,-0.654
G188V,-3.140090227127075,-0.966
S189A,0.46770286560058594,-0.374
S189C,-3.096871852874756,-1.856
S189F,-1.1377034187316895,-1.58
S189P,-1.6893420219421387,-2.843
S189T,2.1884331703186035,-0.847
S189Y,-1.5144901275634766,-1.327
G190S,-4.635832786560059,-2.006
G190A,-3.6068618297576904,-0.8740000000000001
G190C,-7.6693010330200195,-1.33
G190D,-3.974475145339966,-1.6980000000000002
G190R,-5.33610725402832,-1.969
G190V,-6.278293609619141,-1.71
V191L,0.10538887977600098,0.644
V191G,-1.9485048055648804,-0.449
V191F,-2.17425537109375,-0.486
V191D,-2.163665294647217,-0.255
V191A,-1.0573524236679077,-0.449
V191I,-0.5610369443893433,-0.457
H192Y,-1.7780451774597168,-2.778
H192Q,-3.6847634315490723,-0.603
H192P,-4.061885833740234,-1.829
H192N,-3.6002020835876465,-0.652
H192L,-2.6616151332855225,-1.097
H192D,-3.8578715324401855,-1.037
H192R,-3.5958499908447266,-2.754
A193V,-5.019069671630859,-2.559
A193T,-5.535820484161377,-2.4330000000000003
A193S,-5.219730854034424,-1.023
A193P,-2.1227850914001465,-0.741
A193E,-6.257211208343506,-1.403
A193G,-4.814888000488281,-0.6559999999999999
P194Q,-7.205227851867676,-1.409
P194A,-4.105827331542969,-1.6269999999999998
P194R,-6.879804611206055,-2.9410000000000003
P194S,-6.406810283660889,-2.854
P194T,-6.54512357711792,-0.674
P194L,-6.876481533050537,-2.6060000000000003
G195S,-5.65462589263916,-2.166
G195V,-6.952819347381592,-1.528
G195R,-4.144101142883301,-2.225
G195D,-3.8580613136291504,-1.704
G195C,-7.289850234985352,-1.525
G195A,-4.659333229064941,-0.675
R196S,-2.3394627571105957,-0.684
R196C,-3.4887070655822754,-0.5429999999999999
R196G,-2.789618492126465,-0.511
R196P,-4.726841926574707,-1.7719999999999998
R196L,-0.8185509443283081,-0.562
R196H,-1.3757988214492798,-0.544
T197P,-2.797214984893799,-0.004
T197I,-3.235955238342285,-0.618
T197A,-1.3292863368988037,-0.274
T197S,-1.6747839450836182,-0.542
T197N,-2.6592845916748047,-0.361
D198E,-2.303950548171997,-0.339
D198H,-4.83146333694458,-1.101
D198A,-3.7036375999450684,-0.337
D198G,-2.791489362716675,-0.706
D198N,-3.920936346054077,-0.261
D198V,-6.079480171203613,-0.815
D198Y,-7.7568888664245605,-0.6890000000000001
P199T,-2.380613088607788,-0.537
P199S,-3.508547067642212,-0.472
P199R,-2.223634958267212,-0.7809999999999999
P199Q,-3.3663485050201416,-0.423
P199A,-1.4616458415985107,0.365
P199L,-1.5746245384216309,-0.753
V200A,1.81499183177948,-0.483
V200D,-0.03537559509277344,-0.362
V200F,-2.9357681274414062,-0.468
V200G,0.18399858474731445,-0.225
V200I,-2.153545379638672,-0.451
V200L,-0.5528717041015625,0.218
A201S,-2.6868109703063965,-0.669
A201V,-2.3634872436523438,-0.5870000000000001
A201D,-2.2295403480529785,-0.078
A201G,-1.6005293130874634,-0.123
A201P,-2.4602503776550293,0.004
A201T,-1.2024184465408325,-0.609
A202V,-2.8398640155792236,-0.966
A202E,-4.712015628814697,-1.047
A202T,-2.6898508071899414,-0.55
A202S,-2.5829901695251465,-0.405
A202G,-1.694368600845337,-0.998
A202P,-3.0954504013061523,-0.051
L203P,-5.112191677093506,-2.875
L203M,-2.8095836639404297,-0.63
L203Q,-2.3775076866149902,-3.372
L203R,-1.2031046152114868,-1.758
L203V,-2.37044620513916,-0.286
R204C,-4.91591739654541,-0.348
R204G,-4.0364274978637695,-0.42
R204H,-2.414112091064453,-0.47
R204L,-1.8242987394332886,-0.438
R204P,-4.6634907722473145,-0.7390000000000001
R204S,-3.4445133209228516,-0.443
A205S,-3.659371852874756,-0.5379999999999999
A205P,-6.589270114898682,-1.146
A205G,-3.554798126220703,-0.958
A205D,-8.261173248291016,-2.003
A205T,-3.4777045249938965,-0.856
A205V,-1.3928651809692383,-1.115
A206S,-1.033979892730713,-0.486
A206G,-2.58524227142334,0.191
A206E,-4.618105411529541,-0.942
A206P,-6.072649955749512,-1.742
A206V,-1.4918789863586426,-0.443
A206T,-2.1831159591674805,-0.996
H207R,-4.008772373199463,-2.955
H207N,-7.467593669891357,-1.7180000000000002
H207Q,-4.962905406951904,-2.536
H207L,-4.565877914428711,-2.887
H207D,-7.0271148681640625,-0.053
H207Y,-4.092250823974609,-2.47
H207P,-10.129676818847656,-1.031
H208L,-2.9692978858947754,-1.753
H208Q,-2.717745780944824,-1.058
H208P,-7.384191513061523,-0.691
H208R,-3.96250057220459,-2.915
H208Y,-3.523867607116699,-0.514
H208N,-0.5769228935241699,-0.391
H208D,-4.108669757843018,-1.369
L209M,-1.867969036102295,-0.532
L209P,-7.161904335021973,-2.837
L209Q,-2.8499085903167725,-1.505
L209R,-6.036466598510742,-1.938
L209V,-0.6304604411125183,-1.943
N210S,-1.3964495658874512,-0.362
N210I,0.7879483699798584,-0.63
N210Y,-1.6967144012451172,-3.0860000000000003
N210H,-0.4031205177307129,-1.008
N210T,0.3430802822113037,-0.378
N210D,-1.6136174201965332,-1.49
N210K,-4.464252471923828,-2.201
L211Q,-5.630368709564209,-2.251
L211M,-5.093653678894043,-0.041
L211P,-8.912887573242188,-2.986
L211R,-3.5189132690429688,-0.47
L211V,-2.230497360229492,-0.313
G212D,-6.193855285644531,-2.227
G212R,-6.024625778198242,-2.068
G212S,-0.5297482013702393,-0.374
G212A,1.5510468482971191,-0.148
G212C,-3.706326723098755,-0.509
G212V,-2.6455299854278564,-1.293
H213R,-8.97067642211914,-3.11
H213D,-7.944206714630127,-0.452
H213L,-7.0159430503845215,-3.1180000000000003
H213N,-5.794964790344238,-0.659
H213P,-9.657001495361328,-1.4409999999999998
H213Q,-4.0825700759887695,-2.584
H213Y,-5.941011428833008,-2.584
G214V,-3.0344576835632324,-1.421
G214S,-2.3552346229553223,-2.158
G214R,-4.324770927429199,-0.636
G214A,0.5805535316467285,-0.947
G214D,-6.057070255279541,-2.583
G214C,-5.462090015411377,-0.938
L215P,-3.5754451751708984,-2.982
L215M,-2.6377410888671875,-0.256
L215Q,-2.188810348510742,-0.662
L215V,-1.089704155921936,-0.287
L215R,0.1303727626800537,-0.197
A216S,-4.3711347579956055,-0.69
A216P,-8.39875602722168,-1.095
A216V,-2.0261313915252686,-0.6559999999999999
A216T,-2.9651694297790527,-0.662
A216G,-2.61706280708313,-0.648
A216E,-8.073622703552246,-1.014
V217A,-2.5943069458007812,-0.426
V217F,-5.011740684509277,-0.8
V217G,-6.979595184326172,-0.4270000000000001
V217I,-4.159335136413574,-0.289
V217L,-4.109296798706055,-0.445
V217D,-9.453153610229492,-2.119
Q218L,-2.6914615631103516,-0.267
Q218K,0.15913605690002441,-0.441
Q218R,1.734175682067871,-0.272
Q218H,-0.8506217002868652,-0.266
Q218E,-0.750556468963623,0.295
Q218P,-4.085826873779297,-0.7170000000000001
A219V,-1.9713835716247559,-0.128
A219T,-2.629580020904541,-0.014
A219S,-4.520716190338135,-0.053
A219P,-7.248241901397705,-1.685
A219G,-3.0993716716766357,-0.023
A219D,-6.758951187133789,-0.743
L220M,-2.638068675994873,0.066
L220V,-0.9606646299362183,0.322
L220R,-6.888262748718262,-1.456
L220Q,-6.07576847076416,-1.374
L220P,-10.011308670043945,-2.857
R221C,-7.459291934967041,-0.964
R221P,-8.453124046325684,-2.083
R221H,-3.650268077850342,-0.486
R221S,-6.621889114379883,-0.968
R221L,-5.905887603759766,-1.24
R221G,-6.914971351623535,-0.913
D222E,0.16562843322753906,-0.177
D222Y,-6.069594860076904,-0.495
D222V,-5.060181617736816,-0.835
D222H,-2.6343612670898438,-0.48
D222G,-2.0332789421081543,-0.4920000000000001
D222A,-0.6277371644973755,-0.203
D222N,-3.1977977752685547,-0.386
R223G,-1.947522759437561,-0.601
R223C,-3.7724761962890625,-0.259
R223L,-1.8403183221817017,-0.019
R223P,-5.901794910430908,-0.8270000000000001
R223S,-1.9363852739334106,-0.403
R223H,-1.6114274263381958,-0.177
L224M,-3.1070425510406494,-0.478
L224P,-3.697097063064575,-1.916
L224Q,-3.3686258792877197,-1.069
L224R,-2.1166064739227295,-0.68
L224V,-1.027480125427246,-0.449
P225T,-1.3676223754882812,-0.252
P225R,0.06636905670166016,-0.484
P225A,0.3802081346511841,-0.612
P225L,-1.9296679496765137,-0.813
P225Q,-2.0867557525634766,-0.579
P225S,-1.2920780181884766,-0.3670000000000001
A226V,-3.3186750411987305,-0.359
A226S,-2.6804370880126953,-0.325
A226P,-2.163776397705078,0.19
A226G,-1.9988207817077637,-0.381
A226E,-2.166274070739746,-0.04
A226T,-2.7975516319274902,-0.333
D227A,-1.0516852140426636,-0.438
D227Y,-6.525092124938965,-0.527
D227H,-3.2945475578308105,-0.162
D227E,-1.8463581800460815,-0.555
D227N,-2.9201502799987793,-0.376
D227V,-4.722084999084473,-0.588
D227G,-0.3382084369659424,-0.392
A228E,-2.09839129447937,-0.831
A228T,-2.1738336086273193,-0.313
A228G,2.1925790309906006,-0.328
A228S,-1.8419673442840576,-0.264
A228P,-1.6919314861297607,-0.675
A228V,-1.348560094833374,-0.421
Q229P,1.175452709197998,-0.677
Q229E,-0.23349618911743164,-0.336
Q229H,0.29035186767578125,-0.412
Q229K,0.38633203506469727,-0.276
Q229L,-0.4373807907104492,-0.293
Q229R,1.9580646753311157,-0.313
C230G,1.060513973236084,-0.71
C230Y,-1.9424653053283691,-0.611
C230F,-0.7972769737243652,-0.258
C230W,-1.9818902015686035,-0.952
C230S,-0.23306560516357422,-0.755
C230R,-1.2375054359436035,-1.254
S231G,3.1418251991271973,-0.294
S231I,-3.4076924324035645,-1.7180000000000002
S231R,-0.6112287044525146,-1.501
S231T,-0.022339344024658203,-0.936
S231C,-3.2954163551330566,-2.062
S231N,-1.9440555572509766,-1.173
V232A,-1.3827736377716064,-1.029
V232L,-0.7765936255455017,-0.853
V232I,-1.0922958850860596,-0.5
V232G,-4.317281723022461,-1.961
V232F,-3.3557398319244385,-1.83
V232D,-7.853686332702637,-3.14
T233S,-0.4895901679992676,-2.017
T233A,-0.39063167572021484,-1.584
T233I,-2.830904960632324,-0.684
T233N,-2.008500099182129,-1.499
T233P,-5.072503566741943,-1.226
L234V,0.03106069564819336,-1.793
L234P,-1.8514431715011597,-2.583
L234M,-1.969694972038269,-0.922
L234Q,-4.0459771156311035,-3.076
L234R,-5.0592217445373535,-2.108
N235D,-2.053762912750244,-1.278
N235H,-3.205610513687134,-0.769
N235I,-4.084246635437012,-1.362
N235K,-5.62736701965332,-1.324
N235P,-2.5057170391082764,0.239
N235S,-0.6925177574157715,-2.77
N235T,-1.463437795639038,-0.725
N235Y,-5.180546760559082,-1.759
I236M,-0.14590859413146973,-0.1689999999999999
I236L,2.4488635063171387,0.094
I236F,-0.21138620376586914,-1.011
I236N,-1.3409287929534912,-2.763
I236V,1.6229026317596436,-0.716
I236S,0.4221639633178711,-1.024
I236T,1.4492442607879639,-3.052
H237D,2.931353807449341,-0.248
H237L,-1.4109790325164795,-0.522
H237N,2.14709210395813,-0.331
H237P,0.3744380474090576,-0.642
H237Y,-1.5915601253509521,-2.812
H237R,-0.3744161128997803,-2.826
H237Q,-0.4829423427581787,-0.197
H238D,0.1268291473388672,-0.7120000000000001
H238N,0.2027878761291504,-0.297
H238P,1.5767146348953247,-0.608
H238Y,-0.9108562469482422,-0.338
H238Q,-0.3018307685852051,0.024
H238R,-0.6799740791320801,-0.588
H238L,0.811100959777832,-0.403
V239M,-1.2649176120758057,-0.8340000000000001
V239L,0.10851120948791504,-0.302
V239G,-0.978499174118042,-0.944
V239E,-0.8094863891601562,-2.944
V239A,0.23040318489074707,-0.491
R240S,-0.6210250854492188,-0.356
R240P,0.9001407623291016,-2.175
R240L,0.23049688339233398,-0.934
R240H,0.6754586696624756,-0.8059999999999999
R240G,-0.7876076698303223,-1.16
R240C,-2.0009026527404785,-0.863
P241A,-1.1274470090866089,-0.925
P241R,-2.8691186904907227,-0.8029999999999999
P241Q,-3.538856029510498,-0.377
P241T,-2.084399700164795,-0.59
P241S,-2.2485103607177734,-0.61
P241L,-2.37778902053833,-1.785
L242M,-1.5430972576141357,-0.426
L242P,-1.553109884262085,-2.175
L242Q,-0.6153626441955566,-0.528
L242R,0.3205549716949463,-0.465
L242V,0.3195772171020508,-1.123
T243R,-2.965182304382324,-0.547
T243P,-1.5753626823425293,-1.138
T243M,-5.979423999786377,-0.954
T243K,-4.467246055603027,-0.7390000000000001
T243A,-1.9850406646728516,-0.557
T243S,-0.07528877258300781,-0.172
D244N,-2.7234716415405273,-0.132
D244A,0.5735474824905396,0.012
D244Y,-3.054593086242676,-0.7
D244V,-1.5254764556884766,-0.402
D244H,-1.7103123664855957,-0.775
D244G,0.11687183380126953,-0.359
D244E,-0.022358417510986328,-0.116
S245Y,-6.156279563903809,-0.5539999999999999
S245T,0.14122867584228516,-0.391
S245P,-2.008869171142578,-1.3969999999999998
S245F,-6.086742401123047,-0.895
S245A,-2.1654481887817383,-0.476
S245C,-5.714247226715088,0.532
D246G,-0.8786687850952148,-0.346
D246H,-2.289597511291504,0.659
D246N,-3.4875545501708984,-0.16
D246V,-0.8784332275390625,-0.174
D246Y,-4.263016700744629,-0.26
D246E,-0.40747809410095215,-0.125
D246A,1.75394868850708,0.048
A247V,-3.3299572467803955,-0.106
A247T,-2.6430459022521973,-0.204
A247S,-2.4178638458251953,-0.45
A247P,-1.107926368713379,-0.005
A247G,-2.2213521003723145,0.452
A247D,-2.200793981552124,-0.364
D248E,-3.8068339824676514,-1.505
D248A,-3.9517078399658203,-0.281
D248G,-5.076144695281982,-1.194
D248H,-4.968103408813477,-0.1689999999999999
D248N,-4.712578773498535,-0.7809999999999999
D248V,-4.975886344909668,-1.6909999999999998
D248Y,-6.306219100952148,-1.016
A249V,-0.24998486042022705,-0.315
A249G,-2.990539789199829,-0.312
A249P,-1.7348582744598389,-0.888
A249S,-2.7359135150909424,-0.369
A249T,-1.7296736240386963,-0.637
A249E,-2.4677236080169678,-0.542
D250Y,-4.90073823928833,-0.902
D250V,-2.2970972061157227,-0.846
D250N,-3.266368865966797,-0.327
D250H,-3.706070899963379,-0.245
D250G,-2.6031675338745117,-0.534
D250E,-0.1353740692138672,-0.399
D250A,0.6749467849731445,-0.623
A251S,-4.163735389709473,-0.4
A251D,-5.042118072509766,-1.285
A251V,-3.5014657974243164,-0.7959999999999999
A251G,-4.159219741821289,-0.933
A251P,-6.162818908691406,-1.366
A251T,-3.8543477058410645,-0.514
V252M,-3.4500601291656494,-0.7559999999999999
V252L,-2.3127639293670654,-0.593
V252A,2.55627703666687,-0.201
V252E,-2.6067306995391846,-0.784
V252G,-0.881371259689331,-0.356
R253C,-3.145750045776367,-1.52
R253G,-0.46868467330932617,-1.157
R253P,-4.036694526672363,-2.834
R253H,-2.295901298522949,-1.715
R253L,-2.0225167274475098,-1.479
R253S,-0.5951061248779297,-0.866
R254P,-6.692730903625488,-1.534
R254L,-1.778936505317688,-0.938
R254H,-2.296444892883301,-0.568
R254S,-3.036390781402588,-0.545
R254C,-5.285613536834717,-0.491
R254G,-2.8339996337890625,-0.911
I255L,0.43682241439819336,-0.58
I255T,-0.16175413131713867,-1.021
I255S,0.32109975814819336,-0.708
I255N,-2.0390872955322266,-2.541
I255F,-1.1009702682495117,-0.41
I255M,-1.3585681915283203,-0.365
I255V,0.9302890300750732,-0.463
D256N,-1.3210697174072266,-1.212
D256Y,-3.914552927017212,-1.207
D256H,-2.484091281890869,-0.899
D256G,-2.3654277324676514,-1.311
D256E,0.07292675971984863,-0.57
D256A,-1.4440534114837646,-0.471
D256V,-1.6583774089813232,-2.422
A257P,-5.604896545410156,-2.264
A257E,-0.2921769618988037,-1.117
A257G,-1.651503324508667,-0.578
A257S,-2.298168897628784,-0.703
A257T,-1.7473664283752441,-0.578
A257V,-1.9737231731414795,-0.802
L258V,-1.4639880657196045,-0.454
L258R,-2.6501212120056152,-1.052
L258Q,-3.2464473247528076,-0.872
L258P,-6.86135196685791,-2.886
L258M,-2.4847002029418945,-0.264
A259G,-0.7610025405883789,-0.532
A259V,-0.2180018424987793,-1.171
A259T,-0.5555534362792969,-0.657
A259S,-0.9712390899658203,-0.546
A259P,-4.036772727966309,-1.968
A259D,-1.568739414215088,-0.912
N260I,-4.862689971923828,-1.989
N260H,-2.847867965698242,-0.337
N260Y,-5.211653232574463,-3.036
N260T,-3.5415968894958496,-0.268
N260S,-3.6405768394470215,-1.258
N260K,-5.957977294921875,-1.361
N260D,-2.950672149658203,-1.621
R261C,-5.4372429847717285,-1.232
R261G,0.24193549156188965,0.617
R261H,-2.452517509460449,-1.374
R261L,-2.791858196258545,-1.367
R261P,-1.773966670036316,-1.281
R261S,-2.0515971183776855,-0.8029999999999999
V262F,0.8316190242767334,0.171
V262G,-2.3095810413360596,-0.986
V262I,-0.17754578590393066,0.033
V262L,1.4511947631835938,-0.698
V262A,-0.7516541481018066,-0.503
V262D,-2.3360822200775146,-2.275
F263Y,-1.9658702611923218,-1.197
F263L,-2.0728328227996826,-2.859
F263I,-4.844193458557129,-3.447
F263C,-6.224315643310547,-1.4169999999999998
F263V,-3.8880279064178467,-0.969
F263S,-6.237302303314209,-3.242
T264A,1.591949701309204,-0.662
T264I,0.254610538482666,-0.411
T264P,-3.0847818851470947,-0.8109999999999999
T264N,-1.3205835819244385,-1.578
T264S,-0.5148894786834717,-0.735
G265R,0.5254888534545898,-0.994
G265D,6.13091516494751,-0.782
G265C,0.4942588806152344,-0.957
G265A,2.053966999053955,-1.064
G265S,1.8468132019042969,-0.779
G265V,0.9764862060546875,-0.708
P266S,-4.824753284454346,-2.0380000000000003
P266R,-4.885847091674805,-1.871
P266Q,-5.663507461547852,-1.262
P266L,-3.850269317626953,-2.722
P266T,-4.684638023376465,-1.094
P266A,-3.4110608100891113,-0.35
M267L,2.67191743850708,-0.439
M267K,-3.513510227203369,-2.867
M267R,-1.5632028579711914,-1.771
M267T,-0.9525079727172852,-1.12
M267V,2.480870246887207,-1.015
M267I,1.6364479064941406,-0.439
L268V,-0.3100314140319824,0.348
L268M,-1.705481767654419,-0.258
L268P,-5.747115135192871,-3.063
L268Q,-4.037783622741699,-1.735
L268R,-3.754101037979126,-2.156
Q269R,0.9369888305664062,-0.254
Q269P,-2.1588735580444336,-1.325
Q269L,0.4293076992034912,-0.356
Q269K,-0.9432239532470703,-0.19
Q269H,0.5998210906982422,-0.336
Q269E,-0.6825330257415771,0.013
G270A,-4.501519203186035,-0.089
G270C,-7.181906700134277,-0.603
G270D,-5.0644354820251465,-2.504
G270R,-5.398688316345215,-0.171
G270S,-5.396071434020996,-0.5660000000000001
G270V,-7.910147190093994,-1.143
A271G,-0.46333742141723633,0.118
A271E,-0.146392822265625,-0.15
A271V,-0.5406396389007568,-0.188
A271T,-0.18719911575317383,-0.344
A271S,-0.32570505142211914,-0.511
A271P,-2.75303316116333,-2.241
Y272S,-6.759429931640625,-0.784
Y272N,-7.520624160766602,-2.712
Y272H,-3.558746099472046,-3.033
Y272F,-2.754028797149658,-0.912
Y272D,-7.623581886291504,-1.433
Y272C,-6.102383136749268,-1.834
P273S,-4.324686050415039,-0.55
P273Q,-6.964148044586182,-0.7090000000000001
P273R,-5.579991340637207,-2.917
P273L,-6.053037643432617,-2.55
P273A,-3.254021167755127,-0.221
P273T,-5.497420787811279,-0.918
E274D,0.20351791381835938,-0.251
E274A,1.5956940650939941,-0.322
E274Q,-1.2033519744873047,-0.077
E274G,-0.8615415096282959,-0.444
E274K,-1.6931557655334473,-0.5539999999999999
E274V,-0.910872220993042,-0.495
D275V,-0.09604978561401367,-2.428
D275N,-1.3009672164916992,-1.413
D275Y,-0.5600314140319824,-1.851
D275G,0.7416918277740479,-1.652
D275E,0.6710374355316162,-1.56
D275A,1.2130330801010132,-0.429
L276M,-1.1803786754608154,-0.419
L276V,0.6475841999053955,0.273
L276R,-2.440825939178467,-2.39
L276Q,-3.1289820671081543,-2.846
L276P,-2.9406790733337402,-2.902
V277G,-3.2089078426361084,-0.895
V277L,0.35016703605651855,0.07
V277I,-1.504819393157959,-0.004
V277F,-3.360358953475952,-0.424
V277D,-4.140073776245117,-1.971
V277A,-0.6689140796661377,-0.562
K278I,-2.465463876724243,-0.489
K278R,2.0254220962524414,-0.144
K278E,-0.12578797340393066,-0.255
K278D,0.2551085948944092,1.255
K278T,0.32901978492736816,-0.065
K278Q,-0.5094552040100098,-0.528
K278N,-0.8600008487701416,-0.282
D279Y,0.785886287689209,-0.662
D279E,1.1741232872009277,-0.482
D279N,-0.8298873901367188,-0.586
D279H,0.5729069709777832,-0.393
D279G,0.5380311012268066,-1.399
D279A,2.8172874450683594,-1.03
D279V,1.9556665420532227,-1.3159999999999998
T280A,1.2651808261871338,-1.162
T280N,-1.5778453350067139,-0.993
T280I,-0.07948184013366699,-0.818
T280P,-1.6238234043121338,-1.907
T280S,-0.7263367176055908,-0.8690000000000001
A281S,-2.2332677841186523,-0.359
A281D,-1.871864914894104,-0.0819999999999999
A281G,-2.07130765914917,0.13
A281P,-2.086092948913574,-2.27
A281V,-1.2485719919204712,-0.21
A281T,-1.5774370431900024,-0.355
G282A,0.5892821550369263,-0.039
G282D,-0.43073511123657227,-0.274
G282R,0.47845613956451416,0.119
G282S,-0.9340353012084961,-0.081
G282V,-1.8788166046142578,0.144
G282C,-3.9339237213134766,-0.216
L283R,0.6580268144607544,-0.899
L283Q,-1.5404608249664307,-0.537
L283V,-0.7886621952056885,-0.426
L283P,-1.9538962841033936,-2.908
L283M,-2.243267297744751,-0.634
T284R,0.4646952152252197,-2.051
T284M,-1.8300683498382568,-1.157
T284S,-0.24800944328308105,-0.429
T284K,-1.4295222759246826,-2.233
T284A,0.9569966793060303,-1.013
T284P,1.111752986907959,-1.607
D285A,-0.3492528200149536,-0.264
D285Y,-2.008279323577881,-1.506
D285V,-2.381082534790039,-1.425
D285N,-2.0814852714538574,-0.335
D285H,-1.8365358114242554,-0.28
D285G,0.2323843240737915,-0.826
D285E,-0.9846745729446411,-0.5589999999999999
W286L,2.857776403427124,-1.253
W286R,1.5969836711883545,-3.159
W286S,0.5575525760650635,-2.126
W286G,1.5092558860778809,-1.621
W286C,-2.2562942504882812,-1.76
S287Y,-2.303431987762451,-0.197
S287A,0.002638578414916992,-0.074
S287C,-3.5301461219787598,0.224
S287F,-2.2082161903381348,-0.226
S287P,0.9065606594085693,-0.725
S287T,-0.2792947292327881,-0.435
F288V,1.2656333446502686,-0.574
F288S,1.1490106582641602,-3.417
F288L,1.2528624534606934,-3.238
F288I,-0.18822383880615234,-3.057
F288C,-1.6803693771362305,-0.294
F288Y,-0.2925996780395508,-0.417
V289M,-2.8466343879699707,-0.792
V289L,-0.2788374423980713,-0.7929999999999999
V289G,0.37064218521118164,-1.543
V289E,-0.4078559875488281,-1.994
V289A,0.27994465827941895,-0.603
R290C,-4.296414375305176,-0.425
R290L,-1.8484926223754883,-0.185
R290P,0.1348731517791748,-2.277
R290S,-0.37749814987182617,-0.48
R290G,-0.5138249397277832,-0.184
R290H,-1.7203497886657715,-0.341
D291V,-3.3478152751922607,-0.623
D291G,-0.8120596408843994,-0.35
D291E,-0.3224771022796631,-0.327
D291A,-0.5453047752380371,-0.089
D291N,-2.7868216037750244,-0.404
D291H,-2.826286554336548,0.318
D291Y,-4.237879753112793,-0.626
G292V,-1.7854942083358765,-0.187
G292A,0.0353243350982666,-0.06
G292S,-1.3945955038070679,-0.38
G292R,-0.5914465188980103,-0.283
G292D,-0.10994338989257812,-0.22
G292C,-4.477132320404053,-0.341
D293N,-3.4221291542053223,-2.9530000000000003
D293V,-3.8565423488616943,-3.2230000000000003
D293Y,-4.4736433029174805,-0.978
D293H,-3.527764081954956,-1.025
D293A,-2.6180062294006348,-2.162
D293G,-3.0110292434692383,-3.43
D293E,-1.7878220081329346,-1.736
L294V,-0.7705483436584473,0.238
L294R,0.8672139644622803,-0.5329999999999999
L294Q,-1.001791000366211,-0.705
L294P,0.5688502788543701,-0.449
L294M,-2.981746196746826,-0.285
R295C,-3.495607376098633,-0.318
R295G,-0.5405576229095459,-0.174
R295L,-0.28281688690185547,-0.3670000000000001
R295P,0.06316661834716797,-0.153
R295S,-0.8595528602600098,-0.414
R295H,-2.002781867980957,-0.479
L296V,-1.3465967178344727,0.769
L296R,-0.2671630382537842,-0.333
L296Q,-1.545287847518921,-0.351
L296P,-0.38100600242614746,-2.094
L296M,-2.864583730697632,-0.194
A297E,-3.7092630863189697,-0.99
A297G,-2.13374400138855,0.181
A297P,-3.689129590988159,-0.851
A297S,-2.1257107257843018,-0.335
A297T,-1.1128737926483154,-0.065
A297V,1.0473897457122803,-0.126
H298P,0.8609998226165771,-0.913
H298Q,1.0988497734069824,-0.343
H298R,3.1222145557403564,-0.621
H298N,-0.806793212890625,-0.617
H298D,1.1525707244873047,-0.615
H298Y,-2.3022823333740234,-0.369
H298L,-0.6839599609375,-0.64
Q299H,-0.5998890399932861,-0.479
Q299E,1.3631131649017334,-0.349
Q299L,-1.52010178565979,-1.2
Q299P,0.984464168548584,-0.612
Q299R,1.2780754566192627,-0.55
Q299K,-1.8570377826690674,-0.523
K300N,-1.523951768875122,-0.3670000000000001
K300I,-4.1326904296875,-0.55
K300E,-0.09566211700439453,-0.309
K300R,1.4653105735778809,-0.37
K300Q,-0.0792853832244873,-0.122
K300T,1.1578826904296875,-0.289
L301M,-2.8787384033203125,-0.648
L301V,-1.210723876953125,-0.711
L301R,-4.443452835083008,-1.616
L301Q,-4.6230974197387695,-2.632
L301P,-2.77870774269104,-1.6
D302A,-6.355057239532471,-0.326
D302N,-6.468252658843994,-0.565
D302H,-6.115815162658691,-1.409
D302G,-6.012807846069336,-1.362
D302E,-6.099065780639648,-0.555
D302V,-9.39376163482666,-3.313
D302Y,-10.814738273620605,-1.509
F303I,-4.548316955566406,-0.923
F303S,-6.56795597076416,-1.083
F303V,-3.0915277004241943,-0.396
F303Y,-1.7814455032348633,-0.693
F303L,-2.852217674255371,-0.8240000000000001
F303C,-6.228096008300781,-0.175
L304Q,-6.517622947692871,-3.267
L304R,-7.813776016235352,-1.406
L304V,-0.9505982398986816,-0.193
L304P,-8.147355079650879,-3.278
L304M,-3.4204165935516357,-0.401
G305V,-7.352835655212402,-1.4680000000000002
G305R,-9.20870304107666,-2.029
G305D,-8.004748344421387,-2.95
G305C,-6.492835521697998,-1.247
G305A,-2.9271812438964844,-1.273
G305S,-4.9051713943481445,-1.48
V306L,0.38043785095214844,-0.322
V306A,-3.162019729614258,-1.455
V306D,-9.196220397949219,-3.153
V306F,-1.989120364189148,-0.8029999999999999
V306G,-6.855592250823975,-1.406
V306I,-0.516324520111084,-0.287
N307I,-9.232561111450195,-2.649
N307K,-8.686147689819336,-1.358
N307S,-3.6035075187683105,-2.985
N307T,-4.728885173797607,-1.391
N307Y,-8.829602241516113,-3.159
N307D,-3.764608144760132,-2.994
N307H,-4.955584526062012,-2.17
Y308F,-2.809309244155884,-0.508
Y308H,-2.384279251098633,-2.753
Y308N,-5.594630241394043,-2.992
Y308S,-4.799816131591797,-0.963
Y308D,-6.840145587921143,-0.8370000000000001
Y308C,-5.953119277954102,-3.017
Y309D,-9.753641128540039,-1.651
Y309F,-4.563072681427002,-2.319
Y309H,-5.466560363769531,-2.772
Y309S,-9.081982612609863,-1.224
Y309C,-9.201156616210938,-2.685
Y309N,-9.409305572509766,-3.143
S310L,-0.8624334335327148,-2.645
S310A,-0.11648750305175781,-0.297
S310P,-3.6927294731140137,-3.197
S310T,1.7459721565246582,-0.655
P311A,1.1045087575912476,-1.09
P311T,0.42544353008270264,-0.649
P311S,0.8723050355911255,-1.5319999999999998
P311R,-0.18579459190368652,-1.306
P311Q,-2.5078625679016113,-1.137
P311L,-3.466465473175049,-2.72
T312N,-2.0074539184570312,-0.4370000000000001
T312I,-1.8501262664794922,-2.007
T312A,0.34535837173461914,-1.21
T312S,-0.36592936515808105,-0.442
T312P,-2.783693313598633,-1.843
L313R,-0.5982050895690918,-0.56
L313V,-0.43721675872802734,0.026
L313Q,-2.684682846069336,-0.701
L313P,-3.757636070251465,-1.98
L313M,-1.8723857402801514,-0.312
V314A,-1.2372233867645264,-1.081
V314E,-7.150006294250488,-3.141
V314G,-5.161343097686768,-1.344
V314L,-2.7713875770568848,-1.3
V314M,-4.539062976837158,-2.464
S315A,0.6297818422317505,-0.282
S315W,-4.028040885925293,-0.299
S315L,-1.9364142417907715,-1.487
S315P,-1.9367399215698242,-2.997
S315T,0.586685061454773,-0.605
E316V,-0.06750679016113281,-0.38
E316G,1.471937656402588,-0.25
E316D,2.217287540435791,-0.179
E316Q,-1.0702264308929443,-0.18
E316A,2.2715063095092773,0.256
E316K,-1.4167945384979248,0.086
A317G,-0.1520099639892578,-0.347
A317E,-1.6173276901245117,-0.6809999999999999
A317V,-0.7199010848999023,-0.418
A317T,-0.2645716667175293,-0.214
A317S,-0.23888540267944336,-0.209
A317P,0.3000539541244507,-0.968
D318V,-0.6103968620300293,-0.529
D318N,-1.0340838432312012,-0.187
D318Y,-2.1221609115600586,-0.484
D318H,-1.3915042877197266,0.184
D318G,0.49455904960632324,-0.382
D318E,-0.9682557582855225,-0.487
D318A,0.7594127655029297,-0.08
G319V,-1.9744267463684082,-0.239
G319S,-1.454878568649292,-0.252
G319C,-3.6189329624176025,-0.444
G319D,-2.0511364936828613,-0.319
G319A,-0.9842944145202637,-0.508
G319R,-0.9699552059173584,-0.387
S320C,-3.1890511512756348,-0.403
S320I,-2.3592886924743652,-0.451
S320N,-1.6813087463378906,-0.237
S320R,-0.44781017303466797,-0.229
S320T,-0.08949780464172363,-0.6759999999999999
S320G,-0.7287640571594238,-0.447
G321D,-1.705043911933899,-0.287
G321C,-2.787609100341797,-0.283
G321R,-0.7990444898605347,-0.072
G321A,-0.33383119106292725,0.59
G321S,-0.892534613609314,-0.284
G321V,-0.9007624387741089,-0.529
T322A,0.2692899703979492,-0.287
T322K,-1.5165061950683594,-0.445
T322M,-2.603625774383545,-0.462
T322P,0.48525500297546387,-0.228
T322R,0.21258020401000977,-0.551
T322S,0.27895545959472656,-0.254
H323D,1.064774751663208,-0.201
H323Y,0.12820816040039062,-0.362
H323L,1.3881421089172363,-0.634
H323N,-0.7197208404541016,-0.385
H323Q,-0.13197994232177734,-0.287
H323P,2.3894033432006836,-0.025
H323R,1.7005977630615234,-0.478
N324T,1.139509677886963,-0.034
N324S,1.1093041896820068,-0.396
N324K,-1.0736727714538574,-0.33
N324I,0.008678436279296875,-0.422
N324H,1.2833948135375977,-0.279
N324D,1.2341606616973877,-0.196
N324Y,1.9501848220825195,-0.443
S325T,0.36803483963012695,-0.49
S325Y,-0.4622335433959961,-0.339
S325P,2.1414661407470703,-0.37
S325F,-0.17778778076171875,-0.352
S325C,-2.3140945434570312,-0.013
S325A,1.482851266860962,-0.454
D326Y,-0.5346002578735352,-0.546
D326A,0.5767672061920166,-0.4920000000000001
D326H,-0.7193806171417236,-0.106
D326N,-0.2564518451690674,-0.336
D326V,-0.22724056243896484,-0.622
D326E,-0.8506789207458496,-0.111
D326G,0.29804039001464844,-0.49
G327R,-0.27005887031555176,-0.213
G327D,-0.22383809089660645,-0.317
G327C,-2.631373882293701,-0.203
G327A,0.028627395629882812,2.12
G327V,-0.44946742057800293,-0.239
G327S,-0.7401061058044434,-0.4370000000000001
H328D,0.5127763748168945,0.106
H328Y,0.13118195533752441,-0.301
H328P,0.749194860458374,-0.62
H328Q,-0.01652216911315918,-0.629
H328R,0.6304140090942383,-0.326
H328L,0.39046764373779297,-0.701
H328N,-0.3586239814758301,-0.522
G329S,-0.718456506729126,-0.475
G329V,-0.38369250297546387,-0.484
G329R,-0.512946605682373,0.573
G329A,-0.08493256568908691,-0.6659999999999999
G329D,-0.2983212471008301,-0.093
G329C,-3.3607442378997803,-0.5579999999999999
R330H,-0.9514510631561279,-0.353
R330P,-0.12053179740905762,0.404
R330L,-0.10305953025817871,-0.394
R330G,0.3018617630004883,-0.334
R330C,-3.161672830581665,-0.209
R330S,-0.02599310874938965,-0.449
S331I,-0.14687228202819824,-0.5760000000000001
S331N,-0.9152121543884277,-0.7859999999999999
S331R,-0.269298791885376,-0.665
S331T,0.319943904876709,-0.883
S331C,-3.098933696746826,-0.451
S331G,0.19512534141540527,-0.479
A332S,-1.0512893199920654,-0.805
A332E,-0.8098835945129395,-0.165
A332G,-0.1470324993133545,-0.262
A332T,-0.7821974754333496,-0.396
A332P,-0.5134224891662598,-0.463
A332V,0.008183002471923828,-0.381
H333P,0.9175987243652344,-0.555
H333N,-0.24278879165649414,-0.408
H333L,1.1183972358703613,-0.294
H333D,1.1510298252105713,-0.045
H333Y,0.1571788787841797,-0.235
H333R,0.8804426193237305,-0.364
H333Q,0.1727428436279297,-0.125
S334C,-2.5102126598358154,-0.215
S334A,0.9074351787567139,-0.515
S334F,0.15132546424865723,-1.167
S334T,0.5526754856109619,-0.495
S334P,-0.33551955223083496,-0.701
S334Y,0.8606600761413574,-0.967
P335T,-0.045629024505615234,-0.283
P335A,0.6866161823272705,0.879
P335L,0.15477800369262695,-1.199
P335Q,-1.318220615386963,-0.081
P335R,-0.5782334804534912,1.227
P335S,-0.20319795608520508,-0.501
W336G,0.8525826930999756,-1.144
W336L,0.7060871124267578,-0.746
W336R,1.1621453762054443,-2.553
W336S,0.43978309631347656,-0.8
W336C,-1.6945762634277344,-1.393
P337S,0.420180082321167,-0.6890000000000001
P337T,0.9330215454101562,-0.516
P337R,0.009520530700683594,-1.492
P337Q,-0.5385353565216064,-0.969
P337L,0.14096951484680176,-0.584
P337A,0.7833378314971924,-0.359
G338C,-2.999432325363159,-0.32
G338S,-0.5453627109527588,-0.466
G338R,-0.6973824501037598,-0.775
G338D,-0.27375292778015137,-0.7390000000000001
G338A,0.6096007823944092,-0.113
G338V,0.9908739328384399,-0.206
A339E,-0.9831898212432861,-0.954
A339P,-0.546269416809082,-1.232
A339S,-0.6217753887176514,-0.562
A339T,-0.32179832458496094,-0.652
A339V,-0.15088725090026855,-0.521
A339G,-0.7724547386169434,-0.716
D340A,0.1740553379058838,-0.102
D340Y,-2.189134120941162,-0.5429999999999999
D340V,-0.23784255981445312,-0.6859999999999999
D340N,-1.2613959312438965,-0.152
D340H,-1.5415291786193848,-0.979
D340G,-0.14679312705993652,-0.32
D340E,-0.1350698471069336,-0.184
R341H,-1.0650243759155273,-0.195
R341L,-0.6563010215759277,-0.248
R341G,2.4904980659484863,0.043
R341P,0.2847747802734375,-0.609
R341C,-2.737473487854004,-0.483
R341S,-0.27823686599731445,-0.226
V342F,-2.002382516860962,-0.89
V342I,-0.8281166553497314,-0.072
V342D,-0.46005749702453613,-2.7910000000000004
V342A,0.05773758888244629,-1.092
V342L,-0.40103769302368164,-0.02
V342G,-0.4873697757720947,-1.116
A343V,0.10224151611328125,-0.218
A343T,-0.10619568824768066,-0.216
A343S,-0.763587474822998,-0.299
A343G,-0.42667508125305176,-0.256
A343E,-0.942863941192627,-0.389
A343P,-0.039832115173339844,-1.221
F344C,-1.8273234367370605,-0.768
F344G,1.3073976039886475,-0.098
F344I,-0.2021636962890625,-0.677
F344L,1.0332555770874023,-0.6
F344S,0.08494949340820312,-1.128
F344V,0.798797607421875,-0.416
F344Y,-0.45595479011535645,-0.754
H345Y,-0.6973066329956055,-0.412
H345P,1.3660507202148438,-0.535
H345N,0.2700681686401367,-0.602
H345L,1.78533935546875,-0.402
H345Q,0.4409470558166504,-0.63
H345R,1.048215389251709,-0.529
H345D,1.324063777923584,-0.451
Q346R,0.823951244354248,-0.328
Q346L,0.37357306480407715,-0.531
Q346K,-0.5576410293579102,0.012
Q346H,-0.2720985412597656,-0.484
Q346E,-0.09112358093261719,0.21
Q346P,0.7323355674743652,-0.483
P347S,-1.1195507049560547,-0.301
P347T,-0.8430724143981934,-0.386
P347R,-0.2027120590209961,-0.201
P347Q,-0.913231372833252,-0.6
P347L,-0.6922595500946045,-0.6920000000000001
P347A,-0.11792302131652832,-0.42
P348T,0.14379501342773438,-0.395
P348S,0.41033244132995605,-0.519
P348R,0.008120536804199219,0.091
P348A,1.3418102264404297,-0.393
P348Q,-0.3820185661315918,-0.352
P348L,-0.041480064392089844,-0.38
G349V,-2.532780647277832,-0.598
G349S,-2.1581196784973145,-0.856
G349R,-2.047506332397461,0.116
G349D,-1.9524303674697876,-0.653
G349C,-4.949188232421875,-0.655
G349A,-0.9674769639968872,-0.068
E350K,-1.0481657981872559,-0.226
E350A,0.640244722366333,-0.192
E350D,-0.629622220993042,-0.267
E350G,-0.038541555404663086,-0.436
E350Q,-0.9484727382659912,-0.438
E350V,-0.6278741359710693,-0.359
T351P,0.3022308349609375,-0.365
T351N,-1.21797513961792,-1.131
T351I,-2.221561908721924,-0.235
T351S,-0.2940807342529297,-0.422
T351A,0.4798717498779297,-0.442
T352P,-3.7119460105895996,-1.959
T352S,-0.47045809030532837,-0.396
T352R,-2.670584201812744,-1.796
T352K,-3.4870553016662598,-1.896
T352A,-1.4170796871185303,-1.7819999999999998
T352M,-5.452296733856201,-1.776
A353E,-1.0056859254837036,-0.228
A353G,-0.11587965488433838,-0.396
A353P,-1.118704915046692,-1.019
A353V,-2.1087937355041504,-0.888
A353T,-0.8464752435684204,-0.888
A353S,-0.129311203956604,-0.539
M354I,-2.2431483268737793,-0.626
M354R,-2.8260979652404785,-1.619
M354T,-0.5240268707275391,-0.499
M354V,-1.3075857162475586,-1.27
M354K,-3.6580066680908203,-3.003
M354L,-1.4901139736175537,-0.409
G355D,-1.3453478813171387,-0.374
G355S,-1.621711254119873,-0.718
G355R,-2.0921590328216553,-0.7040000000000001
G355C,-5.010173797607422,-0.47
G355V,-4.544253826141357,-0.968
G355A,-2.0112345218658447,-0.6709999999999999
W356C,-7.338418006896973,-1.1
W356G,-6.076763153076172,-0.8909999999999999
W356L,-4.409733772277832,-0.33
W356S,-6.051313400268555,-1.844
W356R,-5.333407878875732,-1.736
A357P,-0.14475512504577637,-1.3
A357V,-1.7564611434936523,-0.3229999999999999
A357G,-0.01621413230895996,-0.7509999999999999
A357D,0.9172821044921875,-1.008
A357S,0.029263019561767578,-0.618
A357T,0.02233123779296875,-0.096
V358D,-6.552293300628662,-0.905
V358F,-4.763716697692871,-0.542
V358I,-0.7629756331443787,-0.132
V358G,-5.594027519226074,-0.506
V358L,-3.2190215587615967,-0.6459999999999999
V358A,-2.9231081008911133,-0.54
D359V,0.28718996047973633,-1.116
D359G,-0.7606339454650879,-1.4369999999999998
D359H,0.08407831192016602,-1.843
D359N,-0.2740910053253174,-0.591
D359Y,-0.07677936553955078,-0.91
D359A,0.1555156707763672,-0.386
D359E,0.032915353775024414,-0.722
P360L,-5.418067455291748,-1.882
P360T,-4.487095832824707,-0.223
P360S,-4.866062641143799,-0.526
P360R,-6.354757308959961,-1.225
P360Q,-6.5349531173706055,-0.531
P360A,-2.5561394691467285,0.04
S361T,0.46512675285339355,-0.118
S361R,0.9181866645812988,-0.278
S361N,-1.092560052871704,-0.318
S361I,-0.7617433071136475,-0.597
S361G,0.23200345039367676,-0.278
S361C,-2.9463655948638916,-0.408
G362A,-2.0572292804718018,-0.451
G362C,-4.8432416915893555,-0.398
G362D,-4.5642499923706055,-1.948
G362R,-3.548171043395996,-0.503
G362V,-4.568526744842529,-1.16
G362S,-3.6173267364501953,-0.409
L363M,-1.754878044128418,-0.441
L363P,-3.3068687915802,-3.272
L363Q,-4.042823791503906,-2.299
L363R,-5.079983711242676,-1.933
L363V,-1.2158203125,-0.726
Y364S,0.4983100891113281,-0.1669999999999999
Y364N,-1.6702523231506348,-1.186
Y364H,0.24701929092407227,-0.813
Y364F,-0.8057951927185059,-0.818
Y364D,-0.15105867385864258,-0.7959999999999999
Y364C,-1.556358814239502,-0.969
E365A,1.0625877380371094,-0.465
E365K,-1.6344633102416992,-0.47
E365Q,-0.3220236301422119,0.8220000000000001
E365V,-1.2112417221069336,-0.775
E365D,1.5474834442138672,-0.648
E365G,1.3365405797958374,-0.6779999999999999
L366V,-1.0786511898040771,-0.645
L366Q,-4.229714870452881,-1.554
L366M,-2.890435218811035,-0.495
L366R,-5.196791648864746,-1.958
L366P,-4.162423133850098,-3.256
L367M,-2.332683563232422,-0.88
L367P,-6.053928375244141,-3.261
L367Q,-4.677570343017578,-3.149
L367R,-4.480900764465332,-2.261
L367V,-1.4938560724258423,-0.197
R368C,-2.1855688095092773,-0.483
R368H,-1.2337722778320312,-0.457
R368L,-0.15529680252075195,-0.544
R368P,-3.557987689971924,-2.131
R368S,-0.36521434783935547,-0.514
R368G,-0.6721360683441162,-0.8240000000000001
R369H,-0.3975539207458496,-0.487
R369C,-4.089423656463623,-0.484
R369G,-2.02289080619812,-0.688
R369S,-1.5540790557861328,-0.444
R369P,-5.082125663757324,-1.832
R369L,-1.8249640464782715,-1.015
L370V,0.3804616928100586,-0.267
L370R,-5.20536994934082,-2.196
L370Q,-5.408587455749512,-1.435
L370M,-1.902339220046997,-0.591
L370P,-5.48028564453125,-2.927
S371G,-0.05278444290161133,-0.6609999999999999
S371C,-2.9961278438568115,-0.727
S371T,-0.8877935409545898,-0.313
S371I,-3.622823476791382,-1.923
S371N,-1.2557389736175537,-0.455
S371R,1.5966713428497314,-0.8190000000000001
S372A,2.3664586544036865,0.014
S372C,-2.8896305561065674,0.263
S372F,-2.013866662979126,-0.337
S372P,-1.9261305332183838,-2.604
S372T,0.9068348407745361,-0.365
S372Y,-1.3255293369293213,-0.716
D373Y,-4.107391357421875,-0.767
D373N,-3.5807292461395264,-0.296
D373V,-2.9109952449798584,-0.705
D373G,-2.3736464977264404,-0.701
D373E,-0.04179048538208008,-0.035
D373A,-1.0622406005859375,-0.283
D373H,-1.9824402332305908,-0.436
F374Y,2.319507598876953,-0.256
F374V,-2.3898167610168457,-0.465
F374S,-2.5106120109558105,-1.293
F374L,-2.037876605987549,-0.929
F374I,-4.2257771492004395,-1.088
F374C,-2.9702892303466797,-0.579
P375S,-1.8826966285705566,-0.924
P375R,-1.4818401336669922,-0.093
P375Q,-2.9255588054656982,-0.648
P375L,-3.9097373485565186,-1.205
P375A,-1.0133247375488281,-0.296
P375T,-2.2598648071289062,-0.602
A376E,0.5845880508422852,-0.1689999999999999
A376G,1.4754793643951416,0.208
A376V,-1.3895244598388672,-0.475
A376T,-0.5859572887420654,0.051
A376S,-0.3527052402496338,-0.268
A376P,-1.3334298133850098,-1.38
L377M,-2.9169442653656006,-0.546
L377V,-0.5740711688995361,0.202
L377R,-2.5355334281921387,-1.3119999999999998
L377Q,-3.8017544746398926,-0.628
L377P,-0.8614242076873779,-2.193
P378R,-3.785292148590088,-0.5660000000000001
P378Q,-4.770343780517578,-0.746
P378L,-8.309698104858398,-2.181
P378A,-4.833526611328125,-0.547
P378S,-4.9259772300720215,-0.7290000000000001
P378T,-5.441521167755127,-0.62
L379M,-1.4787852764129639,-0.407
L379V,-0.0906829833984375,-0.087
L379R,-7.241987228393555,-1.713
L379Q,-6.646233081817627,-1.089
L379P,-6.880491256713867,-1.34
V380M,-0.4358978271484375,-0.146
V380L,0.6655473709106445,-0.328
V380G,-3.457427978515625,-1.2919999999999998
V380E,-4.13294792175293,-1.694
V380A,-0.9534673690795898,-0.785
I381L,-2.836517333984375,-0.557
I381F,-5.221530914306641,-3.11
I381M,-4.1480231285095215,-0.177
I381N,-7.645963191986084,-2.568
I381S,-7.177938461303711,-0.899
I381T,-5.6881842613220215,-2.617
I381V,-0.7065624594688416,-0.7070000000000001
T382P,-5.255972385406494,-1.104
T382S,-2.812678575515747,-1.4509999999999998
T382A,-2.9595470428466797,-2.319
T382I,-5.141740798950195,-2.712
T382N,-4.8080291748046875,-1.54
E383A,-7.199169158935547,-1.431
E383G,-7.276095390319824,-3.2310000000000003
E383K,-8.728792190551758,-2.835
E383Q,-7.197389602661133,-2.0980000000000003
E383V,-9.462641716003418,-3.304
E383D,-6.040497779846191,-2.589
N384K,-6.689288139343262,-2.878
N384H,-5.762094497680664,-1.359
N384D,-5.520534038543701,-3.034
N384T,-4.319862365722656,-1.015
N384Y,-7.287178993225098,-3.102
N384I,-7.441380023956299,-3.087
N384S,-4.254724502563477,-0.8909999999999999
G385S,-7.909331798553467,-2.765
G385V,-9.374807357788086,-1.365
G385C,-9.119949340820312,-0.862
G385D,-7.933416843414307,-2.804
G385A,-6.469997882843018,-1.43
G385R,-9.334884643554688,-2.211
A386P,-2.149432420730591,-1.938
A386S,-1.5001225471496582,-0.7140000000000001
A386T,-1.1074004173278809,-1.111
A386V,0.19883966445922852,-0.579
A386D,-3.979820966720581,-1.969
A386G,-2.156029462814331,0.13
A387E,-5.50886869430542,-1.4680000000000002
A387P,-2.1042065620422363,-1.022
A387G,0.45119231939315796,-1.194
A387V,-4.605220317840576,-1.605
A387S,-1.8757801055908203,-0.624
A387T,-3.986538887023926,-1.339
F388Y,0.5798144340515137,-0.119
F388V,-0.13568544387817383,-0.39
F388C,-1.8145222663879395,-0.146
F388L,-0.22847652435302734,-0.7859999999999999
F388I,-1.8567399978637695,-0.916
F388S,0.2614006996154785,-0.763
H389Y,-1.3607497215270996,-0.506
H389P,1.7702645063400269,-0.18
H389N,-0.1083984375,-0.496
H389Q,0.04682469367980957,-0.623
H389L,-0.4666867256164551,-1.56
H389D,2.131903886795044,0.418
H389R,1.0025339126586914,-2.642
D390V,-6.131683349609375,-3.107
D390G,-3.8454442024230957,-2.9560000000000004
D390E,-3.220938205718994,-2.177
D390A,-4.432896614074707,-1.198
D390N,-4.662814617156982,-2.5540000000000003
D390Y,-6.8258867263793945,-0.993
Y391F,-0.07759904861450195,-3.623
Y391E,3.6047439575195312,0.901
Y391D,2.7356457710266113,-1.117
Y391C,-1.8145265579223633,-2.892
Y391S,2.0518798828125,-1.058
Y391H,1.7077293395996094,-3.111
Y391N,0.8229351043701172,-3.114
A392P,0.9070810079574585,0.209
A392S,-1.9080138206481934,-0.213
A392T,-0.1084744930267334,-0.258
A392V,0.782425045967102,0.006
A392G,-2.5237274169921875,-0.51
A392D,-2.0712451934814453,-2.016
D393E,-2.950444459915161,-1.6869999999999998
D393A,-2.1644415855407715,-0.976
D393Y,-5.263338088989258,-1.3159999999999998
D393V,-3.0652172565460205,-1.304
D393N,-2.121849536895752,-0.236
D393H,-3.604753255844116,-2.031
D393G,-2.09492826461792,-1.334
P394A,1.311496376991272,-0.535
P394L,-2.015336036682129,-2.546
P394Q,-1.5941529273986816,-1.182
P394R,-0.5826780796051025,-2.674
P394T,-0.5503945350646973,-0.816
P394S,-0.0245821475982666,-2.841
E395V,-2.0574331283569336,-0.629
E395Q,-0.1739482879638672,-0.991
E395K,-2.04209041595459,-0.518
E395G,-0.7797493934631348,-0.6809999999999999
E395D,1.2819292545318604,-0.186
E395A,0.8527448177337646,-0.285
G396V,-5.586863994598389,-0.912
G396R,-3.6299760341644287,-0.397
G396S,-4.369356632232666,-0.255
G396A,-4.008301734924316,-0.51
G396D,-4.577600002288818,-2.521
G396C,-7.733273983001709,-0.245
N397C,-2.4904208183288574,-0.51
N397D,-0.4974374771118164,-0.378
N397H,0.5002164840698242,-0.417
N397I,-1.0362486839294434,-0.5670000000000001
N397K,-0.5442700386047363,-0.46
N397T,0.2814140319824219,-0.409
N397Y,-1.7110795974731445,-0.293
N397S,-0.24489736557006836,-0.409
V398F,-5.530566215515137,-2.166
V398L,-1.5996613502502441,-2.079
V398I,-1.9479378461837769,-0.185
V398D,-6.945000171661377,-3.289
V398G,-6.36339807510376,-0.976
V398A,-3.6407387256622314,-1.495
N399H,3.08608078956604,-0.246
N399Y,-1.791917324066162,-0.382
N399T,-0.46950578689575195,-0.376
N399S,-0.7757091522216797,-0.605
N399K,-0.8458428382873535,-0.187
N399I,-0.6414594650268555,-0.428
N399D,-0.03880620002746582,-1.431
D400E,-5.121382713317871,-2.125
D400H,-6.692290306091309,-1.505
D400N,-6.293828010559082,-2.722
D400V,-6.5930376052856445,-2.891
D400Y,-7.231865882873535,-1.876
D400G,-6.741965293884277,-2.94
D400A,-5.635660648345947,-1.564
P401A,-1.2213859558105469,-0.753
P401S,-3.109389066696167,-0.378
P401T,-2.5439422130584717,-0.604
P401L,-3.1118531227111816,-0.409
P401R,-2.4485466480255127,-0.8
P401Q,-3.2401299476623535,-0.393
E402V,-0.7898383140563965,-1.391
E402K,-2.000204563140869,-0.2
E402A,0.49505627155303955,-0.47
E402D,-0.4837658405303955,-0.377
E402G,-0.8617238998413086,-0.677
E402Q,-0.8545584678649902,-0.189
R403P,-10.015451431274414,-2.937
R403C,-8.591784477233887,-2.998
R403G,-7.6978840827941895,-1.624
R403H,-7.480865955352783,-2.929
R403L,-9.336380004882812,-2.0580000000000003
R403S,-7.82209587097168,-1.793
I404L,-2.1846723556518555,-0.541
I404N,-5.680536270141602,-2.435
I404S,-4.3224663734436035,-0.247
I404F,-4.688872814178467,-1.557
I404V,-0.008580207824707031,-0.375
I404M,-3.7414960861206055,-0.604
I404T,-2.119887351989746,-0.7829999999999999
A405E,-2.429718017578125,-0.324
A405G,-0.810509204864502,-0.389
A405P,-4.285470962524414,-1.3130000000000002
A405S,-2.8274333477020264,0.045
A405T,-3.125387191772461,-0.305
A405V,-4.396958351135254,-0.245
Y406H,-3.0917587280273438,-2.149
Y406D,-6.8269243240356445,-0.982
Y406S,-6.210404872894287,-1.348
Y406N,-5.6603193283081055,-2.766
Y406C,-6.125873565673828,-1.3530000000000002
Y406F,-1.5344367027282715,-0.27
V407F,-0.13252592086791992,-0.921
V407L,2.9122276306152344,0.37
V407I,0.023027896881103516,-0.216
V407G,-4.621072769165039,-1.546
V407D,-6.117249488830566,-2.96
V407A,-2.419872283935547,-1.151
R408L,-4.541899681091309,-0.701
R408S,-2.9181928634643555,-0.7
R408P,-6.221162796020508,-2.362
R408G,-2.8803749084472656,0.295
R408C,-5.307128429412842,-0.569
R408H,-2.4588475227355957,-0.269
D409G,0.14426708221435547,-0.345
D409H,-3.1913504600524902,-0.235
D409A,-0.32948899269104004,-0.141
D409N,-3.0997562408447266,-0.34
D409E,-0.5104234218597412,-0.066
D409Y,-6.545584678649902,-0.515
D409V,-5.451367378234863,-0.718
H410P,-10.633193016052246,-2.271
H410N,-5.076798439025879,-0.962
H410Q,-3.7554218769073486,-0.856
H410R,-4.426302909851074,-2.984
H410D,-6.7826457023620605,-2.191
H410Y,-1.4215679168701172,-1.95
H410L,-6.4784135818481445,-3.252
L411M,-3.0422377586364746,-0.813
L411P,-9.68791389465332,-3.1260000000000003
L411Q,-7.415914058685303,-3.383
L411V,-1.2601232528686523,-0.216
L411R,-7.87488317489624,-2.071
A412T,-1.5410641431808472,-0.125
A412V,-1.8751016855239868,-0.261
A412S,-2.3134889602661133,-0.249
A412P,-4.41995096206665,-2.265
A412E,-1.5121082067489624,-0.019
A412G,-1.842037320137024,-0.299
A413V,-4.689767360687256,-0.782
A413T,-4.364366054534912,-1.005
A413S,-3.624696969985962,-0.495
A413P,-5.595736980438232,-1.546
A413G,-3.393160820007324,-0.883
A413E,-3.506617784500122,-0.66
V414I,-1.1233447790145874,0.015
V414F,-3.601808547973633,-2.401
V414L,-0.057703495025634766,0.202
V414D,-9.635169982910156,-3.189
V414A,-1.2958358526229858,-0.616
V414G,-5.096318244934082,-1.778
H415N,-3.77675199508667,-0.746
H415D,-3.273841381072998,-0.79
H415R,-1.0700478553771973,-0.918
H415P,-8.037622451782227,-2.109
H415Q,-2.5319294929504395,-0.6809999999999999
H415Y,-3.9311447143554688,-0.259
H415L,-2.9656476974487305,-0.384
R416P,-6.356324195861816,-1.568
R416C,-6.922696113586426,-0.7040000000000001
R416G,-2.2572574615478516,-0.46
R416H,-3.3976993560791016,-0.192
R416L,-4.126516342163086,-0.625
R416S,-2.594367027282715,-0.504
A417P,-9.496536254882812,-1.776
A417S,-3.8936657905578613,-0.564
A417E,-8.007122039794922,-1.453
A417G,-3.7740585803985596,-0.735
A417V,-4.454648971557617,-1.389
A417T,-4.685276508331299,-1.334
I418V,0.12867999076843262,-0.732
I418T,-3.085735321044922,-1.148
I418S,-4.368185043334961,-0.7440000000000001
I418N,-6.199884414672852,-1.39
I418M,-0.4370458126068115,-0.254
I418L,-1.0846760272979736,-0.194
I418F,-4.779696464538574,-0.758
K419T,1.8792273998260498,-0.064
K419N,0.03329324722290039,-0.484
K419I,-0.9829483032226562,-0.35
K419E,3.1208879947662354,-0.318
K419R,2.9345650672912598,-0.464
K419Q,0.9412407875061035,-0.201
D420Y,-6.658565521240234,-0.569
D420V,-4.855899333953857,-0.747
D420N,-3.2431535720825195,-0.535
D420H,-4.108710765838623,-0.314
D420G,-2.4745640754699707,-0.594
D420E,-0.5656015872955322,-0.13
D420A,-0.4205048084259033,0.152
G421V,-8.88317584991455,-1.214
G421S,-6.645984649658203,-1.31
G421R,-5.345893859863281,-1.159
G421D,-6.3815083503723145,-0.906
G421C,-8.01440715789795,-0.499
G421A,-6.607592582702637,-1.5719999999999998
S422T,1.134890079498291,-0.386
S422P,-3.183377265930176,-2.842
S422A,3.970633029937744,-0.245
S422L,-0.5804290771484375,-0.993
D423V,-5.157416343688965,-0.732
D423A,-2.0014214515686035,-0.767
D423E,-2.688627243041992,-0.464
D423G,-3.618368148803711,-1.136
D423Y,-6.1033854484558105,-0.623
D423N,-1.6437634229660034,0.036
V424M,-5.058502197265625,-2.053
V424L,-0.9554314613342285,-1.273
V424G,-7.10569953918457,-1.73
V424E,-8.310729026794434,-3.472
V424A,-4.987186431884766,-1.7480000000000002
R425H,-3.644512176513672,-0.755
R425G,-4.5710320472717285,-0.633
R425S,-3.7196640968322754,-0.769
R425P,-6.5439043045043945,-1.888
R425C,-5.161200046539307,-0.8859999999999999
R425L,-4.023105621337891,-0.74
G426D,-6.667202949523926,-2.93
G426V,-7.286834716796875,-1.198
G426A,-3.257704257965088,-0.72
G426C,-6.7737555503845215,-1.599
G426S,-4.806962966918945,-2.291
G426R,-6.3797526359558105,-1.286
Y427N,-9.724156379699707,-3.077
Y427H,-5.592093467712402,-1.3869999999999998
Y427F,-3.2637858390808105,-0.463
Y427S,-7.79066276550293,-0.939
Y427C,-6.996879577636719,-3.195
Y427D,-9.374070167541504,-1.416
F428V,-5.789686679840088,-0.939
F428Y,-1.9084211587905884,-0.8009999999999999
F428L,-3.27471923828125,-1.617
F428I,-6.851629734039307,-1.3530000000000002
F428C,-5.38327169418335,-0.647
F428S,-5.658895492553711,-3.1910000000000003
L429Q,-1.558797836303711,-1.097
L429M,-0.9860548973083496,-0.542
L429V,0.858373761177063,-0.56
L429P,-0.9308037757873535,-3.181
L429R,-6.645914554595947,-1.755
W430G,-8.568453788757324,-1.556
W430S,-8.53954792022705,-1.912
W430C,-9.097779273986816,-1.284
W430R,-7.445852279663086,-3.125
W430L,-8.392770767211914,-1.159
S431A,-3.976844549179077,-0.08
S431L,-10.51146125793457,-2.614
S431P,-8.109585762023926,-3.244
S431T,-3.2973623275756836,-0.483
S431W,-12.343985557556152,-0.81
L432M,-3.5180232524871826,-0.494
L432P,-6.368751049041748,-3.254
L432Q,-7.90158224105835,-1.044
L432R,-8.837915420532227,-1.98
L432V,-4.079807281494141,-0.94
L433M,0.48240232467651367,-0.637
L433V,-2.7414488792419434,-0.493
L433R,-6.24290132522583,-1.965
L433P,-8.016282081604004,-2.99
L433Q,-4.267745494842529,-2.313
D434V,-9.287095069885254,-2.928
D434Y,-9.722405433654785,-1.945
D434H,-9.395034790039062,-2.527
D434A,-8.805100440979004,-1.364
D434G,-7.884645938873291,-2.766
D434E,-6.495255470275879,-2.362
D434N,-7.088671684265137,-2.594
N435S,-2.712332010269165,-2.6710000000000003
N435Y,-7.211370468139648,-3.684
N435D,-2.975851058959961,-2.748
N435T,-3.36328387260437,-0.292
N435H,-4.465723991394043,-1.495
N435I,-5.635235786437988,-3.238
N435K,-6.5991740226745605,-2.3040000000000003
F436Y,-2.1549134254455566,-0.348
F436V,-3.519172430038452,-0.945
F436L,-3.057307004928589,-0.933
F436C,-6.378434181213379,-1.479
F436I,-4.207263469696045,-3.458
F436S,-6.938630104064941,-3.214
E437D,-5.447198867797852,-1.902
E437A,-6.405928611755371,-1.865
E437Q,-6.855831146240234,-2.299
E437V,-8.618088722229004,-3.0210000000000004
E437K,-8.764278411865234,-2.777
E437G,-6.441535949707031,-2.86
W438S,-6.81148624420166,-2.354
W438L,-5.275899887084961,-0.999
W438C,-7.611089706420898,-1.564
W438G,-6.92176628112793,-0.946
W438R,-6.504977703094482,-3.279
A439E,-2.3974409103393555,-0.636
A439G,-2.336243152618408,0.079
A439V,-1.9821819067001343,-0.262
A439T,-2.2754082679748535,-0.547
A439S,-1.6251753568649292,-0.193
A439P,-4.570329189300537,-1.4280000000000002
H440Q,-0.4170112609863281,-0.455
H440P,-1.1710152626037598,-1.614
H440N,-0.431321382522583,-0.461
H440L,0.08090496063232422,-0.67
H440D,0.736668586730957,0.262
H440Y,0.6865501403808594,-0.501
H440R,-0.48182034492492676,-1.518
G441V,-8.060654640197754,-1.954
G441A,-4.141203880310059,-2.968
G441C,-7.239498138427734,-0.868
G441D,-5.9375786781311035,-3.08
G441R,-6.189085006713867,-2.999
G441S,-5.437928676605225,-3.037
Y442F,-1.744168758392334,-0.39
Y442S,-6.327437400817871,-1.4780000000000002
Y442H,-4.825409412384033,-3.063
Y442N,-6.85563850402832,-3.49
Y442D,-7.226045608520508,-0.439
Y442C,-6.48255729675293,-3.22
S443I,-6.220191955566406,-1.959
S443R,-2.087815999984741,-2.07
S443T,-0.8859193325042725,-1.958
S443G,-1.3139431476593018,-0.736
S443C,-4.679579257965088,-1.5759999999999998
S443N,-2.588935375213623,-1.779
K444I,-1.5281625986099243,-0.8320000000000001
K444T,-0.7167066335678101,-0.128
K444R,-0.6011947393417358,-0.417
K444Q,-1.209699273109436,-0.343
K444N,-2.8266215324401855,-0.966
K444E,-0.7150157690048218,-0.7959999999999999
R445C,-6.641079902648926,-2.962
R445G,-5.1204328536987305,-1.882
R445H,-5.21165132522583,-2.883
R445S,-6.436586380004883,-2.064
R445L,-7.144131660461426,-2.282
F446I,-7.208456039428711,-3.237
F446Y,-4.27987813949585,-0.391
F446V,-6.989296913146973,-0.77
F446S,-7.5602521896362305,-3.059
F446C,-7.773568153381348,-1.45
F446L,-4.925445556640625,-1.711
G447V,-11.116323471069336,-2.122
G447A,-6.290461540222168,-1.816
G447C,-9.433818817138672,-1.831
G447D,-7.33200216293335,-2.78
G447R,-8.209537506103516,-1.979
G447S,-7.2921552658081055,-2.456
A448D,-4.087906837463379,-2.239
A448G,-2.8810877799987793,-0.991
A448P,-1.560509204864502,-1.457
A448S,-2.108717441558838,-0.327
A448T,-0.736971378326416,-0.015
A448V,1.9371116161346436,-0.093
V449E,-5.075990676879883,-2.732
V449G,-4.2413330078125,-1.252
V449L,-2.561884880065918,-0.7140000000000001
V449M,-3.5689754486083984,-0.5870000000000001
V449A,-2.3288440704345703,-0.928
Y450D,-2.969010829925537,-1.4069999999999998
Y450F,-0.8239092826843262,-0.356
Y450S,-0.5028023719787598,-1.102
Y450H,0.2853114604949951,-1.894
Y450N,-3.6172804832458496,-2.642
Y450C,-2.9434752464294434,-3.181
V451G,-6.614919662475586,-2.228
V451A,-3.2825984954833984,-3.14
V451D,-7.504101753234863,-3.403
V451F,-6.127030849456787,-1.824
V451I,-3.3527424335479736,-0.241
V451L,-3.7437567710876465,-1.415
D452Y,-10.14581298828125,-0.378
D452V,-8.965531349182129,-0.875
D452N,-4.0992655754089355,-0.75
D452H,-6.476434707641602,0.037
D452G,-5.625781059265137,-2.339
D452E,-5.54015588760376,-0.517
D452A,-6.137756824493408,-1.12
Y453H,-1.446852207183838,-2.027
Y453S,-4.4889373779296875,-1.318
Y453N,-4.780092239379883,-3.594
Y453F,-0.8902511596679688,-0.251
Y453D,-4.758185386657715,-1.977
Y453C,-5.828883171081543,-3.094
P454A,2.840022087097168,-1.414
P454Q,0.23763370513916016,-1.233
P454L,-1.3072328567504883,-0.919
P454S,0.47020530700683594,-1.492
P454R,2.143648147583008,-0.955
P454T,0.8604214191436768,-1.162
T455A,-4.01695442199707,-1.244
T455I,-8.483420372009277,-0.757
T455N,-3.8534398078918457,-0.857
T455P,-6.871476173400879,-1.7719999999999998
T455S,-1.8110249042510986,-0.483
G456C,-2.086174964904785,-0.6990000000000001
G456D,-0.661341667175293,-2.881
G456R,2.091917037963867,-0.387
G456S,-0.288787841796875,-0.402
G456V,0.9281072616577148,-1.93
G456A,0.9825897216796875,0.014
T457A,1.2284691333770752,-0.297
T457K,0.5753955841064453,-0.133
T457M,-2.99605131149292,-0.605
T457R,1.4920923709869385,-0.736
T457S,-0.4133477210998535,-0.523
T457P,-2.239323139190674,-2.205
R458S,-6.08587646484375,-2.41
R458P,-5.907037258148193,-2.331
R458L,-6.187502384185791,-2.0
R458H,-5.563343524932861,-2.396
R458C,-7.684845447540283,-3.067
R458G,-5.265528678894043,-2.552
I459F,-1.76812744140625,-0.5489999999999999
I459L,-0.43889307975769043,-0.815
I459M,-1.4428424835205078,0.295
I459N,-2.7094335556030273,-2.236
I459S,-0.794684648513794,-1.009
I459T,2.5323374271392822,-0.341
I459V,0.11449313163757324,-0.498
P460Q,-6.4532599449157715,-0.429
P460A,-4.497224807739258,-1.405
P460L,-4.2955002784729,-0.508
P460T,-5.758325576782227,-0.7140000000000001
P460R,-4.423653602600098,-1.014
P460S,-6.32600212097168,-0.92
K461N,-6.699832439422607,-3.137
K461I,-7.845181941986084,-3.214
K461E,-7.709089756011963,-3.234
K461R,-2.7302887439727783,-3.31
K461T,-5.646631240844727,-1.337
K461Q,-6.0806498527526855,-2.049
A462T,-1.9776813983917236,-0.176
A462V,-2.4573099613189697,-0.474
A462D,0.41846024990081787,-0.439
A462G,-1.917600393295288,-0.607
A462P,-1.3360788822174072,-1.42
A462S,-1.685293436050415,-0.383
S463T,-5.142280578613281,-0.655
S463R,-8.952329635620117,-2.903
S463N,-8.474143981933594,-3.36
S463I,-11.604375839233398,-0.7609999999999999
S463C,-7.007678985595703,-0.8290000000000001
S463G,-5.4712371826171875,-1.5830000000000002
A464V,-4.185380935668945,-0.956
A464D,-5.6682610511779785,-2.127
A464T,-4.1311445236206055,-1.31
A464S,-2.6704556941986084,-0.753
A464P,-4.974085330963135,-1.774
A464G,-1.304065465927124,-0.71
R465C,-4.550426006317139,-0.507
R465P,-5.177154541015625,-1.992
R465L,-2.4701180458068848,-0.295
R465H,-1.202958583831787,-0.189
R465G,-2.265554428100586,-0.608
R465S,-2.468644142150879,-0.619
W466S,-4.94152307510376,-1.477
W466R,-3.960137367248535,-2.715
W466C,-5.733214378356934,-0.603
W466G,-6.102601051330566,-1.826
W466L,-2.9883360862731934,-0.626
Y467N,-6.739179611206055,-3.148
Y467C,-4.889354228973389,-2.112
Y467D,-7.551007270812988,-1.384
Y467S,-5.531578540802002,-2.0540000000000003
Y467F,-0.3338446617126465,-0.377
Y467H,-4.271465301513672,-3.1860000000000004
A468S,-2.7941670417785645,-0.219
A468T,-2.6432929039001465,-0.5
A468G,-2.0038161277770996,0.143
A468D,-4.044260501861572,-2.2
A468V,-4.137639999389648,-1.385
A468P,-6.65367317199707,-1.97
E469A,-1.440107822418213,-0.306
E469D,0.03590106964111328,-0.197
E469G,-2.594717025756836,-0.276
E469K,-3.0685601234436035,-0.041
E469Q,-1.6096477508544922,-0.2
E469V,-5.689148902893066,-0.416
V470D,-9.090373039245605,-3.666
V470A,-0.7289390563964844,-1.163
V470L,-1.697130799293518,0.159
V470I,-1.634219765663147,-0.159
V470G,-6.425499439239502,-1.466
V470F,-3.166769504547119,-0.818
A471S,-3.4063608646392822,-0.654
A471P,-6.588101387023926,-1.125
A471G,-3.509260416030884,-1.218
A471D,-6.972599029541016,-2.169
A471T,-2.4811580181121826,-0.335
A471V,-0.253373384475708,-0.274
R472C,-6.762628555297852,-0.539
R472P,-7.044690132141113,-2.5980000000000003
R472G,-2.408400058746338,-0.544
R472H,-3.8277833461761475,-0.464
R472L,-4.8056745529174805,-0.594
R472S,-2.875410795211792,-0.562
T473A,-0.2698073387145996,-0.615
T473K,-2.05195689201355,-0.401
T473M,-4.551446914672852,-0.63
T473P,-3.203188896179199,-1.814
T473R,-0.06023740768432617,-0.4270000000000001
T473S,-0.031792402267456055,-0.386
G474R,-1.4675798416137695,-0.537
G474D,-2.170229434967041,-0.628
G474C,-5.295469284057617,-0.366
G474A,-2.0791478157043457,-0.767
G474S,-2.1252689361572266,-0.408
G474V,-4.007460117340088,-1.354
V475D,-0.5324661731719971,-0.8009999999999999
V475F,-2.5007123947143555,-0.434
V475G,1.1493197679519653,0.01
V475I,-1.4931879043579102,-0.419
V475L,0.8512309789657593,-0.531
V475A,0.6940433979034424,-0.423
L476R,-2.2472963333129883,-1.4340000000000002
L476Q,-3.6037142276763916,-1.408
L476V,-0.48453259468078613,-0.265
L476M,-2.426492214202881,-0.393
L476P,-2.693317413330078,-1.154
P477T,-0.8572133779525757,-0.363
P477A,-0.4488943815231323,-0.366
P477R,-1.0761862993240356,-0.54
P477S,-1.3910516500473022,-0.289
P477Q,-1.9990500211715698,-0.495
P477L,-2.4737820625305176,-0.536
T478A,1.5147387981414795,-0.109
T478I,-1.101862907409668,-0.032
T478S,0.17931556701660156,-0.06
T478N,-1.4693889617919922,-0.5670000000000001
T478P,1.242262601852417,-0.387
A479P,-0.06497609615325928,-0.035
A479G,-0.35875487327575684,-0.222
A479D,-0.35448479652404785,-0.152
A479V,-1.3970324993133545,-0.611
A479T,-0.7839071750640869,-0.322
A479S,-0.6323120594024658,-0.185
G480A,0.7264871597290039,-0.6709999999999999
G480W,-2.9428954124450684,-0.36
G480V,-0.4235539436340332,-0.251
G480R,-0.4762587547302246,-0.116
G480E,-0.5618443489074707,-0.301
D481E,0.16212797164916992,-0.162
D481A,0.982984185218811,0.162
D481N,-0.9197845458984375,0.123
D481V,0.03202986717224121,-0.266
D481Y,-2.085442543029785,-0.043
D481G,0.24714899063110352,-0.278
D481H,-0.6865906715393066,-0.043
P482A,0.2025214433670044,0.15
P482T,-0.8031973838806152,-0.208
P482S,-0.6151747703552246,-0.348
P482R,-0.3452305793762207,-0.231
P482Q,-1.5329923629760742,-0.136
P482L,-0.5585699081420898,-0.408
N483I,0.48940610885620117,-0.305
N483Y,-0.24553823471069336,-0.161
N483T,1.8112177848815918,-0.258
N483S,2.2676920890808105,-0.337
N483K,0.14990663528442383,-0.151
N483H,0.08235836029052734,-0.277
N483D,1.9508185386657715,-0.19
S484W,-1.3718302249908447,-0.747
S484T,0.005416154861450195,-0.257
S484P,1.033920168876648,-0.381
S484A,1.108246922492981,0.079
S484L,0.5013582706451416,-0.185
S485T,-0.02606797218322754,0.047
S485R,-0.10929131507873535,0.027
S485N,-1.7350983619689941,-0.458
S485I,-1.066451072692871,0.184
S485G,0.3892326354980469,-0.184
S485C,-1.6340060234069824,-0.194
S486C,-2.2294485569000244,0.206
S486Y,-1.2817552089691162,-0.231
S486T,-0.0688774585723877,-0.16
S486P,0.6101019382476807,-0.07
S486F,-1.1780493259429932,-0.278
S486A,0.9700602293014526,0.104
V487F,-0.9644267559051514,-0.118
V487I,-0.9695539474487305,0.016
V487L,0.4719963073730469,-0.146
V487D,0.2971189022064209,-0.239
V487A,1.3040385246276855,-0.171
V487G,0.4049375057220459,-0.075
D488E,0.49636197090148926,-0.156
D488V,-0.6587579250335693,-0.153
D488Y,-2.7345528602600098,-0.407
D488A,0.8680417537689209,-0.145
D488G,-0.18196582794189453,-0.357
D488H,-1.3391749858856201,-0.102
D488N,-1.9906401634216309,-0.145
K489E,2.3834080696105957,-0.371
K489T,1.4253087043762207,-0.197
K489R,2.308401107788086,-0.313
K489N,-0.117095947265625,-0.215
K489M,-0.7675189971923828,-0.379
K489Q,1.4131803512573242,-0.195
L490V,-0.28180932998657227,-0.665
L490H,-1.1427080631256104,-0.283
L490I,-1.128124713897705,-0.294
L490P,0.9128432273864746,-0.302
L490R,-0.43161582946777344,-0.075
L490F,-1.8204765319824219,-0.071
A491P,-0.3657209873199463,0.379
A491S,-1.3852362632751465,-0.677
A491E,-1.717529296875,-0.259
A491T,-1.1605336666107178,-0.406
A491V,-1.0852315425872803,-0.383
A491G,-1.6896352767944336,0.541
A492D,-1.1018450260162354,-0.248
A492S,-1.4945361614227295,-0.073
A492P,-0.45946216583251953,0.163
A492G,-1.2115342617034912,-0.206
A492V,-1.9428775310516357,-0.113
A492T,-1.4979841709136963,-0.189
A493T,-1.4519846439361572,-0.194
A493V,-1.2036998271942139,-0.34
A493S,-1.1043548583984375,-0.266
A493P,-0.5434613227844238,-0.103
A493G,-0.6713597774505615,-0.147
A493E,-0.6012914180755615,-0.041
L494F,-1.737865924835205,-0.183
L494H,2.0592803955078125,-0.077
L494I,-1.168532371520996,-0.365
L494P,1.3315925598144531,-0.07
L494R,0.9749913215637207,0.054
L494V,0.24336814880371094,-0.057
E495V,-1.1007499694824219,-0.1669999999999999
E495D,0.8503320217132568,-0.246
E495G,0.39760351181030273,-0.117
E495K,-0.7699155807495117,-0.206
E495Q,0.08715629577636719,-0.146
E495A,0.41284847259521484,-0.371
H496D,-2.667201042175293,-0.192
H496L,-4.089050769805908,-0.198
H496N,-2.896303653717041,-0.589
H496P,-3.195831298828125,-0.237
H496Q,-2.8521676063537598,-0.008
H496R,-2.8975749015808105,-0.268
H496Y,-4.437958717346191,-0.489
H497N,-4.0978779792785645,-0.5660000000000001
H497L,-4.922660827636719,-0.428
H497P,-4.661844253540039,-0.1369999999999999
H497Q,-4.3127007484436035,-0.512
H497R,-4.247594833374023,-0.507
H497Y,-5.317107200622559,-0.109
H497D,-3.0996127128601074,0.21
H498R,-4.167375087738037,-0.258
H498Q,-4.841459274291992,-0.388
H498D,-3.038421392440796,-0.141
H498T,-5.455276966094971,-1.247
H498P,-4.62672233581543,-0.77
H498Y,-5.125692367553711,-0.338
H498L,-5.190364360809326,-0.403
H498N,-3.961559295654297,-0.312
H499L,-5.141617774963379,-0.42
H499D,-4.023627281188965,-0.14
H499P,-4.5084357261657715,-0.395
H499Q,-4.4614973068237305,-0.414
H499R,-4.207726001739502,-0.341
H499T,-5.86735200881958,0.185
H499Y,-5.08302116394043,-0.255
H499N,-4.809484004974365,-0.486
H500Y,-4.983077526092529,-0.353
H500T,-4.749159812927246,-0.823
H500R,-3.8750240802764893,-0.332
H500Q,-4.180077075958252,-0.1669999999999999
H500N,-3.9098541736602783,-0.317
H500D,-3.6412405967712402,-0.431
H500P,-4.677794456481934,-0.103
H500L,-4.757209777832031,-0.194
H501D,-3.5059123039245605,-0.23
H501L,-4.403226852416992,-0.336
H501N,-4.2125396728515625,-0.456
H501P,-3.9983651638031006,-0.613
H501Q,-3.6832122802734375,-0.31
H501R,-2.393256425857544,-0.199
H501Y,-4.46376895904541,-0.3670000000000001
