mutant,RITA_score,DMS_score
K35A:E38A,-5.537189722061157,97
K74A:E75A:R77A,-5.533842086791992,110
K35A:E38A:K74A:E75A:R77A,-5.565551280975342,50
E38A:K74A:E75A:R77A,-5.5524537563323975,43
K35A:K74A:E75A:R77A,-5.548709869384766,56
K35A:E38A:E75A:R77A,-5.550003528594971,44
K35A:E38A:K74A:R77A,-5.546474456787109,41
K35A:E38A:K74A:E75A,-5.5633909702301025,19
E38A:E75A:R77A,-5.5395731925964355,88
E38A:E75A,-5.548038959503174,66
K35A:E75A:R77A,-5.534449338912964,68
K35A:E75A,-5.542026996612549,150
K74A,-5.518054008483887,100
E75A,-5.528118848800659,140
K74A:E75A:R77A:E80A:D82A,-5.569519996643066,50
E80A:D82A,-5.546535491943359,130
E80A,-5.515962839126587,160
D82A,-5.527105808258057,160
E75A:D82A,-5.543552875518799,170
S34G:G36R:H43R,-5.561026096343994,120
D5A:K6A,-5.5179173946380615,150
K8A:K10A,-5.5301594734191895,24
Y9A,-5.510884046554565,78
D13A,-5.508641242980957,46
D14A,-5.503784894943237,30
S16A,-5.515137434005737,160
Y17A:F18A,-5.5116517543792725,30
E19A:P20A,-5.568029165267944,9
T21A,-5.51036810874939,170
P23A,-5.505417823791504,67
Y24A,-5.519355535507202,40
V27A,-5.525128602981567,50
N28A,-5.510966539382935,5
N28A:V29A,-5.521214723587036,45
T30A,-5.532633304595947,140
V32A,-5.539978981018066,45
D33A:K35A,-5.6091907024383545,130
S34A,-5.512133836746216,110
K35A,-5.5234215259552,230
G36A,-5.579631328582764,72
N37A,-5.5559422969818115,110
L39A:L40A,-5.52096152305603,5
S41A:P42A,-5.5226569175720215,48
H43A,-5.493168830871582,69
H43A:Y44A,-5.49704909324646,5
V45A,-5.526701927185059,5
F47A,-5.517971515655518,5
I49A,-5.527825355529785,43
K50A,-5.525776624679565,42
T53A:T54A,-5.52929425239563,68
T56A,-5.536684036254883,150
K57A:E58A:K59A,-5.565220355987549,94
I60A,-5.514384746551514,96
E61A:E65A,-5.522862195968628,80
Y62A:Y63A,-5.467278003692627,5
Y63A,-5.507466793060303,5
V64A,-5.507978677749634,48
E65A,-5.527776002883911,97
E65A:D69A,-5.546511650085449,5
W66A,-5.489506244659424,5
L68A,-5.514622926712036,93
Y73A,-5.520158529281616,5
Y73A:K74A,-5.5284037590026855,5
K74A,-5.518054008483887,69
K74A:E75A:R77A,-5.533842086791992,68
K74A:R77A,-5.516783952713013,41
F76A,-5.500385522842407,90
V78A:V79A,-5.524496793746948,68
L81A,-5.508979320526123,28
D82A:S84A,-5.535085439682007,130
S84A,-5.520017862319946,89
K86A:E88A,-5.572920083999634,73
I87A,-5.51646876335144,98
V89A,-5.540510416030884,87
T90A,-5.538541078567505,120
Y91A,-5.540691137313843,53
Y92A,-5.543130874633789,120
D93A:K94A,-5.595752239227295,97
K94A:N95A:K97A,-5.577984094619751,8
N95A,-5.5212695598602295,260
K96A:K97A:K98A,-5.600768327713013,47
E99A,-5.510889053344727,42
T101A,-5.5347065925598145,85
K102A,-5.532764911651611,89
S103A,-5.526195526123047,210
F104A,-5.540132761001587,55
I106A,-5.543503522872925,93
T107A,-5.5243752002716064,130
E108A:K109A,-5.551771640777588,170
F111A,-5.528045177459717,49
V112A:V113A,-5.540030479431152,130
D115A:S117A,-5.511245489120483,54
D115A:E118A:H119A,-5.506250619888306,32
L116A:S117A,-5.529966831207275,5
H119A:K121A,-5.488653182983398,130
I120A,-5.526412487030029,75
N122A,-5.512812376022339,19
F125A,-5.505990982055664,10
N126V,-5.5187554359436035,51
L127A,-5.511293888092041,54
I128A,-5.5159361362457275,20
T129A,-5.508438348770142,190
K130A,-5.520309686660767,280
V131A,-5.513808488845825,70
V132A,-5.522875785827637,130
I133A,-5.5199103355407715,99
E134A:K135A:K136A,-5.572714567184448,74
K135A,-5.523045301437378,410
K136A,-5.548291444778442,180
G36E,-5.566496133804321,66
G36K,-5.551546812057495,88
G36L,-5.589467763900757,92
G36N,-5.549515962600708,91
G36Q,-5.580820322036743,92
G36R,-5.580137014389038,100
H43R,-5.4862425327301025,120
S34G:G36R,-5.574661731719971,90
S34G:G36R:H43R:K74A,-5.570660591125488,12
S34G:G36R:K74A,-5.584467172622681,26
K35G:G36R:H43D,-5.588679790496826,6
G36R:K74A,-5.5896759033203125,35
G36R:K74R,-5.59847354888916,150
G36R:K74A:N95A,-5.602035284042358,25
G36R:K74A:K135R,-5.61185622215271,33
G36R:K74R:K135R,-5.620815277099609,75
K35E,-5.5140838623046875,160
K35Q,-5.5307087898254395,69
Y73F,-5.514894723892212,31
Y73H,-5.5382513999938965,5
Y73L,-5.5087571144104,5
Y73S,-5.514155387878418,5
Y73W,-5.538487434387207,27
K74E,-5.519864797592163,5
K74N,-5.528238773345947,39
K74Q,-5.5290257930755615,110
K74R,-5.5271546840667725,150
N95E,-5.502289533615112,79
N95G,-5.514199256896973,160
N95K,-5.523946762084961,180
K130T,-5.51727557182312,290
V132L,-5.517388343811035,120
V132T,-5.51011061668396,140
V132N,-5.530115604400635,150
V132R,-5.536433219909668,230
K135F,-5.540189504623413,64
K135R,-5.53411078453064,230
K35A:K74A,-5.530344724655151,130
Y73F:K74A,-5.524537563323975,6
I60A:K74A:N95A,-5.530497789382935,84
N95A:K135R,-5.546239852905273,240
K130T:K135R,-5.537382364273071,280
K130T:K135R,-5.537382364273071,280
G36R:K130T:K135R,-5.606178045272827,220
K74R:K130T:K135R,-5.553550720214844,310
K74Q:K130T:K135R,-5.557129144668579,190
G36R:K74R:K130T:K135R,-5.6226325035095215,210
G36R:K74Q:K130T:K135R,-5.624279260635376,120
G36R:H43R:K74R:K130T:K135R,-5.6084794998168945,160
S34G:G36R:K74Q:K130T:K135R,-5.619302272796631,76
E65A:K74Q:K130T:K135R,-5.572835683822632,170
G36R:E65A:K74Q:K130T:K135R,-5.636534690856934,83
G36R:E65A:K74A:K130A:K135R,-5.6213812828063965,71
E65A:A72S:K74Q:K130T:K135R,-5.573217153549194,96
E65Q:K74Q:K130T:K135R,-5.561530590057373,150
K74Q:K86A:K130T:K135R,-5.5910398960113525,130
E65Q:T71S:K74Q:K130T:K135R,-5.556210517883301,210
E65Q:K74Q:E75A:K130T:K135R,-5.57559871673584,46
E65Q:K74Q:E75D:K130T:K135R,-5.553109884262085,67
K74Q:K130A:K135R,-5.560528993606567,240
E65Q:K74Q:K130A:K135R,-5.565603494644165,230
K74Q:K130E:K135R,-5.557454586029053,300
E65Q:K74Q:K130A:K135R,-5.565603494644165,170
K74Q:K130E:V132R:K135R,-5.5625059604644775,170
E65Q:K74Q:T90A:K130A:K135R,-5.60042667388916,170
E65Q:K74Q:N95A:K130A:K135R,-5.5771706104278564,220
E65Q:K74Q:E118A:K130A:K135R,-5.574380874633789,180
E65Q:K74Q:N95A:E118A:K130A:K135R,-5.5855491161346436,190
N95A:K130A:K135R,-5.553354263305664,410
K35A:E65Q:K74Q:K130A:K135R,-5.574777126312256,110
K35A:H43R:E65Q:K74Q:K130A:K135R,-5.558289289474487,14
E65Q:K74Q:S103A:K130A:K135R,-5.5821452140808105,60
G31A:K35A:E65Q:K74Q:K130A:K135R,-5.594874143600464,110
T56A:E65Q:K74Q:K130T:K135R,-5.589115381240845,180
K57A:E58A:E61A:K74Q:K130T:K135R,-5.617366790771484,120
E65Q:K74Q:K109A:K130T:K135R,-5.587528705596924,210
E65Q:K74Q:E108A:K130T:K135R,-5.585294485092163,120
E65Q:K74Q:E108A:K109A:K130T:K135R,-5.603341579437256,180
E65Q:K74Q:K121A:K130T:K135R,-5.573634624481201,150
E19A:E65Q:K74Q:K130T:K135R,-5.589174747467041,3
E65Q:K74Q:D115A:K130T:K135R,-5.5638463497161865,57
G36R:E65A:K74Q:K130E:V132R:K135R,-5.641682386398315,60
E80A:D82A:K130T:K135R,-5.572599649429321,250
K74R:E80A:D82A:K130T:K135R,-5.587019681930542,220
K74Q:E80A:D82A:K130T:K135R,-5.591841459274292,110
K35A:K74R:E80A:D82A:K130T:K135R,-5.596754789352417,160
E65D:K74R:E80A:D82A:K130T:K135R,-5.582348346710205,140
E65S:K74R:E80A:D82A:K130T:K135R,-5.59273886680603,110
E65T:K74R:E80A:D82A:K130T:K135R,-5.601660966873169,94
S34G:G36R:K74R:K130T:K135R,-5.61632776260376,250
E65A:K74R:E80A:D82A:K130T:K135R,-5.604632616043091,140
E65N:K74R:E80A:D82A:K130T:K135R,-5.583220481872559,120
E65Q:K74R:E80A:D82A:K130T:K135R,-5.601179838180542,140
K57A:E58A:E61A:E80A:D82A:K130T:K135R,-5.620018005371094,110
E65A:A72S:K74R:E80A:D82A:K130T:K135R,-5.601747751235962,62
E65D:K74Q:E80A:D82A:K130T:K135R,-5.58504056930542,110
E65Q:K74Q:E80A:D82A:K130T:K135R,-5.592572212219238,120
K35A:E65D:K74Q:E80A:D82A:K130T:K135R,-5.599019527435303,140
K74R:E80A:D82A:S103A:K130T:K135R,-5.604572296142578,160
K35A:E65D:K74R:E80A:D82A:E108A:K109A:K130T:K135R,-5.629477500915527,89
K35A:E65D:K74R:E80A:D82A:E108A:K130T:K135R,-5.619379043579102,91
E65D:K74R:E80A:D82A:E108A:K130T:K135R,-5.605161666870117,90
K35A:E65D:K74R:E80A:D82A:K109A:K130T:K135R,-5.613954305648804,84
E65D:K74R:E80A:D82A:K109A:K130T:K135R,-5.601581335067749,130
K35A:E65D:K74R:E80A:D82A:K130T:K135R:K136A,-5.631438970565796,81
E65D:K74R:E80A:D82A:K130T:K135R:K136A,-5.6195948123931885,100
E65D:K74Q:D82A:S84A:K130T:K135R,-5.574691295623779,170
K35A:E65D:K74R:E80A:D82A:K86A:K130T:K135T,-5.62401556968689,86
K35A:K74Q:E80A:D82A:K130T:K135R,-5.602653503417969,120
K35A:E65D:K74R:E80A:D82A:K130T:K135R,-5.595639228820801,190
K35A:E65D:K74R:E80A:D82A:V132R:K135R,-5.617465972900391,55
K35A:E65D:K74R:E80A:D82A:T129A:K135R,-5.5946364402771,61
K35A:E65D:K74R:E80A:D82A:T129A:K135A,-5.5884950160980225,21
K102C,-5.581483364105225,143
E65D:K74H:E80A:D82A:K130T:K135R,-5.599712371826172,140
E65Q:K74Q:D82A:S84A:K130T:K135R,-5.584879398345947,170
E65Q:K74Q:T90A:E99D:T101S:K130A:K135R,-5.638160943984985,410
E65Q:K74Q:D82A:S84A:E108A:K109A:K130T:K135R,-5.626089572906494,110
S1S,-5.508866786956787,130
